trade_date,pct_chg,n_stocks,index
20220104,0.2048184175817121,2461,1002.0481841758171
20220105,-0.8572797584179913,2461,993.4578279232827
20220106,-0.26644745622216165,2463,990.8107848121413
20220107,-0.11581822518687923,2465,989.6632453462116
20220110,0.5152719665651132,2466,994.7627026128791
20220111,-0.7505782294789123,2468,987.2962303320908
20220112,0.79551326100577,2470,995.1503027697927
20220113,-1.1827337616716425,2469,983.3803241595568
20220114,-0.7515329969650165,2469,975.9898965378361
20220117,0.9308554402889642,2469,985.0749515864292
20220118,0.6528734618241996,2472,991.5062445244147
20220119,-0.364767044063355,2471,987.8895565045594
20220120,0.08071617577009599,2473,988.6869431754021
20220121,-1.0028587664301736,2474,978.7718094932172
20220124,0.08964167629812117,2475,979.6491969503804
20220125,-2.709063260103921,2474,953.1098804778945
20220126,0.9441513093392546,2474,962.1086798938684
20220127,-1.9182674534755009,2477,943.6528622204015
20220128,-0.7198746383555483,2479,936.8597445911607
20220207,1.8505476045224123,2480,954.1967801524272
20220208,0.7066619528095492,2480,960.9397257526982
20220209,1.2875041354156969,2481,973.3118644606164
20220210,-0.014266129707869531,2481,973.1730105275705
20220211,-0.6807082937759205,2481,966.5485411321204
20220214,-0.9121498675079021,2482,957.7321698947842
20220215,0.5331764392085985,2482,962.8385721753845
20220216,0.6132862264012501,2483,968.7435285210146
20220217,0.026065927818406984,2483,968.9960405099042
20220218,0.7071143343240938,2486,975.8479504113825
20220221,0.1878555345163779,2487,977.6811347946949
20220222,-1.065865522519234,2487,967.2603686587435
20220223,0.9443547190095066,2487,976.3947375952811
20220224,-1.947763923941319,2487,957.3768731411387
20220225,0.6324092444844798,2487,963.4314129914399
20220228,0.265071744401603,2489,965.9851974439692
20220301,0.7750082952104727,2489,973.4716628546653
20220302,-0.23141412486032223,2488,971.218911925307
20220303,-0.05817815572398952,2489,970.6538746743062
20220304,-1.0758851524843567,2489,960.2107537546713
20220307,-2.2061608353533346,2491,939.0269601684846
20220308,-2.2996179822212985,2491,917.432927334544
20220309,-0.9720739902834898,2491,908.5148004696285
20220310,1.2917464598297321,2492,920.2505082417241
20220311,0.5575942607939413,2495,925.3817722606069
20220314,-2.59067393927383,2498,901.4081478478611
20220315,-4.774215840146769,2501,858.372977268935
20220316,3.420429587255807,2501,887.7330205524502
20220317,1.6928227613406943,2503,902.7607671842992
20220318,1.1386890530708085,2506,913.040405215645
20220321,0.18184038885272294,2507,914.7006814388715
20220322,0.40245679444897936,2512,918.3819564801933
20220323,0.4039783423877559,2514,922.0920206847701
20220324,-0.4828834141855527,2513,917.6393912533549
20220325,-1.0883549602587412,2511,907.6522174213609
20220328,0.030569128213876907,2514,907.9296787914406
20220329,-0.29640659367568895,2515,905.2385153575643
20220330,2.126199630359721,2515,924.4856933249705
20220331,-0.3169191885914784,2514,921.5558207670407
20220401,0.9722744291962858,2515,930.5158723631287
20220406,0.24596730464095237,2514,932.8046371736365
20220407,-1.4317910971268122,2515,919.4488234249983
20220408,0.42049066643617355,2516,923.3150199101576
20220411,-2.548708390785087,2516,899.7824125243285
20220412,1.5767386551952323,2518,913.9696296352478
20220413,-0.8227621133763854,2521,906.4498337948424
20220414,1.0811046621103881,2522,916.2495052076902
20220415,-0.6082973360420687,2518,910.6759838760131
20220418,-0.3538061861319824,2516,907.4539559094416
20220419,0.0705765797172786,2520,908.0944058740315
20220420,-1.3702294549201413,2521,895.6514288462635
20220421,-2.101943167538887,2521,876.8253448326651
20220422,0.4620905398868453,2520,880.877071802467
20220425,-5.03834369432868,2522,836.4954574005202
20220426,-1.2889220849731404,2523,825.7136827102878
20220427,2.630736463373671,2521,847.4360336444128
20220428,0.5305944882706112,2522,851.9324825305492
20220429,2.628845447519905,2526,874.328470813497
20220505,0.556859932932901,2518,879.1972557496823
20220506,-1.9527915769841233,2528,862.028365794327
20220509,0.05188413379144537,2528,862.4756217449559
20220510,0.9980479315976091,2531,871.0835418483151
20220511,0.8318549778033391,2530,878.329693652006
20220512,-0.029162534944195687,2527,878.0735504481695
20220513,0.9920061293091127,2528,886.7840938884576
20220516,-0.2784363966330376,2528,884.3149642115195
20220517,0.7050047617431842,2530,890.5494268180183
20220518,-0.1388859277401194,2532,889.3125789845978
20220519,0.2712329354033437,2528,891.7246875974889
20220520,1.7087227951760326,2537,906.9617906046795
20220523,0.12381977174526416,2537,908.0847886236231
20220524,-2.3894984568838726,2539,886.3861166122645
20220525,1.2239037977554814,2537,897.2346299562593
20220526,0.5833219971286117,2540,902.4683969186495
20220527,0.24189226578580164,2540,904.6513981719569
20220530,0.65583946654676,2543,910.5844590758358
20220531,1.2348122893224025,2545,921.8284678811641
20220601,0.07503603490391124,2544,922.5201714120776
20220602,0.3393369055225182,2542,925.6506228145685
20220606,1.4402085980051762,2548,938.9819226718323
20220607,0.2476303904126456,2548,941.3071272728487
20220608,0.8887608831553102,2553,949.6730968104027
20220609,-0.8622571280124263,2552,941.4844728403386
20220610,1.5602735681124464,2555,956.1742062179492
20220613,-0.6836175847999022,2553,949.6376312029223
20220614,0.9465729927997377,2554,958.6266445493525
20220615,0.8155271811376081,2554,966.4445054012797
20220616,-0.4989613241069977,2554,961.6223211003702
20220617,0.9282885487561778,2554,970.5489509894281
20220620,0.43243404187402823,2557,974.7459350465577
20220621,0.0500587877130406,2558,975.2338810449243
20220622,-1.1451664946977376,2558,964.0658293942574
20220623,1.7529959724116178,2560,980.9658645549354
20220624,0.8285225586682758,2561,989.0933880356083
20220627,0.9319133352273399,2563,998.310881216564
20220628,1.0052845841859999,2563,1008.3467466076856
20220629,-1.2527563630008125,2564,995.7146185784461
20220630,1.145932246752974,2566,1007.1248334783697
20220701,-0.14482401032368447,2569,1005.6662749055607
20220704,0.677779508115881,2567,1012.4824748369028
20220705,-0.1092832439538132,2571,1011.3760011439372
20220706,-1.2755116947856415,2574,998.475781971091
20220707,0.6149489446359022,2574,1004.6158982547672
20220708,-0.08679773856896703,2578,1003.7439143737779
20220711,-1.108822709909002,2578,992.6141739018719
20220712,-0.6998612571795394,2577,985.66725186546
20220713,0.2628011893682981,2579,988.2575971265762
20220714,0.02347739443571049,2580,988.4896142606945
20220715,-1.2022844662940748,2580,976.6051571775079
20220718,1.6097630800655156,2580,992.3261864357671
20220719,0.11993420048813679,2580,993.5163249137033
20220720,0.6824733936530181,2580,1000.2968094928386
20220721,-0.9144676121887648,2580,991.149419144269
20220722,0.007737970969051838,2580,991.2261139985823
20220725,-0.519631652266957,2579,986.0753893647098
20220726,0.8409456158250089,2583,994.3677471203018
20220727,-0.05516302868197787,2586,993.8192237547535
20220728,0.24001038315944853,2586,996.2044930815994
20220729,-0.8810271562895967,2625,987.4276609653734
20220801,0.47637459532359916,2625,992.1315154894105
20220802,-2.2853379430681087,2626,969.4579575207944
20220803,-0.7784463078576955,2626,961.9112478442411
20220804,0.9578117208324238,2627,971.1245465200986
20220805,1.2460331022611746,2627,983.2250798339227
20220808,0.28650530317778117,2627,986.0420718298209
20220809,0.23876320121705222,2627,988.3963774458687
20220810,-0.6042211994717384,2625,982.42427699853
20220811,1.682210521478917,2625,998.9507215517624
20220812,0.18103585076956555,2627,1000.7591804892924
20220815,0.04022037408268595,2626,1001.1616895753519
20220816,0.18902809352217925,2627,1003.0541664302306
20220817,0.7672102585109538,2627,1010.749700893505
20220818,-0.4215704098027482,2627,1006.4886792373682
20220819,-0.44641214344722296,2627,1001.9955915508309
20220822,0.8406737639403132,2625,1010.4191056048372
20220823,-0.1038142870321709,2626,1009.3701462143167
20220824,-1.8884771561883724,2625,990.3084215816742
20220825,0.8922662735426388,2629,999.1446096315
20220826,-0.1918566600353583,2632,997.2276841545377
20220829,-0.0018411147411445505,2636,997.209324048642
20220830,-0.25756164360012757,2636,994.6408953234885
20220831,-0.7358890741286658,2641,987.3214416479874
20220901,-0.497692802822892,2641,982.4076138921781
20220902,0.12724717264349303,2644,983.6576998046903
20220905,0.2590263410875098,2645,986.2056323533201
20220906,1.0793283802185862,2644,996.8500296306236
20220907,0.1652224597247503,2644,998.4970497693461
20220908,-0.33764684903188513,2647,995.1256559431235
20220909,0.914602554556577,2652,1004.2271006134272
20220913,0.3181314842736803,2652,1007.4218631940872
20220914,-0.8593959006460353,2653,998.7641209995853
20220915,-1.0968973085668214,2652,987.8087042374098
20220916,-2.2225665865273934,2651,965.8539980382199
20220919,-0.24744385344372785,2653,963.4640516868337
20220920,0.38332873567623715,2655,967.1572862548599
20220921,-0.10208298047918657,2657,966.1699832711292
20220922,-0.3588034710798801,2657,962.7033318346205
20220923,-0.4847894850709562,2658,958.0362473094585
20220926,-1.0852786184006937,2660,947.6388847608805
20220927,1.563048050527686,2663,962.4509358751778
20220928,-1.552958528349279,2665,947.5044719853269
20220929,-0.13983303156425245,2668,946.1795477579428
20220930,-0.49146119370290864,2669,941.5294424579589
20221010,-1.418412699520678,2670,928.174669276409
20221011,0.273904217346791,2670,930.7169788399017
20221012,1.7263808341563696,2672,946.784698382833
20221013,-0.22668573993038266,2673,944.6384724837561
20221014,1.9278241904689166,2674,962.849441468774
20221017,0.45397061992172566,2672,967.2204950471225
20221018,0.03165370427681316,2672,967.5266561623296
20221019,-1.0801728183262984,2673,957.0756962124027
20221020,-0.3316286058049986,2675,953.901759424555
20221021,0.03351041012124653,2675,954.221415816292
20221024,-1.958918998321817,2676,935.5289912158114
20221025,-0.1780881603656054,2676,933.8629248456681
20221026,0.9130761710267407,2676,942.3898046824872
20221027,-0.4842182628401857,2676,937.8265811410706
20221028,-2.3798598787035345,2678,915.5076226046772
20221031,-0.3589759380931096,2679,912.2211705281181
20221101,2.7146065504701666,2678,936.9843861780502
20221102,1.096844188662988,2677,947.2616449665236
20221103,-0.3158651354844242,2677,944.269575688258
20221104,2.594674132291143,2678,968.7702941077366
20221107,0.28876027340675164,2679,971.5677178576854
20221108,-0.35758724836467093,2678,968.0935155893987
20221109,-0.4854189579795885,2676,963.3942061337567
20221110,-0.3939135083819679,2678,959.5992662168265
20221111,1.7929299211267655,2680,976.804208583741
20221114,0.07410721058956789,2680,977.5280909356437
20221115,1.6512945412864928,2680,993.6699589408062
20221116,-0.5105605436175752,2684,988.5966721966734
20221117,-0.06924583543538297,2683,987.9121101719244
20221118,-0.3806868432458634,2683,984.1512587456673
20221121,-0.3311209560460935,2685,980.892527688769
20221122,0.15853191922984733,2686,982.4475554384962
20221123,0.09100027098436078,2687,983.3415853762245
20221124,-0.19123027725591432,2688,981.4611385361368
20221125,0.5259480831424362,2688,986.6231145810556
20221128,-0.6981125945484832,2690,979.7353743574388
20221129,2.4445446869937046,2691,1003.6854433978915
20221130,0.22631800974477562,2692,1005.9569643174875
20221201,0.5723189568003906,2692,1011.7142467215301
20221202,-0.32944122840593715,2693,1008.3812428791728
20221205,1.9329411779813517,2693,1027.8726591538243
20221206,0.19134137275459126,2694,1029.8394048100183
20221207,-0.3626894598199304,2694,1026.1042858357
20221208,-0.15636320838035356,2697,1024.4998362530391
20221209,0.5182213464743656,2695,1029.8090130990972
20221212,-0.8368170523177154,2699,1021.1913956711793
20221213,-0.029242909677031748,2699,1020.8927695937135
20221214,0.06695306166337904,2699,1021.5762885592566
20221215,-0.10556040739773001,2701,1020.4979084671749
20221216,-0.024762158520456812,2704,1020.2452111573823
20221219,-1.8473083933522385,2700,1001.3981357388977
20221220,-1.1528355603033456,2701,989.8536619298849
20221221,-0.0957580299783154,2700,988.9057975635527
20221222,-0.21675899452041947,2704,986.7622552999999
20221223,-0.16997178110023545,2707,985.0850379194416
20221226,0.7257659481876639,2707,992.2344496853525
20221227,1.0915428053854477,2709,1003.0651134334487
20221228,-0.34369184972152256,2708,999.617660391178
20221229,-0.49846665501879067,2711,994.6348996764489
20221230,0.5262841115258091,2713,999.8695051211366
20230103,1.0697061571144504,2713,1010.5651707805272
20230104,0.36024951587251147,2715,1014.2057269158402
20230105,1.2125620995156823,2715,1026.5036011715392
20230106,0.036003526655443575,2716,1026.873178669206
20230109,0.5854856398378049,2715,1032.88537366966
20230110,-0.04244688115799931,2717,1032.4469460426003
20230111,-0.11518144023667544,2717,1031.2577587804687
20230112,0.1283027398187828,2715,1032.5808907395779
20230113,1.089719628095778,2716,1043.8331273819335
20230116,0.9958344796226435,2716,1054.227977574126
20230117,-0.14911720841048662,2716,1052.655942243685
20230118,0.09632163054924968,2716,1053.6698776113278
20230119,0.5053234263621814,2716,1058.9943183394196
20230120,0.726035443450211,2716,1066.6829924346875
20230130,0.46457896956408157,2716,1071.638577289456
20230131,-0.4920374326686285,2714,1066.3657143462744
20230201,1.117897271326289,2717,1078.2865875693105
20230202,-0.01993219696774113,2718,1078.0716613627997
20230203,-0.500954853247439,2718,1072.6710090537174
20230206,-0.7146054368305088,2718,1065.005643703715
20230207,0.28383906925164004,2718,1068.0285458102812
20230208,-0.47697152857156006,2716,1062.9343537297493
20230209,1.2693533150701761,2716,1076.4267461858374
20230210,-0.31450870935007214,2716,1073.0412903193094
20230213,0.8693910077538759,2716,1082.3702148068314
20230214,0.16854798745325383,2716,1084.1945280206817
20230215,-0.22753424461046098,2716,1081.727614191242
20230216,-0.9836681165772767,2718,1071.0870045422307
20230217,-0.8830181419177068,2719,1061.6291119763998
20230220,2.129235365944868,2721,1084.2336944837677
20230221,0.28488448236896813,2721,1087.3225080319678
20230222,-0.4588613272484089,2722,1082.3332055401415
20230223,-0.1329619190883865,2721,1080.8941145391248
20230224,-0.6161838911169155,2720,1074.2338191253039
20230227,-0.33184874397435105,2721,1070.6689876891887
20230228,0.729776622469238,2723,1078.4824796653727
20230301,1.2345664567283865,2724,1091.797062601014
20230302,-0.05999578432081371,2725,1091.142030390115
20230303,0.5787288049782473,2726,1097.456783623207
20230306,-0.13709961673586532,2727,1095.9521745790178
20230307,-1.2593706107841252,2728,1082.15007498412
20230308,0.024812901726466885,2728,1082.4185878187586
20230309,-0.08311162719074335,2729,1081.5189721174074
20230310,-1.3547154099849807,2731,1066.8674679402218
20230313,1.3459902700798827,2735,1081.2274002533447
20230314,-0.6992740616606992,2735,1073.6666574958049
20230315,0.6597170988135942,2736,1080.749820019565
20230316,-0.8813079098652427,2736,1071.2250863698782
20230317,0.8548465466278087,2736,1080.382417027322
20230320,-0.5577878113369061,2735,1074.3561755893165
20230321,0.7755293836476771,2738,1082.688123416045
20230322,0.5970978916358153,2737,1089.1528313739539
20230323,0.8336137230014213,2739,1098.2321588407456
20230324,-0.44698091982043087,2739,1093.3232706353954
20230327,-0.3572734471394326,2740,1089.417116898019
20230328,-0.15477096597756407,2740,1087.731015502671
20230329,0.02305513909242883,2743,1087.9817934012465
20230330,0.5290720539925989,2743,1093.73800102266
20230331,0.6434403851795905,2741,1100.7755530292957
20230403,0.9334652619176749,2741,1111.0509104285063
20230404,0.6080955960390488,2742,1117.8071620845737
20230406,-0.05769756841262009,2741,1117.1622145325089
20230407,0.5490084399862846,2740,1123.29552937863
20230410,-0.15833718356182755,2749,1121.516934874336
20230411,-0.009477636504018483,2749,1121.4106415759175
20230412,0.6378066183001133,2749,1128.5630728662104
20230413,-0.44340143067887317,2749,1123.5590080550082
20230414,0.6090852076167697,2748,1130.402439771917
20230417,1.366882763783628,2748,1145.853715882549
20230418,0.40537153702299156,2750,1150.4986807026573
20230419,-0.5319638970940782,2750,1144.3784430847757
20230420,0.131816979690927,2750,1145.8869281846842
20230421,-1.9125294016333525,2749,1123.971503773679
20230424,-0.5277036213278876,2749,1118.0402654455718
20230425,-0.22988912729477198,2749,1115.4700124365347
20230426,-0.1485468691867295,2746,1113.8130166563433
20230427,0.7278373549690847,2745,1121.9197638560763
20230428,1.4364808884986435,2746,1138.035926848158
20230504,1.0837578915902601,2736,1150.369481014507
20230505,-0.3370408788431499,2748,1146.4922656057524
20230508,1.9697346343064766,2748,1169.0751208410338
20230509,-1.1056758294228597,2747,1156.1489398020985
20230510,-0.9622667054973898,2746,1145.023703488422
20230511,-0.24627068411326117,2748,1142.2038457805818
20230512,-1.1069688793184156,2749,1129.5600046694128
20230515,1.268914176699183,2749,1143.8931517029869
20230516,-0.6961912274902848,2751,1135.9294679289687
20230517,-0.17872544238664204,2751,1133.8992729622123
20230518,0.5956381897807683,2752,1140.6532100656218
20230519,-0.28911316209173166,2752,1137.3554315014999
20230522,0.4345646698304454,2751,1142.2979763772032
20230523,-1.5419871243458467,2752,1124.6838886598036
20230524,-1.3026510914468956,2753,1110.0331817088493
20230525,-0.08115869592309628,2753,1109.1322932542607
20230526,0.5860023883027834,2752,1115.631834982168
20230529,0.3159450238531575,2750,1119.1566182493157
20230530,0.36233836957519133,2751,1123.211752092873
20230531,-0.5455479935005046,2751,1117.0840929165684
20230601,0.3138130941912636,2750,1120.5896490732682
20230602,0.8971273704704432,2750,1130.6427655257635
20230605,0.1729844900996025,2751,1132.5986021485562
20230606,-1.0568534707797717,2750,1120.6286945117458
20230607,0.11047496921110138,2750,1121.8667087169786
20230608,0.5420419321568164,2749,1127.947696701132
20230609,0.6646172919979886,2750,1135.4442321381007
20230612,0.01789369526817599,2750,1135.6474050689394
20230613,0.36546974961448686,2749,1139.7978527967482
20230614,-0.02700784637331044,2748,1139.4900179436986
20230615,0.8367171789053003,2750,1149.0243266757448
20230616,0.6556373530666443,2748,1156.5577593572534
20230619,-0.41480435666182564,2748,1151.7603073841292
20230620,-0.3827110708257715,2748,1147.3523931783932
20230621,-1.2242240597453642,2750,1133.306229131039
20230626,-1.5466589959403552,2751,1115.7778463866312
20230627,1.3328102952448193,2750,1130.649048395333
20230628,-0.056047980080592114,2751,1130.015342441907
20230629,-0.024055061477056175,2751,1129.7435165565826
20230630,0.7525616723051091,2751,1138.2455332575394
20230703,1.215748771018294,2751,1152.0837393392885
20230704,0.14628981731023094,2750,1153.7691205368287
20230705,-0.6457078784236145,2752,1146.3191424267036
20230706,-0.4554674749549036,2752,1141.098031573768
20230707,-0.3411767744255571,2753,1137.2048701166111
20230710,0.17887721669241427,2752,1139.2390705363662
20230711,0.7040518920712755,2752,1147.259904767693
20230712,-0.79723938737868,2753,1138.1134969312816
20230713,1.6133383600449236,2754,1156.4751185581226
20230714,0.24515074273920534,2755,1159.310225900862
20230717,-0.5491071568528507,2755,1152.9443704803132
20230718,-0.27804672704407063,2755,1149.7386463935538
20230719,0.026944111241844156,2755,1150.0484332534286
20230720,-0.8454502913093886,2755,1140.3253454242886
20230721,-0.050580722246071255,2754,1139.748560628618
20230724,-0.1379219601013004,2754,1138.1765970735726
20230725,2.280402815415404,2754,1164.1316082376377
20230726,-0.4004380987117675,2754,1159.4699817591081
20230727,-0.09531653301618706,2754,1158.3648151711318
20230728,1.891772709774205,2754,1180.2784446241658
20230731,0.5355808330675103,2754,1186.5997897504
20230801,-0.14547950891159744,2753,1184.8735302035252
20230802,-0.8159396542431931,2753,1175.2056772179633
20230803,0.5768924902069389,2754,1181.9853505143194
20230804,0.4829478102177666,2754,1187.693722881723
20230807,-0.5861183441332468,2754,1180.7324320997943
20230808,-0.24566903099004786,2754,1177.8317381752695
20230809,-0.43083236619446313,2754,1172.7572578278996
20230810,0.21870656269019256,2755,1175.3221549151947
20230811,-1.9257085293399847,2755,1152.6888759307703
20230814,-0.23464117860092934,2755,1149.9841931666845
20230815,0.018537712196999998,2755,1150.1973739267248
20230816,-0.8221974252029038,2755,1140.7404807335477
20230817,0.43792404139742364,2754,1145.7360575486323
20230818,-1.0916128347724074,2755,1133.229055691816
20230821,-1.0439310958885424,2754,1121.3989251918051
20230822,1.059456345629707,2754,1133.2796572645732
20230823,-1.3072436370486151,2754,1118.4649310550158
20230824,0.18581869798294975,2754,1120.5432480272982
20230825,-0.5583713977409217,2754,1114.2864550309966
20230828,1.2143463568971755,2754,1127.817752003064
20230829,1.3165117113912699,2753,1142.665604791334
20230830,0.08036193380915851,2753,1143.5838729683164
20230831,-0.3622619822559293,2753,1139.4411033613424
20230901,0.48082136072967374,2753,1144.9197795792375
20230904,1.5088764141387638,2754,1162.1952040941183
20230905,-0.7419057302160958,2754,1153.5728112786471
20230906,0.05984670540165565,2754,1154.2631866006066
20230907,-1.1236452129530274,2754,1141.2933635594898
20230908,-0.1601166707204348,2754,1139.465962622605
20230911,0.8200705133397342,2753,1148.810386991616
20230912,-0.1272936363001596,2754,1147.3480244758202
20230913,-0.4981117953233064,2754,1141.6329486324971
20230914,0.08979111188100328,2754,1142.6580335506742
20230915,-0.3255087373843003,2753,1138.9385818130431
20230918,0.2909623855293979,2754,1142.2524646804009
20230919,-0.06614209895290547,2754,1141.49695492492
20230920,-0.3254535727723801,2754,1137.7819123020288
20230921,-0.7188818055002537,2755,1129.6026051482168
20230922,1.6253876959866909,2755,1147.9630269058407
20230925,-0.45759306106204395,2754,1142.7100277511618
20230926,-0.4517620879828733,2754,1137.5476970702034
20230927,0.013997745617523764,2754,1137.7069281031174
20230928,0.16727701925865188,2751,1139.6100503403475
20231009,-0.13312411706018415,2751,1138.0929545229028
20231010,-0.6390992112939944,2752,1130.8194114267544
20231011,0.2575939705189742,2752,1133.732334048048
20231012,0.9987513781686554,2752,1145.0555013590963
20231013,-0.44629297386342526,2752,1139.9451991096942
20231016,-0.5043995679447527,2753,1134.1953204505776
20231017,0.379227802904476,2753,1138.4965044449677
20231018,-0.7716145785887567,2753,1129.7116994399469
20231019,-1.8094071104353127,2754,1109.270615622861
20231020,-0.8442537429510251,2755,1099.905556931009
20231023,-1.2664985191633267,2755,1085.9752693402827
20231024,0.5508680275146539,2754,1091.9575598857944
20231025,0.4533730586910489,2754,1096.9082012746567
20231026,0.6164596571848855,2754,1103.6701978118672
20231027,1.0369142623432062,2754,1115.11431150221
20231030,0.24666008817582347,2753,1117.8648534462225
20231031,-0.10130251792731307,2755,1116.732428202657
20231101,0.2179787927329347,2755,1119.1666680677101
20231102,-0.4003226705910387,2754,1114.6863901737368
20231103,0.6772686629449829,2755,1122.235811784496
20231106,0.9720487853007207,2750,1133.1444913611567
20231107,0.01942333315860919,2752,1133.3645857908823
20231108,-0.07273689774290085,2753,1132.5402115510615
20231109,0.015475540220821813,2752,1132.715478267017
20231110,-0.4473016913404794,2752,1127.6488227746534
20231113,0.25190938538533275,2753,1130.4894759934098
20231114,0.27367564576157133,2753,1133.5833503671015
20231115,0.6007389207798016,2753,1140.3932267522366
20231116,-0.6444948573395783,2751,1133.0434510523694
20231117,0.08201473734465672,2752,1133.972713662751
20231120,0.46834305409968796,2759,1139.283596102576
20231121,-0.041489827253936316,2760,1138.8109093066205
20231122,-0.7568597376391542,2760,1130.1917080462363
20231123,0.6131466348143066,2761,1137.1214404710722
20231124,-0.6044026176332726,2761,1130.248648719196
20231127,-0.41079518625516165,2761,1125.6056416775432
20231128,0.2815638482386637,2761,1128.774940238242
20231129,-0.6271761429917163,2761,1121.6955331049987
20231130,0.2748166870792626,2761,1124.778139608194
20231201,0.18610728458313605,2761,1126.8714336614034
20231204,-0.24938399518985932,2760,1124.0611966594854
20231205,-1.640769995028844,2761,1105.6179378189343
20231206,-0.009565783664642996,2761,1105.512176798845
20231207,-0.021584726069530734,2760,1105.2735550238178
20231208,0.11369167641422069,2762,1106.5301590574875
20231211,0.7823471832927084,2762,1115.187066589158
20231212,0.4499155593918287,2763,1120.2044667180678
20231213,-1.092819111607463,2764,1107.9626582166923
20231214,-0.39691200693954015,2764,1103.5650213938236
20231215,-0.5156914760994555,2764,1097.8740306452803
20231218,-0.388115148645642,2762,1093.6130152192995
20231219,0.09647674577232938,2761,1094.6680974677258
20231220,-0.9266954009726368,2763,1084.5238585525778
20231221,0.543652000024843,2764,1090.4198942003457
20231222,-0.18664835135901087,2764,1088.3846434449301
20231225,0.19578081031583783,2763,1090.5154917192197
20231226,-0.621863984300308,2763,1083.7339686330026
20231227,0.6326499950196041,2763,1090.5902115315848
20231228,1.4386323417116829,2762,1106.2797950302202
20231229,0.7826807451623221,2762,1114.938433973543
20240102,-0.44470235910933364,2762,1109.9802764550457
20240103,0.04135093317601437,2762,1110.4392636574296
20240104,-0.3784661874083875,2762,1106.2366265127796
20240105,-0.7950513264651331,2763,1097.4414775398466
20240108,-1.3335765498033854,2763,1082.8062553475595
20240109,0.21003627562976648,2764,1085.0805412785776
20240110,-0.7057986011495834,2765,1077.422057996887
20240111,0.4715533964679289,2764,1082.502678305666
20240112,-0.2153372725853603,2763,1080.171646562539
20240115,0.15845473892287654,2763,1081.8832297250187
20240116,0.29142740895610686,2764,1085.036133989337
20240117,-2.0413571201465084,2764,1062.8866716119833
20240118,0.5019828929107812,2766,1068.2221808745046
20240119,-0.4562203023790532,2767,1063.3487344108387
20240122,-2.6015081130281352,2767,1035.6856308153588
20240123,0.5909555423582876,2767,1041.8060724520706
20240124,1.8228545258555915,2768,1060.7966815944017
20240125,2.8389699588453827,2769,1090.9123807092956
20240126,0.23433565458658637,2768,1093.4687773775968
20240129,-0.7865814959747619,2769,1084.8677543104832
20240130,-1.8717681156452373,2769,1064.561545588383
20240131,-1.2242114056838034,2769,1051.5290617267663
20240201,-0.5991713175194787,2769,1045.228601193518
20240202,-1.2969006462463284,2768,1031.6730247098878
20240205,-0.685879734095603,2768,1024.5969885112715
20240206,3.2852507744845396,2770,1058.2575690116832
20240207,1.144074878887738,2770,1070.364828012674
20240208,1.3439536910087342,2770,1084.7500356260095
20240219,1.8694697270238345,2770,1105.0291091559181
20240220,0.5286660585256238,2770,1110.8710229928536
20240221,1.015554767972077,2770,1122.1525266328779
20240222,1.1928403523959723,2770,1135.5380147859858
20240223,0.5240934552617076,2769,1141.4892952034877
20240226,-0.862600529259746,2768,1131.642802501619
20240227,1.3907079345412705,2769,1147.3806487466743
20240228,-1.938627707529008,2768,1125.137209579245
20240229,2.018779521349466,2768,1147.8512491533138
20240301,0.5741028325068693,2768,1154.4410956876684
20240304,0.3633646313243331,2768,1158.6359263188706
20240305,0.4377827052453257,2768,1163.7082340210536
20240306,-0.2676364313964463,2769,1160.5937268316532
20240307,-0.41442408483969145,2769,1155.7839469005241
20240308,0.6835563980121525,2770,1163.6843820167599
20240311,0.9416746475192755,2770,1174.6425028193532
20240312,-0.278178116820314,2770,1171.3749044256394
20240313,-0.39593697971897013,2770,1166.7369980078706
20240314,-0.193610764511094,2770,1164.4780695861937
20240315,0.5074615529218754,2770,1170.3873480815503
20240318,1.046975901402165,2769,1182.6410215690241
20240319,-0.560725072543171,2770,1176.009656842906
20240320,0.5870453268069903,2770,1182.9133665762013
20240321,-0.006117515677643151,2770,1182.8410016655482
20240322,-0.7407678191492884,2770,1174.0788961735068
20240325,-0.8116749322448497,2770,1164.5491920884892
20240326,0.3267477721593074,2769,1168.3543306293375
20240327,-1.3140833208568836,2769,1153.0011812420285
20240328,0.6744571757183987,2769,1160.7776804450332
20240329,0.9158709474062874,2768,1171.4089059842056
20240401,1.4195215807350827,2769,1188.0373082033043
20240402,-0.13877069034000483,2769,1186.3886606292135
20240403,-0.21892084673094167,2768,1183.7914085278442
20240408,-0.7044685747151068,2769,1175.4519700645883
20240409,0.047416354884677346,2770,1176.0093265422129
20240410,-0.7772650615588952,2770,1166.8686169263262
20240411,0.13908051412438865,2770,1168.4915037979035
20240412,-0.5848655227926428,2770,1161.6573998554284
20240415,1.4587603519245689,2769,1178.603197429717
20240416,-1.5585416658364133,2769,1160.234175522895
20240417,2.2741151849409875,2768,1186.619237089336
20240418,0.07918052176541725,2768,1187.5588083926318
20240419,-0.2523666381041226,2768,1184.561806152382
20240422,-0.6162116849249658,2768,1177.2623978877127
20240423,-0.507855537521054,2766,1171.283605608887
20240424,0.7263629632408939,2767,1179.7913759145424
20240425,0.32273823667460094,2766,1183.599013797608
20240426,1.1044661179191344,2761,1196.6714638770277
20240429,0.956921524001389,2760,1208.1226706864497
20240430,-0.2547200363379151,2751,1205.0453401806703
20240506,1.244798796440408,2769,1220.0457300718008
20240507,0.22770820637220585,2768,1222.823874320668
20240508,-0.6476199995874125,2766,1214.9046223508378
20240509,0.7864131514321927,2768,1224.4587920783624
20240510,-0.025870269979345915,2768,1224.142021283066
20240513,-0.2655645912815419,2765,1220.89113352754
20240514,-0.06504750284833982,2768,1220.0969743326837
20240515,-0.6290788427091891,2769,1212.4216024066218
20240516,0.3155181719769223,2770,1216.2470128831885
20240517,0.9491039498855698,2770,1227.7904613228282
20240520,0.5101810220937458,2769,1234.0544152475745
20240521,-0.3113964251916666,2770,1230.2116139135737
20240522,0.04671411909407698,2770,1230.7862964320063
20240523,-1.2252234596483673,2770,1215.706413989984
20240524,-0.8586933269160869,2770,1205.2672241381613
20240527,1.1116517291992343,2768,1218.6655980767646
20240528,-0.5498579022417721,2768,1211.9646689838378
20240529,0.10371541046412663,2768,1213.2216631149545
20240530,-0.5271407587831145,2768,1206.8262772342891
20240531,-0.027068770036536877,2768,1206.4996042045639
20240603,-0.09104698428952301,2769,1205.4011226994708
20240604,0.4921788249172603,2767,1211.3338517807124
20240605,-0.7254921393800808,2769,1202.5457199043933
20240606,-0.4513095651748341,2769,1197.1185160448642
20240607,0.23071286641832786,2768,1199.880422487656
20240611,-0.669600495818454,2767,1191.8460172294501
20240612,0.32345120208902184,2769,1195.7010574992291
20240613,-0.32704216852420015,2769,1191.7906108317168
20240614,0.3047861884387971,2770,1195.4230240086422
20240617,-0.45002802732549774,2769,1190.0432853555012
20240618,0.5635544686306141,2769,1196.7498274687607
20240619,-0.19671630413789012,2770,1194.3956254383877
20240620,-0.6318982188622962,2769,1186.8482607550732
20240621,-0.10827536957633918,2770,1185.5631964144304
20240624,-1.0172208589235823,2770,1173.5034002847817
20240625,-0.23648043485805817,2768,1170.7282943407142
20240626,0.9938725222360398,2770,1182.3638411682093
20240627,-0.6733867839220334,2769,1174.4019593239098
20240628,0.7143048514255269,2770,1182.7907694945968
20240701,0.9223623466843902,2768,1193.7003861924736
20240702,0.2215705325755905,2769,1196.345274495517
20240703,-0.5333866775042426,2769,1189.9641281844063
20240704,-0.6634560395433303,2770,1182.0692393075676
20240705,-0.3383443162469206,2770,1178.0697752222673
20240708,-0.711928803452057,2766,1169.682757167697
20240709,1.2998210168851663,2768,1184.8865394762447
20240710,-0.3998008905285927,2769,1180.1493525396654
20240711,1.2012596737030592,2769,1194.326010801192
20240712,0.27629860943528406,2769,1197.6259169611596
20240715,0.2345021017820719,2770,1200.4343749079203
20240716,0.3694175419115757,2770,1204.8689900679667
20240717,-0.3170273373784206,2768,1201.049225989856
20240718,0.560378697134947,2768,1207.7796499944072
20240719,0.2497832975315951,2767,1210.796481831079
20240722,-0.631809280668667,2767,1203.1465572888605
20240723,-1.374480323675569,2767,1186.609544593945
20240724,-0.45527124470425234,2767,1181.207252550493
20240725,-0.3734229822930915,2767,1176.7963532009564
20240726,0.1418899068018721,2769,1178.466108449761
20240729,0.014727074192262922,2768,1178.6396620278829
20240730,-0.37023782877204203,2769,1174.2758921341447
20240731,1.8956050011585033,2769,1196.5355246728382
20240801,-0.2669336947838753,2766,1193.3415681874274
20240802,-0.7934832131975591,2768,1183.8726031677515
20240805,-1.3868108058337607,2769,1167.4545299797157
20240806,0.0903364911580381,2769,1168.5091674379648
20240807,0.06425867832105603,2769,1169.2600359850207
20240808,0.0735506932790205,2769,1170.120034847722
20240809,-0.19245941968840996,2769,1167.8680286189965
20240812,-0.11985161061735282,2769,1166.4683199768115
20240813,0.40070129566830887,2769,1171.1423736485192
20240814,-0.4447095584246412,2769,1165.934191570143
20240815,1.0358567762270021,2770,1178.0115998998697
20240816,0.18853058313373997,2770,1180.2325120385442
20240819,0.5861907758741409,2769,1187.1509261579818
20240820,-0.7680940770494329,2770,1178.032490208525
20240821,-0.35974200542375423,2770,1173.7946125037054
20240822,-0.17803057175182557,2770,1171.704899243873
20240823,0.32026878963741706,2770,1175.4575043428035
20240826,0.09559029127878649,2770,1176.5811275950632
20240827,-0.16995594897505045,2769,1174.5814579741977
20240828,-0.3892107363629834,2769,1170.009860832433
20240829,-0.5474357140236908,2769,1163.6048089966375
20240830,0.8379521933196878,2769,1173.355261015198
20240902,-0.9978430198651167,2768,1161.6470174449378
20240903,-0.14816068900189405,2767,1159.9259132201214
20240904,-0.6423204400856426,2767,1152.4754719896587
20240905,0.1355212915252928,2766,1154.0373216338114
20240906,-0.7855834786837129,2768,1144.971395097212
20240909,-1.0202340205992309,2766,1133.2900073983005
20240910,0.4383246031336753,2766,1138.2574963255827
20240911,-0.8577945633599973,2767,1128.4935854050643
20240912,-0.21027812220784087,2767,1126.1206102844387
20240913,-0.4281831089912677,2767,1121.2987520443314
20240918,0.5882085078697425,2764,1127.8943267024933
20240919,0.7779901333216994,2767,1136.6692332785337
20240920,0.16338247577336115,2767,1138.5263516132184
20240923,0.5561716642993464,2767,1144.8585125714726
20240924,4.1867598524389535,2768,1192.7909891430445
20240925,1.2525165504997529,2770,1207.7308936949312
20240926,3.6954409892421216,2769,1252.3618761802738
20240927,3.3142298228477083,2769,1293.8680269706156
20240930,8.389048549040101,2769,1402.4112439136877
20241008,5.5426084716939545,2767,1480.1414083268362
20241009,-6.467487253098861,2767,1384.4134514154603
20241010,1.4049190403991374,2767,1403.8633395922432
20241011,-2.5124131591746046,2767,1368.5924923114994
20241014,2.48919123987856,2767,1402.6593767397528
20241015,-2.508106600818176,2767,1367.479184324748
20241016,0.10695064825720489,2769,1368.9417121771658
20241017,-0.9189978493252642,2770,1356.361167283741
20241018,3.0799191190313886,2769,1398.1359941980302
20241021,0.411131349169993,2767,1403.8841695742078
20241022,0.5708836276250384,2766,1411.8987144491266
20241023,0.4061450062128781,2764,1417.6330705706455
20241024,-0.5938347128091871,2765,1409.2146732973342
20241025,0.6658622288681905,2765,1418.5981015304897
20241028,0.7354221651515734,2763,1429.030786403564
20241029,-0.802218700895754,2766,1417.566834193477
20241030,-0.4755818429120596,2765,1410.8251437189094
20241031,0.4449674619735988,2767,1417.1028565538008
20241101,-0.3629670290650268,2766,1411.959240416572
20241104,1.2468558965250807,2765,1429.5643374622368
20241105,2.419002055982796,2766,1464.1455281770452
20241106,-0.2113749392439628,2768,1461.0506914564178
20241107,2.7708955582650323,2767,1501.5348801699843
20241108,-0.6492807221769697,2769,1491.7857036562775
20241111,0.5938561898481894,2768,1500.644765396711
20241112,-1.0359681189885785,2769,1485.09856404793
20241113,0.5182581050519575,2769,1492.7952077241184
20241114,-1.6542856425251302,2769,1468.100110930435
20241115,-1.4233085052800236,2769,1447.2045171855368
20241118,-0.4085132578611909,2767,1441.292494864468
20241119,0.8031192981569122,2769,1452.8677930336116
20241120,0.7711965036398802,2770,1464.0722586559966
20241121,0.11615215835939427,2771,1465.7728101843666
20241122,-2.9284502379198187,2773,1422.8483828371584
20241125,0.041123512109453676,2773,1423.4335080641736
20241126,-0.08781728640455255,2773,1422.1834873836183
20241127,1.6424027001353596,2772,1445.541467381286
20241128,-0.5054466103098356,2770,1438.2350270337843
20241129,1.0271597167307651,2773,1453.0079978633871
20241202,1.0883668500942931,2773,1468.822055241351
20241203,0.496654631601274,2774,1476.117028008688
20241204,-0.3811993305635271,2774,1470.490079779585
20241205,0.1943659673810383,2774,1473.3482120483907
20241206,1.1435866626114928,2772,1490.197225695201
20241209,-0.13318875111462894,2769,1488.2124506211528
20241210,0.7372718822375014,2770,1499.1846225675404
20241211,0.1987942999866895,2771,1502.1649161434814
20241212,1.0181035696412588,2770,1517.4585107766366
20241213,-1.8647859912304818,2770,1489.1611570449393
20241216,-0.07279039663499713,2772,1488.0771907321919
20241217,-0.6510439308876689,2770,1478.389154495006
20241218,0.721895159462333,2771,1489.0615742393215
20241219,-0.13400662763520907,2770,1487.0661330402718
20241220,-7.027182884915639e-05,2772,1487.0650880517037
20241223,-0.3819111177243449,2770,1481.385821152637
20241224,1.3213024211991335,2770,1500.9594078748275
20241225,-0.024161240440794523,2768,1500.5967574633723
20241226,0.16431551866102787,2772,1503.0624708084088
20241227,0.13014705758585096,2771,1505.0186623878433
20241230,0.3042680392628219,2769,1509.5979531624303
20241231,-1.5432098972544819,2770,1486.3016881404765
20250102,-2.658134961767954,2769,1446.793783330667
20250103,-1.633066815387461,2770,1423.1666741680053
20250106,-0.21867609940510374,2770,1420.0545487969014
20250107,0.9146117637882821,2773,1433.0425347524085
20250108,0.12180547794875891,2774,1434.7880590610725
20250109,-0.4058488192120237,2774,1428.964988665178
20250110,-1.397569106977645,2774,1408.994215434067
20250113,-0.28022961321609713,2774,1405.0457963939186
20250114,2.78453502001082,2777,1444.169788641697
20250115,-0.32181335497348124,2778,1439.5222573933559
20250116,0.3306393220458778,2779,1444.2818840259006
20250117,0.17380737544992475,2778,1446.7921524626247
20250120,0.3142470018344111,2777,1451.338653424514
20250121,0.048126709269295305,2777,1452.0371349587604
20250122,-0.934224893851468,2778,1438.4718425760082
20250123,0.6080619111226429,2779,1447.2186419529369
20250124,0.7506784778490636,2777,1458.0826008254971
20250127,-0.10539327961853585,2777,1456.54587975294
20250205,-0.3683388636629891,2779,1451.180855210728
20250206,1.4050610296396324,2780,1471.5708318768852
20250207,1.127892178696715,2780,1488.1685641936067
20250210,0.6211831374641307,2781,1497.4128163714192
20250211,-0.06949638799739646,2780,1496.3721685506312
20250212,1.0837638959157785,2780,1512.589309861915
20250213,-0.2855871503913923,2780,1508.2695491547556
20250214,0.619244947825523,2779,1517.6094321374871
20250217,0.3486571335685267,2782,1522.9006856823432
20250218,-0.9590507891482923,2781,1508.2952946383618
20250219,0.9114085229412636,2781,1522.042026504818
20250220,-0.011906956586038102,2780,1521.8607976215008
20250221,1.0192120665368096,2782,1537.3717865067526
20250224,-0.1330750976914789,2782,1535.3259274999775
20250225,-0.936010592747438,2781,1520.95511418538
20250226,0.9515391470149558,2781,1535.4275975053797
20250227,0.2105145676052155,2780,1538.6598962731593
20250228,-2.0231699137389083,2780,1507.5301921769944
20250303,-0.0527389866940322,2778,1506.7351360295336
20250304,0.18311765318004294,2779,1509.49423405027
20250305,0.6795006290711029,2779,1519.7512568664336
20250306,1.1238801981006776,2779,1536.8314403027416
20250307,-0.2693170995269456,2779,1532.6924904431
20250310,-0.24443314046853293,2780,1528.9460820549846
20250311,0.48391030707851174,2781,1536.3448097357216
20250312,-0.08009391507966608,2780,1535.114291028481
20250313,-0.38423676874501284,2780,1529.21581748009
20250314,1.993387398098294,2780,1559.699012875464
20250317,0.20664026093003782,2778,1562.9219789853933
20250318,0.22406921726213772,2782,1566.4240060301238
20250319,0.06949457745250673,2781,1567.5125857742291
20250320,-0.5703783829674748,2781,1558.5718328346784
20250321,-1.2762499786313461,2781,1538.6805601511717
20250324,0.06222190158520826,2780,1539.6379564550195
20250325,-0.11428983544798962,2781,1537.8783067680924
20250326,0.02531628598351203,2782,1538.267640438312
20250327,0.25321104324296184,2782,1542.1627039785349
20250328,-0.6289183630621203,2783,1532.4637595449185
20250331,-0.38619798334695776,2783,1526.5454154100328
20250401,0.10074441336586351,2783,1528.0833246335512
20250402,0.16968225890763425,2784,1530.67621093678
20250403,-0.23066224262314433,2784,1527.1455188613343
20250407,-7.148518182117803,2784,1417.9772437781346
20250408,1.5449233058479108,2782,1439.8839046888827
20250409,1.0876987146243473,2783,1455.5455034122667
20250410,1.2912112692281794,2784,1474.33967098107
20250411,0.5059945146620595,2783,1481.7997488437209
20250414,0.8264701599580246,2783,1494.0463815982473
20250415,0.2433383964397351,2781,1497.681970105294
20250416,0.1275459546908538,2783,1499.5922028722978
20250417,0.1120663599811495,2783,1501.272741268618
20250418,0.16257173469271613,2781,1503.7133864065672
20250421,0.4370495065980492,2783,1510.2853583425058
20250422,0.29046552655690305,2779,1514.672216661127
20250423,0.1259855850365243,2780,1516.580485314673
20250424,0.04256318220509193,2780,1517.2259902299247
20250425,0.045317436073075805,2783,1517.9135581481314
20250428,-0.16216731739998422,2781,1515.4519984504318
20250429,-0.031310947236028744,2771,1514.9774960748098
20250430,-0.18244683864342567,2769,1512.213467527062
20250506,1.2266081158715543,2783,1530.7624006490516
20250507,0.8514900583183583,2785,1543.7966903070537
20250508,0.476544713736591,2786,1551.1535718255525
20250509,-0.17499112861768504,2786,1548.4391906836215
20250512,0.9104666495610687,2786,1562.5372131035292
20250513,0.2774888118848679,2787,1566.8730790514292
20250514,0.9214559694904055,2787,1581.3111245726866
20250515,-0.758308154588964,2787,1569.3199133656294
20250516,-0.3101772267566512,2787,1564.4522403794122
20250519,0.03945592327236948,2782,1565.0695094550092
20250520,0.5870332011834581,2788,1574.256987097109
20250521,0.22399026854116852,2787,1577.7831695500358
20250522,-0.26293285506800285,2785,1573.6346592155558
20250523,-0.9250226907668839,2785,1559.0781815480398
20250526,-0.14229718921370885,2784,1556.8596571180526
20250527,-0.1617912915105308,2785,1554.340793771795
20250528,-0.07054697165380085,2783,1553.2442534126094
20250529,0.7107587282475116,2784,1564.2840725147425
20250530,-0.435854718581498,2784,1557.466066572668
20250603,0.43556009579559535,2781,1564.249767264216
20250604,0.5039929297188015,2784,1572.1334754943705
20250605,0.34305757476092824,2787,1577.5267984674063
20250606,0.04109671606904076,2787,1578.1751101766854
20250609,0.33619996958658677,2785,1583.4809344171224
20250610,-0.40089418173790625,2787,1577.132851482115
20250611,0.6691086277611824,2789,1587.6855834626376
20250612,-0.04072792268720511,2788,1587.038952105689
20250613,-0.7937851637076462,2787,1574.4412723616128
20250616,0.4927875467403973,2789,1582.199922882552
20250617,0.020566350072517694,2792,1582.5253236575395
20250618,0.1672858894705109,2792,1585.1726652213158
20250619,-0.8403001759307336,2791,1571.8524565266553
20250620,0.02870944995805642,2791,1572.3037267210761
20250623,0.6582918146480138,2789,1582.6540734554867
20250624,1.3015784101975418,2790,1603.253557183695
20250625,1.2681002668554162,2790,1623.5844198207105
20250626,-0.10609332518452476,2792,1621.8619051225448
20250627,-0.649785520012423,2789,1611.323281308461
20250630,0.5922535722050023,2788,1620.8664010017812
20250701,0.4990999988146221,2790,1628.9561451899676
20250702,-0.13061240838122182,2790,1626.828526337261
20250703,0.388561496228747,2789,1633.1497556002732
20250704,0.3499662281302896,2792,1638.8652281996665
20250707,-0.017629393506953788,2792,1638.5763061995385
20250708,0.9152390706267465,2791,1653.573196755909
20250709,0.07817289879693809,2793,1654.8658428575425
20250710,0.5630875219521648,2791,1664.1841859237215
20250711,0.16485609471002188,2795,1666.927694981417
20250714,0.27505732809719247,2792,1671.5127017605448
20250715,-0.26245069321564785,2791,1667.1258050875867
20250716,0.4805386609127225,2791,1675.1369891070854
20250717,0.5102935236034187,2792,1683.685104673984
20250718,0.5073416522065295,2791,1692.2271405019924
20250721,0.7491828815877236,2794,1704.9050165562148
20250722,0.6269302402045608,2793,1715.5935816717704
20250723,-0.0029048304296460034,2795,1715.5437465873608
20250724,0.563826726513486,2794,1725.2164407356513
20250725,-0.3473673447412374,2795,1719.2236021944286
20250728,0.24257576885362117,2796,1723.3940220657648
20250729,0.1534150826618745,2798,1726.0379684293068
20250730,0.2317008166168568,2799,1730.0372124972746
20250731,-1.1325237063217728,2797,1710.4441309375545
20250801,-0.2719215149636732,2798,1705.7930653441017
20250804,0.6401429451300447,2796,1716.7125793104194
20250805,0.9733166906583756,2797,1733.4216293754794
20250806,0.4411220810644772,2798,1741.0681349406022
20250807,0.17816642517016845,2797,1744.1701337964028
20250808,-0.005394650323290105,2799,1744.0760419166413
20250811,0.4041694065552764,2799,1751.1250637051285
20250812,0.5750147904329652,2800,1761.1942918204115
20250813,0.48588056355871867,2798,1769.7515925708724
20250814,-0.37730583239315607,2800,1763.0742165932315
20250815,0.8110012419375673,2800,1777.3727703860836
20250818,1.0246859842670588,2799,1795.585260052409
20250819,0.05943732913771387,2802,1796.6525079733747
20250820,0.9677606536383035,2801,1814.0398040281466
20250821,0.20964337544728415,2804,1817.8428183052686
20250822,1.4418606655190964,2803,1844.053578863376
20250825,1.5010138955815036,2804,1871.7330793240833
20250826,-0.17520131360617405,2806,1868.4537783819062
20250827,-1.8050529543423839,2805,1834.7271982547018
20250828,1.2402427569154204,2804,1857.4822694402126
20250829,0.4893447311415116,2803,1866.571761057606
20250901,0.28604977257371345,2801,1871.9110853350364
20250902,-0.411303124776648,2802,1864.211856548013
20250903,-1.1492231239085915,2802,1842.7879028139175
20250904,-0.9068831752052399,2802,1826.0759693685807
20250905,1.4759011906654587,2802,1853.0270463429472
20250908,0.5149978453263603,2803,1862.570095704928
20250909,-0.5919542895653811,2803,1851.5445321272407
20250910,0.3002182263809262,2804,1857.1032062822464
20250911,1.8420491879967928,2803,1891.3119608138309
20250912,-0.18361585280492304,2806,1887.8392122277812
20250915,0.09367954829521871,2806,1889.6077314743363
20250916,0.18213945860712774,2806,1893.049452766242
20250917,0.65219233681942,2805,1905.3957762293853
20250918,-1.2517362015263518,2804,1881.5452475159682
20250919,-0.2564887547991708,2805,1876.7192955396317
20250922,0.3025058243624429,2803,1882.3964807155728
20250923,-0.07197683863710738,2805,1881.0415912381375
20250924,0.8831637919791786,2804,1897.6542694840216
20250925,0.022987465540756813,2804,1898.0904921053016
20250926,-0.8431837796220529,2804,1882.0861009533214
20250929,1.0324036925449345,2802,1901.5168273564384
20250930,0.3560915289360029,2803,1908.2879676999476
20251009,1.2758970966827081,2801,1932.6357584761763
20251010,-0.9562126271776473,2803,1914.1556513162768
20251013,-0.31614735644377123,2803,1908.1040988264213
20251014,-0.4155772636775559,2803,1900.174452024399
20251015,1.29569172501513,2803,1924.7948551601307
20251016,0.3155825012566454,2804,1930.8691709081045
20251017,-1.9062559693681165,2806,1894.06186207698
20251020,0.7229760184279386,2805,1907.7554751139864
20251021,1.3863789125041392,2803,1934.20419472311
20251022,0.032061064481133626,2802,1934.824321177177
20251023,0.3096796637969336,2804,1940.8160786300596
20251024,0.8054915787255167,2804,1956.4491887019756
20251027,1.0774867574572184,2804,1977.5296696266184
20251028,-0.18854287540434736,2802,1973.8011783255301
20251029,0.7027775731723968,2802,1987.6726103458145
20251030,-0.73837236340498,2802,1972.9961851160504
20251031,-0.6753755755592056,2801,1959.671050775062
20251103,0.673568156959322,2800,1972.8707709542325
20251104,-0.3678239756263872,2800,1965.6140792505378
20251105,0.25364304960452577,2800,1970.5997227446048
20251106,1.0199419909201217,2800,1990.6986967898326
20251107,-0.4007587426937378,2800,1982.720797721757
20251110,0.5164441659619957,2802,1992.9604436089062
20251111,-0.35763935295497107,2803,1985.8328327737347
20251112,0.0810863706982981,2804,1987.4430725459663
20251113,0.8729027487115549,2803,2004.7915177552973
20251114,-1.0267682041472428,2802,1984.206955891545
20251117,-0.4226360664020351,2802,1975.8209816638891
20251118,-0.6452197279914604,2802,1963.072594900399
20251119,0.19997038787941038,2804,1966.9981587827756
20251120,-0.24831112851103274,2804,1962.1138834569108
20251121,-2.255742094169765,2806,1917.8536546522241
20251124,0.09643831526904571,2805,1919.7032004060964
20251125,1.0364413343841088,2803,1939.5997978725998
20251126,-0.021296411803098002,2803,1939.186732712313
20251127,0.13822439673716183,2802,1941.8671618752117
20251128,0.34040664263762377,2802,1948.4774066854334
20251201,0.6666972993675212,2800,1961.4678529345915
20251202,-0.3622283294824351,2802,1954.3628606975715
20251203,-0.6938356881909911,2804,1940.8027936933013
20251204,-0.06091434765378916,2802,1939.6205663322764
20251205,0.7615086672418077,2801,1954.3909450565013
20251208,0.6006332729599929,2803,1966.1296673562279
20251209,-0.32066584934925696,2802,1959.8249609590923
20251210,-0.21432499909024424,2797,1955.6245661293462
20251211,-0.6765438280436669,2800,1942.3939088274926
20251212,0.39071781424212404,2801,1949.9831878520354
20251215,-0.4660425613894053,2799,1940.895436256707
20251216,-1.0245463823485537,2800,1921.0100622793707
20251217,1.287527842954425,2801,1945.7436016971737
20251218,0.10009007030735856,2802,1947.6910978361134
20251219,0.4302296835029689,2801,1956.070643081949
20251222,0.6502912674616254,2800,1968.7907996592915
20251223,0.17471071342967792,2802,1972.230488111314
20251224,0.5021268256314757,2802,1982.1335864554032
20251225,0.4498922903377773,2804,1991.051052645062
20251226,0.09074172356822337,2803,1992.8577666873553
20251229,0.08143172708103885,2805,1994.4805851850374
20251230,0.07157421364953308,2805,1995.9081189802764
20251231,0.17781682962305465,2807,1999.4571795196364
