quarter,industry,industry_ret,market_ret,excess_ret,SMB_contrib,HML_contrib,MOM_contrib,alpha
2022Q1,交通运输,-0.011705522737253669,-0.051821851067466035,0.040116328330212364,-0.0030660148332492337,0.025757816941852765,0.1985034765250254,-0.18107895030341656
2022Q1,传媒,-0.054371682953927004,-0.051821851067466035,-0.0025498318864609695,-0.0030660148332492337,0.025757816941852765,0.1985034765250254,-0.22374511052008988
2022Q1,公用事业,-0.0553638781783373,-0.051821851067466035,-0.0035420271108712667,-0.0030660148332492337,0.025757816941852765,0.1985034765250254,-0.22473730574450018
2022Q1,农林牧渔,-0.015086626828680597,-0.051821851067466035,0.03673522423878544,-0.0030660148332492337,0.025757816941852765,0.1985034765250254,-0.18446005439484348
2022Q1,医药生物,-0.039025497655829966,-0.051821851067466035,0.012796353411636069,-0.0030660148332492337,0.025757816941852765,0.1985034765250254,-0.20839892522199285
2022Q1,商贸零售,-0.0228577952669929,-0.051821851067466035,0.028964055800473135,-0.0030660148332492337,0.025757816941852765,0.1985034765250254,-0.1922312228331558
2022Q1,国防军工,-0.06961316038590687,-0.051821851067466035,-0.017791309318440834,-0.0030660148332492337,0.025757816941852765,0.1985034765250254,-0.23898658795206976
2022Q1,基础化工,-0.03481165154747393,-0.051821851067466035,0.0170101995199921,-0.0030660148332492337,0.025757816941852765,0.1985034765250254,-0.2041850791136368
2022Q1,家用电器,-0.05838569192657903,-0.051821851067466035,-0.006563840859112997,-0.0030660148332492337,0.025757816941852765,0.1985034765250254,-0.2277591194927419
2022Q1,建筑材料,-0.03443452417788387,-0.051821851067466035,0.017387326889582166,-0.0030660148332492337,0.025757816941852765,0.1985034765250254,-0.20380795174404676
2022Q1,建筑装饰,-0.010647506583000801,-0.051821851067466035,0.04117434448446523,-0.0030660148332492337,0.025757816941852765,0.1985034765250254,-0.1800209341491637
2022Q1,房地产,0.058811684070363135,-0.051821851067466035,0.11063353513782917,-0.0030660148332492337,0.025757816941852765,0.1985034765250254,-0.11056174349579975
2022Q1,有色金属,-0.025348592761422664,-0.051821851067466035,0.02647325830604337,-0.0030660148332492337,0.025757816941852765,0.1985034765250254,-0.19472202032758557
2022Q1,机械设备,-0.05744817956494926,-0.051821851067466035,-0.005626328497483228,-0.0030660148332492337,0.025757816941852765,0.1985034765250254,-0.22682160713111216
2022Q1,汽车,-0.06513524439978347,-0.051821851067466035,-0.01331339333231743,-0.0030660148332492337,0.025757816941852765,0.1985034765250254,-0.23450867196594635
2022Q1,煤炭,0.0647982481340624,-0.051821851067466035,0.11662009920152844,-0.0030660148332492337,0.025757816941852765,0.1985034765250254,-0.10457517943210048
2022Q1,环保,-0.0407163875400719,-0.051821851067466035,0.011105463527394138,-0.0030660148332492337,0.025757816941852765,0.1985034765250254,-0.21008981510623478
2022Q1,电力设备,-0.06880451349377927,-0.051821851067466035,-0.01698266242631323,-0.0030660148332492337,0.025757816941852765,0.1985034765250254,-0.23817794105994217
2022Q1,电子,-0.0818768852009764,-0.051821851067466035,-0.030055034133510364,-0.0030660148332492337,0.025757816941852765,0.1985034765250254,-0.25125031276713927
2022Q1,石油石化,-0.026970734053907364,-0.051821851067466035,0.02485111701355867,-0.0030660148332492337,0.025757816941852765,0.1985034765250254,-0.19634416162007026
2022Q1,社会服务,-0.0137668045620154,-0.051821851067466035,0.038055046505450635,-0.0030660148332492337,0.025757816941852765,0.1985034765250254,-0.1831402321281783
2022Q1,纺织服饰,-0.027510982233241766,-0.051821851067466035,0.02431086883422427,-0.0030660148332492337,0.025757816941852765,0.1985034765250254,-0.19688440979940466
2022Q1,综合,0.016017975537967837,-0.051821851067466035,0.06783982660543388,-0.0030660148332492337,0.025757816941852765,0.1985034765250254,-0.15335545202819506
2022Q1,美容护理,-0.05341598609901923,-0.051821851067466035,-0.001594135031553194,-0.0030660148332492337,0.025757816941852765,0.1985034765250254,-0.22278941366518212
2022Q1,计算机,-0.05684816346221461,-0.051821851067466035,-0.005026312394748572,-0.0030660148332492337,0.025757816941852765,0.1985034765250254,-0.2262215910283775
2022Q1,轻工制造,-0.052355450045480055,-0.051821851067466035,-0.0005335989780140202,-0.0030660148332492337,0.025757816941852765,0.1985034765250254,-0.22172887761164295
2022Q1,通信,-0.04295425292773083,-0.051821851067466035,0.008867598139735207,-0.0030660148332492337,0.025757816941852765,0.1985034765250254,-0.21232768049389372
2022Q1,钢铁,-0.011157266248431332,-0.051821851067466035,0.040664584819034705,-0.0030660148332492337,0.025757816941852765,0.1985034765250254,-0.18053069381459422
2022Q1,银行,0.011466631044603832,-0.051821851067466035,0.06328848211206986,-0.0030660148332492337,0.025757816941852765,0.1985034765250254,-0.15790679652155906
2022Q1,非银金融,-0.0410580886010354,-0.051821851067466035,0.010763762466430633,-0.0030660148332492337,0.025757816941852765,0.1985034765250254,-0.2104315161671983
2022Q1,食品饮料,-0.062280331398689937,-0.051821851067466035,-0.010458480331223902,-0.0030660148332492337,0.025757816941852765,0.1985034765250254,-0.23165375896485282
2022Q2,交通运输,-0.0049718017911642015,-0.012800928122752802,0.0078291263315886,-0.04657524382955593,-0.03452491377083327,0.13210400663001268,-0.04317472269803487
2022Q2,传媒,-0.023777806503443927,-0.012800928122752802,-0.010976878380691125,-0.04657524382955593,-0.03452491377083327,0.13210400663001268,-0.0619807274103146
2022Q2,公用事业,0.0002595012004398987,-0.012800928122752802,0.0130604293231927,-0.04657524382955593,-0.03452491377083327,0.13210400663001268,-0.037943419706430774
2022Q2,农林牧渔,-0.022545721094355334,-0.012800928122752802,-0.009744792971602531,-0.04657524382955593,-0.03452491377083327,0.13210400663001268,-0.060748642001226004
2022Q2,医药生物,-0.030544561832089135,-0.012800928122752802,-0.017743633709336334,-0.04657524382955593,-0.03452491377083327,0.13210400663001268,-0.06874748273895981
2022Q2,商贸零售,-0.0052246691291369,-0.012800928122752802,0.007576258993615902,-0.04657524382955593,-0.03452491377083327,0.13210400663001268,-0.043427590036007574
2022Q2,国防军工,0.010538154102910396,-0.012800928122752802,0.0233390822256632,-0.04657524382955593,-0.03452491377083327,0.13210400663001268,-0.027664766803960274
2022Q2,基础化工,-0.0011459594129513313,-0.012800928122752802,0.011654968709801471,-0.04657524382955593,-0.03452491377083327,0.13210400663001268,-0.039348880319822005
2022Q2,家用电器,0.017871809258033704,-0.012800928122752802,0.030672737380786505,-0.04657524382955593,-0.03452491377083327,0.13210400663001268,-0.02033111164883697
2022Q2,建筑材料,-0.009317843599922737,-0.012800928122752802,0.003483084522830065,-0.04657524382955593,-0.03452491377083327,0.13210400663001268,-0.047520764506793406
2022Q2,建筑装饰,-0.025358420131382398,-0.012800928122752802,-0.012557492008629595,-0.04657524382955593,-0.03452491377083327,0.13210400663001268,-0.06356134103825307
2022Q2,房地产,-0.0535197330600456,-0.012800928122752802,-0.040718804937292796,-0.04657524382955593,-0.03452491377083327,0.13210400663001268,-0.09172265396691627
2022Q2,有色金属,0.006506797930805071,-0.012800928122752802,0.019307726053557874,-0.04657524382955593,-0.03452491377083327,0.13210400663001268,-0.0316961229760656
2022Q2,机械设备,-0.0047829060088349015,-0.012800928122752802,0.0080180221139179,-0.04657524382955593,-0.03452491377083327,0.13210400663001268,-0.04298582691570557
2022Q2,汽车,0.012940372602617328,-0.012800928122752802,0.02574130072537013,-0.04657524382955593,-0.03452491377083327,0.13210400663001268,-0.025262548304253344
2022Q2,煤炭,0.013352837460606467,-0.012800928122752802,0.02615376558335927,-0.04657524382955593,-0.03452491377083327,0.13210400663001268,-0.024850083446264205
2022Q2,环保,-0.029812901910101094,-0.012800928122752802,-0.01701197378734829,-0.04657524382955593,-0.03452491377083327,0.13210400663001268,-0.06801582281697177
2022Q2,电力设备,0.014959582471892932,-0.012800928122752802,0.027760510594645734,-0.04657524382955593,-0.03452491377083327,0.13210400663001268,-0.02324333843497774
2022Q2,电子,-0.006033706814646963,-0.012800928122752802,0.006767221308105839,-0.04657524382955593,-0.03452491377083327,0.13210400663001268,-0.04423662772151764
2022Q2,石油石化,-0.003219526426105466,-0.012800928122752802,0.009581401696647337,-0.04657524382955593,-0.03452491377083327,0.13210400663001268,-0.041422447332976134
2022Q2,社会服务,0.008786782725641137,-0.012800928122752802,0.02158771084839394,-0.04657524382955593,-0.03452491377083327,0.13210400663001268,-0.029416138181229533
2022Q2,纺织服饰,-0.0073334015400636,-0.012800928122752802,0.005467526582689202,-0.04657524382955593,-0.03452491377083327,0.13210400663001268,-0.04553632244693427
2022Q2,综合,0.013634809170686634,-0.012800928122752802,0.026435737293439437,-0.04657524382955593,-0.03452491377083327,0.13210400663001268,-0.024568111736184037
2022Q2,美容护理,-0.0009623088965061977,-0.012800928122752802,0.011838619226246605,-0.04657524382955593,-0.03452491377083327,0.13210400663001268,-0.03916522980337687
2022Q2,计算机,-0.038014238016034936,-0.012800928122752802,-0.025213309893282132,-0.04657524382955593,-0.03452491377083327,0.13210400663001268,-0.0762171589229056
2022Q2,轻工制造,-0.014319353317293367,-0.012800928122752802,-0.0015184251945405645,-0.04657524382955593,-0.03452491377083327,0.13210400663001268,-0.05252227422416404
2022Q2,通信,-0.028813280564237497,-0.012800928122752802,-0.016012352441484697,-0.04657524382955593,-0.03452491377083327,0.13210400663001268,-0.06701620147110818
2022Q2,钢铁,-0.027460930158545237,-0.012800928122752802,-0.014660002035792435,-0.04657524382955593,-0.03452491377083327,0.13210400663001268,-0.0656638510654159
2022Q2,银行,-0.0114601694303121,-0.012800928122752802,0.001340758692440703,-0.04657524382955593,-0.03452491377083327,0.13210400663001268,-0.049663090337182775
2022Q2,非银金融,-0.004679435724170298,-0.012800928122752802,0.008121492398582505,-0.04657524382955593,-0.03452491377083327,0.13210400663001268,-0.042882356631040966
2022Q2,食品饮料,0.0365638493479541,-0.012800928122752802,0.0493647774707069,-0.04657524382955593,-0.03452491377083327,0.13210400663001268,-0.0016390715589165716
2022Q3,交通运输,-0.022913533601324833,-0.04966669293488104,0.026753159333556206,-0.0070597941350625,-0.006154130724243601,0.10132417641093823,-0.06135709221807592
2022Q3,传媒,-0.0504225722279483,-0.04966669293488104,-0.0007558792930672589,-0.0070597941350625,-0.006154130724243601,0.10132417641093823,-0.08886613084469938
2022Q3,公用事业,-0.01737486034998,-0.04966669293488104,0.03229183258490104,-0.0070597941350625,-0.006154130724243601,0.10132417641093823,-0.05581841896673109
2022Q3,农林牧渔,-0.0278552611006129,-0.04966669293488104,0.02181143183426814,-0.0070597941350625,-0.006154130724243601,0.10132417641093823,-0.06629881971736398
2022Q3,医药生物,-0.0425042845227706,-0.04966669293488104,0.007162408412110438,-0.0070597941350625,-0.006154130724243601,0.10132417641093823,-0.08094784313952169
2022Q3,商贸零售,-0.0499218191887014,-0.04966669293488104,-0.0002551262538203619,-0.0070597941350625,-0.006154130724243601,0.10132417641093823,-0.08836537780545249
2022Q3,国防军工,-0.0501508545451689,-0.04966669293488104,-0.00048416161028785876,-0.0070597941350625,-0.006154130724243601,0.10132417641093823,-0.08859441316191999
2022Q3,基础化工,-0.05605034618124723,-0.04966669293488104,-0.006383653246366194,-0.0070597941350625,-0.006154130724243601,0.10132417641093823,-0.09449390479799832
2022Q3,家用电器,-0.04554728910742056,-0.04966669293488104,0.004119403827460476,-0.0070597941350625,-0.006154130724243601,0.10132417641093823,-0.08399084772417165
2022Q3,建筑材料,-0.0577456479984416,-0.04966669293488104,-0.008078955063560558,-0.0070597941350625,-0.006154130724243601,0.10132417641093823,-0.09618920661519269
2022Q3,建筑装饰,-0.05369241033954253,-0.04966669293488104,-0.00402571740466149,-0.0070597941350625,-0.006154130724243601,0.10132417641093823,-0.09213596895629361
2022Q3,房地产,-0.042471927765179295,-0.04966669293488104,0.0071947651697017445,-0.0070597941350625,-0.006154130724243601,0.10132417641093823,-0.08091548638193038
2022Q3,有色金属,-0.04084622240664914,-0.04966669293488104,0.0088204705282319,-0.0070597941350625,-0.006154130724243601,0.10132417641093823,-0.07928978102340023
2022Q3,机械设备,-0.044050457922316204,-0.04966669293488104,0.005616235012564835,-0.0070597941350625,-0.006154130724243601,0.10132417641093823,-0.0824940165390673
2022Q3,汽车,-0.0496921825619292,-0.04966669293488104,-2.548962704815999e-05,-0.0070597941350625,-0.006154130724243601,0.10132417641093823,-0.08813574117868028
2022Q3,煤炭,-0.01329479788330363,-0.04966669293488104,0.03637189505157741,-0.0070597941350625,-0.006154130724243601,0.10132417641093823,-0.05173835650005472
2022Q3,环保,-0.03718901318943187,-0.04966669293488104,0.012477679745449166,-0.0070597941350625,-0.006154130724243601,0.10132417641093823,-0.07563257180618296
2022Q3,电力设备,-0.055284608920393226,-0.04966669293488104,-0.005617915985512187,-0.0070597941350625,-0.006154130724243601,0.10132417641093823,-0.09372816753714432
2022Q3,电子,-0.0666904568456008,-0.04966669293488104,-0.017023763910719768,-0.0070597941350625,-0.006154130724243601,0.10132417641093823,-0.1051340154623519
2022Q3,石油石化,-0.013595424185067503,-0.04966669293488104,0.036071268749813534,-0.0070597941350625,-0.006154130724243601,0.10132417641093823,-0.052038982801818595
2022Q3,社会服务,-0.06489378088899174,-0.04966669293488104,-0.0152270879541107,-0.0070597941350625,-0.006154130724243601,0.10132417641093823,-0.10333733950574284
2022Q3,纺织服饰,-0.036788465306927434,-0.04966669293488104,0.012878227627953605,-0.0070597941350625,-0.006154130724243601,0.10132417641093823,-0.07523202392367853
2022Q3,综合,-0.0451016998636578,-0.04966669293488104,0.004564993071223239,-0.0070597941350625,-0.006154130724243601,0.10132417641093823,-0.08354525848040889
2022Q3,美容护理,-0.04235343758242463,-0.04966669293488104,0.007313255352456409,-0.0070597941350625,-0.006154130724243601,0.10132417641093823,-0.08079699619917571
2022Q3,计算机,-0.052059115848476833,-0.04966669293488104,-0.0023924229135957945,-0.0070597941350625,-0.006154130724243601,0.10132417641093823,-0.09050267446522792
2022Q3,轻工制造,-0.040241294992035874,-0.04966669293488104,0.009425397942845165,-0.0070597941350625,-0.006154130724243601,0.10132417641093823,-0.07868485360878696
2022Q3,通信,-0.0425597260372049,-0.04966669293488104,0.007106966897676141,-0.0070597941350625,-0.006154130724243601,0.10132417641093823,-0.08100328465395598
2022Q3,钢铁,-0.0570505209285489,-0.04966669293488104,-0.007383827993667859,-0.0070597941350625,-0.006154130724243601,0.10132417641093823,-0.09549407954529998
2022Q3,银行,-0.02398715964235543,-0.04966669293488104,0.02567953329252561,-0.0070597941350625,-0.006154130724243601,0.10132417641093823,-0.062430718259106524
2022Q3,非银金融,-0.044398593168407496,-0.04966669293488104,0.005268099766473543,-0.0070597941350625,-0.006154130724243601,0.10132417641093823,-0.08284215178515858
2022Q3,食品饮料,-0.04595519305645283,-0.04966669293488104,0.003711499878428212,-0.0070597941350625,-0.006154130724243601,0.10132417641093823,-0.08439875167320392
2022Q4,交通运输,0.0136899410057415,0.006866842309992263,0.0068230986957492365,-0.01778828773489863,-0.011006936284812571,0.06031770447716103,-0.024699381761700598
2022Q4,传媒,0.04050911571234877,0.006866842309992263,0.0336422734023565,-0.01778828773489863,-0.011006936284812571,0.06031770447716103,0.002119792944906669
2022Q4,公用事业,0.0014917355384122626,0.006866842309992263,-0.005375106771580001,-0.01778828773489863,-0.011006936284812571,0.06031770447716103,-0.03689758722902983
2022Q4,农林牧渔,0.02257624809680123,0.006866842309992263,0.015709405786808968,-0.01778828773489863,-0.011006936284812571,0.06031770447716103,-0.015813074670640866
2022Q4,医药生物,0.02187245465811867,0.006866842309992263,0.015005612348126408,-0.01778828773489863,-0.011006936284812571,0.06031770447716103,-0.016516868109323426
2022Q4,商贸零售,0.0441012364327156,0.006866842309992263,0.037234394122723335,-0.01778828773489863,-0.011006936284812571,0.06031770447716103,0.005711913665273502
2022Q4,国防军工,0.018813348159381932,0.006866842309992263,0.01194650584938967,-0.01778828773489863,-0.011006936284812571,0.06031770447716103,-0.019575974608060164
2022Q4,基础化工,-0.0003604832499049665,0.006866842309992263,-0.00722732555989723,-0.01778828773489863,-0.011006936284812571,0.06031770447716103,-0.038749806017347066
2022Q4,家用电器,-0.003777845772046632,0.006866842309992263,-0.010644688082038896,-0.01778828773489863,-0.011006936284812571,0.06031770447716103,-0.04216716853948873
2022Q4,建筑材料,-0.0020402749958579394,0.006866842309992263,-0.008907117305850202,-0.01778828773489863,-0.011006936284812571,0.06031770447716103,-0.04042959776330003
2022Q4,建筑装饰,0.005283540047292164,0.006866842309992263,-0.0015833022627000995,-0.01778828773489863,-0.011006936284812571,0.06031770447716103,-0.03310578272014993
2022Q4,房地产,0.0227077210977723,0.006866842309992263,0.01584087878778004,-0.01778828773489863,-0.011006936284812571,0.06031770447716103,-0.015681601669669795
2022Q4,有色金属,-0.003258000117949101,0.006866842309992263,-0.010124842427941365,-0.01778828773489863,-0.011006936284812571,0.06031770447716103,-0.0416473228853912
2022Q4,机械设备,0.0038618677052251007,0.006866842309992263,-0.0030049746047671627,-0.01778828773489863,-0.011006936284812571,0.06031770447716103,-0.034527455062216994
2022Q4,汽车,-0.004368618652454868,0.006866842309992263,-0.011235460962447132,-0.01778828773489863,-0.011006936284812571,0.06031770447716103,-0.042757941419896965
2022Q4,煤炭,-0.04459745674849717,0.006866842309992263,-0.051464299058489434,-0.01778828773489863,-0.011006936284812571,0.06031770447716103,-0.08298677951593927
2022Q4,环保,0.004675498180819665,0.006866842309992263,-0.0021913441291725984,-0.01778828773489863,-0.011006936284812571,0.06031770447716103,-0.033713824586622435
2022Q4,电力设备,0.0028059714955095635,0.006866842309992263,-0.0040608708144826994,-0.01778828773489863,-0.011006936284812571,0.06031770447716103,-0.03558335127193253
2022Q4,电子,0.0035020771168374626,0.006866842309992263,-0.0033647651931548008,-0.01778828773489863,-0.011006936284812571,0.06031770447716103,-0.03488724565060464
2022Q4,石油石化,0.0021653414002973334,0.006866842309992263,-0.00470150090969493,-0.01778828773489863,-0.011006936284812571,0.06031770447716103,-0.03622398136714476
2022Q4,社会服务,0.07783275079287989,0.006866842309992263,0.07096590848288763,-0.01778828773489863,-0.011006936284812571,0.06031770447716103,0.03944342802543779
2022Q4,纺织服饰,0.014309426631769732,0.006866842309992263,0.007442584321777469,-0.01778828773489863,-0.011006936284812571,0.06031770447716103,-0.024079896135672366
2022Q4,综合,0.019859011911307498,0.006866842309992263,0.012992169601315235,-0.01778828773489863,-0.011006936284812571,0.06031770447716103,-0.0185303108561346
2022Q4,美容护理,0.03835873261504243,0.006866842309992263,0.03149189030505017,-0.01778828773489863,-0.011006936284812571,0.06031770447716103,-3.059015239966628e-05
2022Q4,计算机,0.03012018664283427,0.006866842309992263,0.023253344332842006,-0.01778828773489863,-0.011006936284812571,0.06031770447716103,-0.008269136124607827
2022Q4,轻工制造,0.015087313510776934,0.006866842309992263,0.00822047120078467,-0.01778828773489863,-0.011006936284812571,0.06031770447716103,-0.023302009256665163
2022Q4,通信,0.0021789431446486984,0.006866842309992263,-0.004687899165343565,-0.01778828773489863,-0.011006936284812571,0.06031770447716103,-0.0362103796227934
2022Q4,钢铁,0.00926852900186593,0.006866842309992263,0.002401686691873667,-0.01778828773489863,-0.011006936284812571,0.06031770447716103,-0.029120793765576167
2022Q4,银行,0.007650028208299637,0.006866842309992263,0.0007831858983073734,-0.01778828773489863,-0.011006936284812571,0.06031770447716103,-0.030739294559142462
2022Q4,非银金融,0.023941611741382735,0.006866842309992263,0.017074769431390472,-0.01778828773489863,-0.011006936284812571,0.06031770447716103,-0.014447711026059361
2022Q4,食品饮料,0.04055678599704833,0.006866842309992263,0.033689943687056065,-0.01778828773489863,-0.011006936284812571,0.06031770447716103,0.0021674632296062313
2023Q1,交通运输,0.007750329859571602,0.020744812983487033,-0.012994483123915431,-0.0081123703734049,-0.0099193160536635,0.050047225509419535,-0.04501002220626657
2023Q1,传媒,0.06437545226809589,0.020744812983487033,0.04363063928460886,-0.0081123703734049,-0.0099193160536635,0.050047225509419535,0.011615100202257728
2023Q1,公用事业,-0.0018994358799364665,0.020744812983487033,-0.022644248863423498,-0.0081123703734049,-0.0099193160536635,0.050047225509419535,-0.054659787945774634
2023Q1,农林牧渔,0.0026175040367949994,0.020744812983487033,-0.018127308946692032,-0.0081123703734049,-0.0099193160536635,0.050047225509419535,-0.05014284802904317
2023Q1,医药生物,0.01533630374909817,0.020744812983487033,-0.005408509234388863,-0.0081123703734049,-0.0099193160536635,0.050047225509419535,-0.03742404831674
2023Q1,商贸零售,-0.0034860286572673004,0.020744812983487033,-0.024230841640754334,-0.0081123703734049,-0.0099193160536635,0.050047225509419535,-0.05624638072310547
2023Q1,国防军工,0.0190814028942587,0.020744812983487033,-0.0016634100892283336,-0.0081123703734049,-0.0099193160536635,0.050047225509419535,-0.03367894917157947
2023Q1,基础化工,0.010331884146996298,0.020744812983487033,-0.010412928836490734,-0.0081123703734049,-0.0099193160536635,0.050047225509419535,-0.04242846791884187
2023Q1,家用电器,0.03944336697880977,0.020744812983487033,0.018698553995322737,-0.0081123703734049,-0.0099193160536635,0.050047225509419535,-0.013316985087028398
2023Q1,建筑材料,0.010271960808599129,0.020744812983487033,-0.010472852174887904,-0.0081123703734049,-0.0099193160536635,0.050047225509419535,-0.042488391257239036
2023Q1,建筑装饰,0.02248883301590694,0.020744812983487033,0.001744020032419906,-0.0081123703734049,-0.0099193160536635,0.050047225509419535,-0.03027151904993123
2023Q1,房地产,-0.015594764274450735,0.020744812983487033,-0.036339577257937766,-0.0081123703734049,-0.0099193160536635,0.050047225509419535,-0.0683551163402889
2023Q1,有色金属,0.022608112426415628,0.020744812983487033,0.0018632994429285954,-0.0081123703734049,-0.0099193160536635,0.050047225509419535,-0.03015223963942254
2023Q1,机械设备,0.027773078276329966,0.020744812983487033,0.007028265292842933,-0.0081123703734049,-0.0099193160536635,0.050047225509419535,-0.024987273789508203
2023Q1,汽车,0.01923368933365233,0.020744812983487033,-0.001511123649834703,-0.0081123703734049,-0.0099193160536635,0.050047225509419535,-0.03352666273218584
2023Q1,煤炭,0.0038939066054537036,0.020744812983487033,-0.01685090637803333,-0.0081123703734049,-0.0099193160536635,0.050047225509419535,-0.04886644546038446
2023Q1,环保,0.020494682235816634,0.020744812983487033,-0.000250130747670399,-0.0081123703734049,-0.0099193160536635,0.050047225509419535,-0.032265669830021534
2023Q1,电力设备,0.01767746379513387,0.020744812983487033,-0.0030673491883531634,-0.0081123703734049,-0.0099193160536635,0.050047225509419535,-0.0350828882707043
2023Q1,电子,0.052393965614242005,0.020744812983487033,0.031649152630754976,-0.0081123703734049,-0.0099193160536635,0.050047225509419535,-0.00036638645159615957
2023Q1,石油石化,0.003723115479230703,0.020744812983487033,-0.01702169750425633,-0.0081123703734049,-0.0099193160536635,0.050047225509419535,-0.04903723658660747
2023Q1,社会服务,-0.005499454343172501,0.020744812983487033,-0.026244267326659534,-0.0081123703734049,-0.0099193160536635,0.050047225509419535,-0.05825980640901067
2023Q1,纺织服饰,0.0068283337767091334,0.020744812983487033,-0.0139164792067779,-0.0081123703734049,-0.0099193160536635,0.050047225509419535,-0.04593201828912903
2023Q1,综合,0.016773005493863666,0.020744812983487033,-0.003971807489623367,-0.0081123703734049,-0.0099193160536635,0.050047225509419535,-0.0359873465719745
2023Q1,美容护理,-0.006542083527921735,0.020744812983487033,-0.027286896511408767,-0.0081123703734049,-0.0099193160536635,0.050047225509419535,-0.0593024355937599
2023Q1,计算机,0.080766297941958,0.020744812983487033,0.06002148495847097,-0.0081123703734049,-0.0099193160536635,0.050047225509419535,0.028005945876119834
2023Q1,轻工制造,0.0202878363367175,0.020744812983487033,-0.0004569766467695316,-0.0081123703734049,-0.0099193160536635,0.050047225509419535,-0.03247251572912067
2023Q1,通信,0.07559567982342917,0.020744812983487033,0.05485086683994214,-0.0081123703734049,-0.0099193160536635,0.050047225509419535,0.022835327757591006
2023Q1,钢铁,0.020569767887534937,0.020744812983487033,-0.00017504509595209564,-0.0081123703734049,-0.0099193160536635,0.050047225509419535,-0.03219058417830323
2023Q1,银行,-0.0037720781435224998,0.020744812983487033,-0.024516891127009534,-0.0081123703734049,-0.0099193160536635,0.050047225509419535,-0.05653243020936067
2023Q1,非银金融,0.014851014718326635,0.020744812983487033,-0.0058937982651603976,-0.0081123703734049,-0.0099193160536635,0.050047225509419535,-0.037909337347511535
2023Q1,食品饮料,0.0028015261948029016,0.020744812983487033,-0.01794328678868413,-0.0081123703734049,-0.0099193160536635,0.050047225509419535,-0.04995882587103527
2023Q2,交通运输,-0.016434071666698167,-0.0243657916699701,0.007931720003271935,0.0013583694443243001,0.008691208386228265,0.09884668497209913,-0.10096454279937975
2023Q2,传媒,-0.009960735927030966,-0.0243657916699701,0.014405055742939136,0.0013583694443243001,0.008691208386228265,0.09884668497209913,-0.09449120705971255
2023Q2,公用事业,0.015974696818328502,-0.0243657916699701,0.040340488488298604,0.0013583694443243001,0.008691208386228265,0.09884668497209913,-0.06855577431435309
2023Q2,农林牧渔,-0.03434673430623431,-0.0243657916699701,-0.009980942636264211,0.0013583694443243001,0.008691208386228265,0.09884668497209913,-0.1188772054389159
2023Q2,医药生物,-0.030833749918017964,-0.0243657916699701,-0.006467958248047863,0.0013583694443243001,0.008691208386228265,0.09884668497209913,-0.11536422105069954
2023Q2,商贸零售,-0.0347590429962017,-0.0243657916699701,-0.0103932513262316,0.0013583694443243001,0.008691208386228265,0.09884668497209913,-0.11928951412888329
2023Q2,国防军工,-0.003331468833696867,-0.0243657916699701,0.021034322836273236,0.0013583694443243001,0.008691208386228265,0.09884668497209913,-0.08786193996637845
2023Q2,基础化工,-0.03474311198856773,-0.0243657916699701,-0.010377320318597626,0.0013583694443243001,0.008691208386228265,0.09884668497209913,-0.11927358312124932
2023Q2,家用电器,0.005607733086939966,-0.0243657916699701,0.029973524756910067,0.0013583694443243001,0.008691208386228265,0.09884668497209913,-0.07892273804574162
2023Q2,建筑材料,-0.030236215351846066,-0.0243657916699701,-0.005870423681875965,0.0013583694443243001,0.008691208386228265,0.09884668497209913,-0.11476668648452765
2023Q2,建筑装饰,-0.018594599532001762,-0.0243657916699701,0.0057711921379683395,0.0013583694443243001,0.008691208386228265,0.09884668497209913,-0.10312507066468335
2023Q2,房地产,-0.015758815524811266,-0.0243657916699701,0.008606976145158835,0.0013583694443243001,0.008691208386228265,0.09884668497209913,-0.10028928665749286
2023Q2,有色金属,-0.036649962495277966,-0.0243657916699701,-0.012284170825307864,0.0013583694443243001,0.008691208386228265,0.09884668497209913,-0.12118043362795955
2023Q2,机械设备,0.000523777644430401,-0.0243657916699701,0.024889569314400502,0.0013583694443243001,0.008691208386228265,0.09884668497209913,-0.08400669348825118
2023Q2,汽车,-0.003648171843334861,-0.0243657916699701,0.02071761982663524,0.0013583694443243001,0.008691208386228265,0.09884668497209913,-0.08817864297601645
2023Q2,煤炭,-0.033908177736128774,-0.0243657916699701,-0.009542386066158672,0.0013583694443243001,0.008691208386228265,0.09884668497209913,-0.11843864886881036
2023Q2,环保,-0.008323667730047366,-0.0243657916699701,0.016042123939922735,0.0013583694443243001,0.008691208386228265,0.09884668497209913,-0.09285413886272895
2023Q2,电力设备,-0.019611468590235336,-0.0243657916699701,0.004754323079734765,0.0013583694443243001,0.008691208386228265,0.09884668497209913,-0.10414193972291692
2023Q2,电子,-0.030205602173579232,-0.0243657916699701,-0.005839810503609131,0.0013583694443243001,0.008691208386228265,0.09884668497209913,-0.11473607330626082
2023Q2,石油石化,-0.012323643652761099,-0.0243657916699701,0.012042148017209002,0.0013583694443243001,0.008691208386228265,0.09884668497209913,-0.09685411478544269
2023Q2,社会服务,-0.041598901755429435,-0.0243657916699701,-0.017233110085459333,0.0013583694443243001,0.008691208386228265,0.09884668497209913,-0.12612937288811102
2023Q2,纺织服饰,-0.005330665026582501,-0.0243657916699701,0.0190351266433876,0.0013583694443243001,0.008691208386228265,0.09884668497209913,-0.08986113615926408
2023Q2,综合,-0.01314644079628633,-0.0243657916699701,0.01121935087368377,0.0013583694443243001,0.008691208386228265,0.09884668497209913,-0.09767691192896792
2023Q2,美容护理,-0.03269820420863146,-0.0243657916699701,-0.00833241253866136,0.0013583694443243001,0.008691208386228265,0.09884668497209913,-0.11722867534131305
2023Q2,计算机,-0.04313427456133657,-0.0243657916699701,-0.018768482891366466,0.0013583694443243001,0.008691208386228265,0.09884668497209913,-0.12766474569401814
2023Q2,轻工制造,-0.0206803836208387,-0.0243657916699701,0.0036854080491314015,0.0013583694443243001,0.008691208386228265,0.09884668497209913,-0.1052108547535203
2023Q2,通信,-0.0040571863815045996,-0.0243657916699701,0.020308605288465502,0.0013583694443243001,0.008691208386228265,0.09884668497209913,-0.08858765751418618
2023Q2,钢铁,-0.025910185410455935,-0.0243657916699701,-0.001544393740485834,0.0013583694443243001,0.008691208386228265,0.09884668497209913,-0.11044065654313752
2023Q2,银行,-0.001747899884996667,-0.0243657916699701,0.022617891784973435,0.0013583694443243001,0.008691208386228265,0.09884668497209913,-0.08627837101767825
2023Q2,非银金融,-0.0113758625246837,-0.0243657916699701,0.012989929145286402,0.0013583694443243001,0.008691208386228265,0.09884668497209913,-0.09590633365736528
2023Q2,食品饮料,-0.0402921378525419,-0.0243657916699701,-0.015926346182571795,0.0013583694443243001,0.008691208386228265,0.09884668497209913,-0.12482260898522349
2023Q3,交通运输,-0.0009525965113127999,-0.024654087086175867,0.023701490574863066,0.0030841825811044666,0.022015140295615698,0.0668030759621128,-0.06820090826396989
2023Q3,传媒,-0.0502523551183088,-0.024654087086175867,-0.025598268032132932,0.0030841825811044666,0.022015140295615698,0.0668030759621128,-0.11750066687096589
2023Q3,公用事业,-0.027140738682271834,-0.024654087086175867,-0.002486651596095967,0.0030841825811044666,0.022015140295615698,0.0668030759621128,-0.09438905043492893
2023Q3,农林牧渔,-0.010786512482197934,-0.024654087086175867,0.013867574603977932,0.0030841825811044666,0.022015140295615698,0.0668030759621128,-0.07803482423485503
2023Q3,医药生物,-0.013960058104329902,-0.024654087086175867,0.010694028981845965,0.0030841825811044666,0.022015140295615698,0.0668030759621128,-0.081208369856987
2023Q3,商贸零售,-0.0031333945468370017,-0.024654087086175867,0.021520692539338866,0.0030841825811044666,0.022015140295615698,0.0668030759621128,-0.07038170629949408
2023Q3,国防军工,-0.039367315183459,-0.024654087086175867,-0.014713228097283131,0.0030841825811044666,0.022015140295615698,0.0668030759621128,-0.10661562693611609
2023Q3,基础化工,-0.0216415915364587,-0.024654087086175867,0.003012495549717168,0.0030841825811044666,0.022015140295615698,0.0668030759621128,-0.0888899032891158
2023Q3,家用电器,-0.016490882278805897,-0.024654087086175867,0.00816320480736997,0.0030841825811044666,0.022015140295615698,0.0668030759621128,-0.08373919403146299
2023Q3,建筑材料,-0.0013119824026540331,-0.024654087086175867,0.023342104683521832,0.0030841825811044666,0.022015140295615698,0.0668030759621128,-0.06856029415531112
2023Q3,建筑装饰,-0.012572688600590798,-0.024654087086175867,0.012081398485585069,0.0030841825811044666,0.022015140295615698,0.0668030759621128,-0.07982100035324789
2023Q3,房地产,0.005668935497829199,-0.024654087086175867,0.030323022584005065,0.0030841825811044666,0.022015140295615698,0.0668030759621128,-0.06157937625482789
2023Q3,有色金属,-0.011709780663744835,-0.024654087086175867,0.012944306422431032,0.0030841825811044666,0.022015140295615698,0.0668030759621128,-0.07895809241640192
2023Q3,机械设备,-0.026654452521155534,-0.024654087086175867,-0.0020003654349796673,0.0030841825811044666,0.022015140295615698,0.0668030759621128,-0.09390276427381263
2023Q3,汽车,-0.015356101968840033,-0.024654087086175867,0.009297985117335834,0.0030841825811044666,0.022015140295615698,0.0668030759621128,-0.08260441372149713
2023Q3,煤炭,0.019129943275035904,-0.024654087086175867,0.04378403036121177,0.0030841825811044666,0.022015140295615698,0.0668030759621128,-0.04811836847762119
2023Q3,环保,-0.0083447563435985,-0.024654087086175867,0.016309330742577365,0.0030841825811044666,0.022015140295615698,0.0668030759621128,-0.0755930680962556
2023Q3,电力设备,-0.04775829015654263,-0.024654087086175867,-0.02310420307036676,0.0030841825811044666,0.022015140295615698,0.0668030759621128,-0.11500660190919972
2023Q3,电子,-0.028522065672178503,-0.024654087086175867,-0.0038679785860026364,0.0030841825811044666,0.022015140295615698,0.0668030759621128,-0.0957703774248356
2023Q3,石油石化,0.0301828104501837,-0.024654087086175867,0.05483689753635956,0.0030841825811044666,0.022015140295615698,0.0668030759621128,-0.037065501302473394
2023Q3,社会服务,-0.0180421341074272,-0.024654087086175867,0.006611952978748666,0.0030841825811044666,0.022015140295615698,0.0668030759621128,-0.08529044586008429
2023Q3,纺织服饰,-0.002760845327830467,-0.024654087086175867,0.0218932417583454,0.0030841825811044666,0.022015140295615698,0.0668030759621128,-0.07000915708048755
2023Q3,综合,-0.009654219680258834,-0.024654087086175867,0.014999867405917033,0.0030841825811044666,0.022015140295615698,0.0668030759621128,-0.07690253143291592
2023Q3,美容护理,-0.015548742288472202,-0.024654087086175867,0.009105344797703665,0.0030841825811044666,0.022015140295615698,0.0668030759621128,-0.08279705404112929
2023Q3,计算机,-0.0380971973309342,-0.024654087086175867,-0.013443110244758336,0.0030841825811044666,0.022015140295615698,0.0668030759621128,-0.10534550908359129
2023Q3,轻工制造,-0.008922816100245867,-0.024654087086175867,0.01573127098593,0.0030841825811044666,0.022015140295615698,0.0668030759621128,-0.07617112785290296
2023Q3,通信,-0.02789717834756387,-0.024654087086175867,-0.003243091261388005,0.0030841825811044666,0.022015140295615698,0.0668030759621128,-0.09514549010022097
2023Q3,钢铁,0.006640159491965135,-0.024654087086175867,0.031294246578141005,0.0030841825811044666,0.022015140295615698,0.0668030759621128,-0.06060815226069195
2023Q3,银行,0.011355146946627398,-0.024654087086175867,0.03600923403280326,0.0030841825811044666,0.022015140295615698,0.0668030759621128,-0.055893164806029697
2023Q3,非银金融,0.019513617994801665,-0.024654087086175867,0.04416770508097753,0.0030841825811044666,0.022015140295615698,0.0668030759621128,-0.047734693757855426
2023Q3,食品饮料,-0.0019062863503560993,-0.024654087086175867,0.02274780073581977,0.0030841825811044666,0.022015140295615698,0.0668030759621128,-0.06915459810301319
2023Q4,交通运输,-0.011837654501842432,-0.005966137058507833,-0.005871517443334599,0.02843237657974453,-0.016368806238535368,0.0645420600749122,-0.08247714785945597
2023Q4,传媒,-0.007491476964379099,-0.005966137058507833,-0.0015253399058712657,0.02843237657974453,-0.016368806238535368,0.0645420600749122,-0.07813097032199263
2023Q4,公用事业,-0.0058588167918031675,-0.005966137058507833,0.00010732026670466546,0.02843237657974453,-0.016368806238535368,0.0645420600749122,-0.0764983101494167
2023Q4,农林牧渔,-0.011535474694481,-0.005966137058507833,-0.005569337635973166,0.02843237657974453,-0.016368806238535368,0.0645420600749122,-0.08217496805209454
2023Q4,医药生物,-0.003702388759024402,-0.005966137058507833,0.002263748299483431,0.02843237657974453,-0.016368806238535368,0.0645420600749122,-0.07434188211663793
2023Q4,商贸零售,-0.011289827469152934,-0.005966137058507833,-0.005323690410645101,0.02843237657974453,-0.016368806238535368,0.0645420600749122,-0.08192932082676647
2023Q4,国防军工,-0.011892919966991468,-0.005966137058507833,-0.005926782908483635,0.02843237657974453,-0.016368806238535368,0.0645420600749122,-0.08253241332460501
2023Q4,基础化工,-0.006871028257187033,-0.005966137058507833,-0.0009048911986792004,0.02843237657974453,-0.016368806238535368,0.0645420600749122,-0.07751052161480057
2023Q4,家用电器,-0.009316650136792467,-0.005966137058507833,-0.0033505130782846343,0.02843237657974453,-0.016368806238535368,0.0645420600749122,-0.079956143494406
2023Q4,建筑材料,-0.030620275709629302,-0.005966137058507833,-0.02465413865112147,0.02843237657974453,-0.016368806238535368,0.0645420600749122,-0.10125976906724284
2023Q4,建筑装饰,-0.019166640565105267,-0.005966137058507833,-0.013200503506597433,0.02843237657974453,-0.016368806238535368,0.0645420600749122,-0.0898061339227188
2023Q4,房地产,-0.03994798882177691,-0.005966137058507833,-0.03398185176326907,0.02843237657974453,-0.016368806238535368,0.0645420600749122,-0.11058748217939043
2023Q4,有色金属,-0.005808095818390734,-0.005966137058507833,0.0001580412401170992,0.02843237657974453,-0.016368806238535368,0.0645420600749122,-0.07644758917600426
2023Q4,机械设备,-0.0032560149292640995,-0.005966137058507833,0.0027101221292437335,0.02843237657974453,-0.016368806238535368,0.0645420600749122,-0.07389550828687763
2023Q4,汽车,0.0022384397477678334,-0.005966137058507833,0.008204576806275666,0.02843237657974453,-0.016368806238535368,0.0645420600749122,-0.0684010536098457
2023Q4,煤炭,0.0043944557551865646,-0.005966137058507833,0.010360592813694398,0.02843237657974453,-0.016368806238535368,0.0645420600749122,-0.06624503760242698
2023Q4,环保,-0.0102951030339827,-0.005966137058507833,-0.004328965975474867,0.02843237657974453,-0.016368806238535368,0.0645420600749122,-0.08093459639159624
2023Q4,电力设备,-0.0023827010253592994,-0.005966137058507833,0.0035834360331485336,0.02843237657974453,-0.016368806238535368,0.0645420600749122,-0.07302219438297283
2023Q4,电子,0.007287412720207532,-0.005966137058507833,0.013253549778715365,0.02843237657974453,-0.016368806238535368,0.0645420600749122,-0.06335208063740601
2023Q4,石油石化,-0.0240882395767601,-0.005966137058507833,-0.018122102518252265,0.02843237657974453,-0.016368806238535368,0.0645420600749122,-0.09472773293437363
2023Q4,社会服务,-0.0161427639757366,-0.005966137058507833,-0.010176626917228766,0.02843237657974453,-0.016368806238535368,0.0645420600749122,-0.08678225733335013
2023Q4,纺织服饰,-0.0031682984378337,-0.005966137058507833,0.002797838620674133,0.02843237657974453,-0.016368806238535368,0.0645420600749122,-0.07380779179544723
2023Q4,综合,-0.012952673652488667,-0.005966137058507833,-0.006986536593980834,0.02843237657974453,-0.016368806238535368,0.0645420600749122,-0.0835921670101022
2023Q4,美容护理,-0.015946035831899602,-0.005966137058507833,-0.009979898773391768,0.02843237657974453,-0.016368806238535368,0.0645420600749122,-0.08658552918951314
2023Q4,计算机,-0.009609079780625232,-0.005966137058507833,-0.0036429427221173994,0.02843237657974453,-0.016368806238535368,0.0645420600749122,-0.08024857313823877
2023Q4,轻工制造,-0.007628298843959234,-0.005966137058507833,-0.0016621617854514006,0.02843237657974453,-0.016368806238535368,0.0645420600749122,-0.07826779220157276
2023Q4,通信,-0.02369974296523907,-0.005966137058507833,-0.017733605906731235,0.02843237657974453,-0.016368806238535368,0.0645420600749122,-0.0943392363228526
2023Q4,钢铁,-0.018034130186925068,-0.005966137058507833,-0.012067993128417234,0.02843237657974453,-0.016368806238535368,0.0645420600749122,-0.0886736235445386
2023Q4,银行,-0.024903112550264162,-0.005966137058507833,-0.01893697549175633,0.02843237657974453,-0.016368806238535368,0.0645420600749122,-0.09554260590787769
2023Q4,非银金融,-0.013118225813892501,-0.005966137058507833,-0.007152088755384668,0.02843237657974453,-0.016368806238535368,0.0645420600749122,-0.08375771917150604
2023Q4,食品饮料,-0.020677971572219,-0.005966137058507833,-0.014711834513711167,0.02843237657974453,-0.016368806238535368,0.0645420600749122,-0.09131746492983253
2024Q1,交通运输,-0.00015730409846943447,-0.0325272153635038,0.03236991126503437,-0.049261174963084874,-0.006827611671761501,0.1124730736597395,-0.024014375759858764
2024Q1,传媒,-0.018770550938040097,-0.0325272153635038,0.013756664425463704,-0.049261174963084874,-0.006827611671761501,0.1124730736597395,-0.04262762259942943
2024Q1,公用事业,-0.003025388913938267,-0.0325272153635038,0.029501826449565536,-0.049261174963084874,-0.006827611671761501,0.1124730736597395,-0.0268824605753276
2024Q1,农林牧渔,-0.03815976462879017,-0.0325272153635038,-0.00563254926528637,-0.049261174963084874,-0.006827611671761501,0.1124730736597395,-0.062016836290179504
2024Q1,医药生物,-0.04708436430313637,-0.0325272153635038,-0.014557148939632565,-0.049261174963084874,-0.006827611671761501,0.1124730736597395,-0.0709414359645257
2024Q1,商贸零售,-0.03663222503960147,-0.0325272153635038,-0.004105009676097671,-0.049261174963084874,-0.006827611671761501,0.1124730736597395,-0.060489296700990805
2024Q1,国防军工,-0.03142702170108186,-0.0325272153635038,0.001100193662421943,-0.049261174963084874,-0.006827611671761501,0.1124730736597395,-0.05528409336247119
2024Q1,基础化工,-0.035208231575713005,-0.0325272153635038,-0.002681016212209203,-0.049261174963084874,-0.006827611671761501,0.1124730736597395,-0.05906530323710234
2024Q1,家用电器,-0.008788568681926503,-0.0325272153635038,0.023738646681577297,-0.049261174963084874,-0.006827611671761501,0.1124730736597395,-0.03264564034331584
2024Q1,建筑材料,-0.031161772210109833,-0.0325272153635038,0.0013654431533939686,-0.049261174963084874,-0.006827611671761501,0.1124730736597395,-0.05501884387149916
2024Q1,建筑装饰,-0.03598629857779987,-0.0325272153635038,-0.0034590832142960687,-0.049261174963084874,-0.006827611671761501,0.1124730736597395,-0.0598433702391892
2024Q1,房地产,-0.041112931593165966,-0.0325272153635038,-0.008585716229662164,-0.049261174963084874,-0.006827611671761501,0.1124730736597395,-0.06497000325455529
2024Q1,有色金属,-6.936534935760481e-05,-0.0325272153635038,0.032457850014146195,-0.049261174963084874,-0.006827611671761501,0.1124730736597395,-0.02392643701074694
2024Q1,机械设备,-0.041379925360281,-0.0325272153635038,-0.008852709996777196,-0.049261174963084874,-0.006827611671761501,0.1124730736597395,-0.06523699702167032
2024Q1,汽车,-0.021466595017521035,-0.0325272153635038,0.011060620345982767,-0.049261174963084874,-0.006827611671761501,0.1124730736597395,-0.04532366667891037
2024Q1,煤炭,0.0088829003770929,-0.0325272153635038,0.0414101157405967,-0.049261174963084874,-0.006827611671761501,0.1124730736597395,-0.014974171284296435
2024Q1,环保,-0.02193392150000203,-0.0325272153635038,0.01059329386350177,-0.049261174963084874,-0.006827611671761501,0.1124730736597395,-0.04579099316139136
2024Q1,电力设备,-0.0341484518987826,-0.0325272153635038,-0.0016212365352787986,-0.049261174963084874,-0.006827611671761501,0.1124730736597395,-0.05800552356017193
2024Q1,电子,-0.0459910761060204,-0.0325272153635038,-0.013463860742516598,-0.049261174963084874,-0.006827611671761501,0.1124730736597395,-0.06984814776740973
2024Q1,石油石化,-0.004793030664768429,-0.0325272153635038,0.027734184698735374,-0.049261174963084874,-0.006827611671761501,0.1124730736597395,-0.02865010232615776
2024Q1,社会服务,-0.018123517618128904,-0.0325272153635038,0.014403697745374897,-0.049261174963084874,-0.006827611671761501,0.1124730736597395,-0.04198058927951824
2024Q1,纺织服饰,-0.02530419052237486,-0.0325272153635038,0.007223024841128942,-0.049261174963084874,-0.006827611671761501,0.1124730736597395,-0.049161262183764196
2024Q1,综合,-0.05942583207783553,-0.0325272153635038,-0.026898616714331726,-0.049261174963084874,-0.006827611671761501,0.1124730736597395,-0.08328290373922487
2024Q1,美容护理,-0.02111476163802656,-0.0325272153635038,0.01141245372547724,-0.049261174963084874,-0.006827611671761501,0.1124730736597395,-0.0449718332994159
2024Q1,计算机,-0.04059047513057393,-0.0325272153635038,-0.008063259767070126,-0.049261174963084874,-0.006827611671761501,0.1124730736597395,-0.06444754679196327
2024Q1,轻工制造,-0.03275518822531984,-0.0325272153635038,-0.0002279728618160351,-0.049261174963084874,-0.006827611671761501,0.1124730736597395,-0.05661225988670917
2024Q1,通信,-0.025322592913427606,-0.0325272153635038,0.007204622450076196,-0.049261174963084874,-0.006827611671761501,0.1124730736597395,-0.04917966457481694
2024Q1,钢铁,-0.0143757666155488,-0.0325272153635038,0.018151448747955004,-0.049261174963084874,-0.006827611671761501,0.1124730736597395,-0.03823283827693813
2024Q1,银行,0.030761504111592633,-0.0325272153635038,0.06328871947509643,-0.049261174963084874,-0.006827611671761501,0.1124730736597395,0.006904432450203293
2024Q1,非银金融,-0.019900008620679834,-0.0325272153635038,0.012627206742823967,-0.049261174963084874,-0.006827611671761501,0.1124730736597395,-0.04375708028206916
2024Q1,食品饮料,-0.024566420072756803,-0.0325272153635038,0.007960795290746999,-0.049261174963084874,-0.006827611671761501,0.1124730736597395,-0.04842349173414613
2024Q2,交通运输,-0.019687194916524497,-0.054603387861306335,0.034916192944781835,-0.05400808401024357,0.006451650967170067,0.10405057457383156,-0.021577948585976225
2024Q2,传媒,-0.08818212892797707,-0.054603387861306335,-0.033578741066670734,-0.05400808401024357,0.006451650967170067,0.10405057457383156,-0.0900728825974288
2024Q2,公用事业,-0.010295317735577967,-0.054603387861306335,0.04430807012572837,-0.05400808401024357,0.006451650967170067,0.10405057457383156,-0.01218607140502969
2024Q2,农林牧渔,-0.061044909049562,-0.054603387861306335,-0.006441521188255667,-0.05400808401024357,0.006451650967170067,0.10405057457383156,-0.06293566271901373
2024Q2,医药生物,-0.05243673122176681,-0.054603387861306335,0.0021666566395395284,-0.05400808401024357,0.006451650967170067,0.10405057457383156,-0.05432748489121853
2024Q2,商贸零售,-0.06400053087905906,-0.054603387861306335,-0.009397143017752727,-0.05400808401024357,0.006451650967170067,0.10405057457383156,-0.06589128454851079
2024Q2,国防军工,-0.04587098623272227,-0.054603387861306335,0.008732401628584067,-0.05400808401024357,0.006451650967170067,0.10405057457383156,-0.04776173990217399
2024Q2,基础化工,-0.049156288790535636,-0.054603387861306335,0.005447099070770699,-0.05400808401024357,0.006451650967170067,0.10405057457383156,-0.05104704245998736
2024Q2,家用电器,-0.03932799843957793,-0.054603387861306335,0.015275389421728403,-0.05400808401024357,0.006451650967170067,0.10405057457383156,-0.04121875210902966
2024Q2,建筑材料,-0.050547314719422,-0.054603387861306335,0.004056073141884338,-0.05400808401024357,0.006451650967170067,0.10405057457383156,-0.05243806838887372
2024Q2,建筑装饰,-0.0692286971505449,-0.054603387861306335,-0.014625309289238567,-0.05400808401024357,0.006451650967170067,0.10405057457383156,-0.07111945081999663
2024Q2,房地产,-0.0463655195013132,-0.054603387861306335,0.008237868359993135,-0.05400808401024357,0.006451650967170067,0.10405057457383156,-0.048256273170764925
2024Q2,有色金属,-0.03972059579812453,-0.054603387861306335,0.014882792063181806,-0.05400808401024357,0.006451650967170067,0.10405057457383156,-0.041611349467576254
2024Q2,机械设备,-0.06043627012693844,-0.054603387861306335,-0.005832882265632104,-0.05400808401024357,0.006451650967170067,0.10405057457383156,-0.062327023796390164
2024Q2,汽车,-0.0542640765214796,-0.054603387861306335,0.00033931133982673806,-0.05400808401024357,0.006451650967170067,0.10405057457383156,-0.05615483019093132
2024Q2,煤炭,-0.009040155524726834,-0.054603387861306335,0.0455632323365795,-0.05400808401024357,0.006451650967170067,0.10405057457383156,-0.010930909194178558
2024Q2,环保,-0.04193900161045,-0.054603387861306335,0.012664386250856335,-0.05400808401024357,0.006451650967170067,0.10405057457383156,-0.043829755279901725
2024Q2,电力设备,-0.048105016202930735,-0.054603387861306335,0.0064983716583756,-0.05400808401024357,0.006451650967170067,0.10405057457383156,-0.04999576987238246
2024Q2,电子,-0.0299459490451882,-0.054603387861306335,0.024657438816118135,-0.05400808401024357,0.006451650967170067,0.10405057457383156,-0.031836702714639925
2024Q2,石油石化,-0.03315900136951267,-0.054603387861306335,0.021444386491793664,-0.05400808401024357,0.006451650967170067,0.10405057457383156,-0.035049755038964396
2024Q2,社会服务,-0.07222806246991044,-0.054603387861306335,-0.017624674608604105,-0.05400808401024357,0.006451650967170067,0.10405057457383156,-0.07411881613936216
2024Q2,纺织服饰,-0.055312467858451835,-0.054603387861306335,-0.0007090799971454995,-0.05400808401024357,0.006451650967170067,0.10405057457383156,-0.05720322152790356
2024Q2,综合,-0.0781699552598939,-0.054603387861306335,-0.023566567398587562,-0.05400808401024357,0.006451650967170067,0.10405057457383156,-0.08006070892934562
2024Q2,美容护理,-0.04533845168284726,-0.054603387861306335,0.009264936178459075,-0.05400808401024357,0.006451650967170067,0.10405057457383156,-0.047229205352298985
2024Q2,计算机,-0.08169331181616783,-0.054603387861306335,-0.027089923954861497,-0.05400808401024357,0.006451650967170067,0.10405057457383156,-0.08358406548561956
2024Q2,轻工制造,-0.0645966848887143,-0.054603387861306335,-0.009993297027407963,-0.05400808401024357,0.006451650967170067,0.10405057457383156,-0.06648743855816602
2024Q2,通信,-0.060510824099655226,-0.054603387861306335,-0.005907436238348891,-0.05400808401024357,0.006451650967170067,0.10405057457383156,-0.06240157776910695
2024Q2,钢铁,-0.0390866120476964,-0.054603387861306335,0.015516775813609933,-0.05400808401024357,0.006451650967170067,0.10405057457383156,-0.04097736571714813
2024Q2,银行,0.015505013533001698,-0.054603387861306335,0.07010840139430803,-0.05400808401024357,0.006451650967170067,0.10405057457383156,0.013614259863549971
2024Q2,非银金融,-0.034279967744123,-0.054603387861306335,0.020323420117183334,-0.05400808401024357,0.006451650967170067,0.10405057457383156,-0.036170721413574726
2024Q2,食品饮料,-0.05006348832131074,-0.054603387861306335,0.004539899539995597,-0.05400808401024357,0.006451650967170067,0.10405057457383156,-0.05195424199076246
2024Q3,交通运输,0.039306539311702436,0.022338598640469706,0.01696794067123273,-0.018617054555033034,0.0189920966058036,0.05682754380237737,-0.040234645181915205
2024Q3,传媒,0.055175684940635704,0.022338598640469706,0.032837086300166,-0.018617054555033034,0.0189920966058036,0.05682754380237737,-0.024365499552981937
2024Q3,公用事业,0.019013335250440033,0.022338598640469706,-0.0033252633900296737,-0.018617054555033034,0.0189920966058036,0.05682754380237737,-0.06052784924317761
2024Q3,农林牧渔,0.04783830851240837,0.022338598640469706,0.025499709871938663,-0.018617054555033034,0.0189920966058036,0.05682754380237737,-0.03170287598120927
2024Q3,医药生物,0.04275920671054267,0.022338598640469706,0.02042060807007296,-0.018617054555033034,0.0189920966058036,0.05682754380237737,-0.03678197778307497
2024Q3,商贸零售,0.0683611273212643,0.022338598640469706,0.046022528680794594,-0.018617054555033034,0.0189920966058036,0.05682754380237737,-0.01118005717235334
2024Q3,国防军工,0.03357915166930487,0.022338598640469706,0.011240553028835164,-0.018617054555033034,0.0189920966058036,0.05682754380237737,-0.04596203282431277
2024Q3,基础化工,0.03884979913655427,0.022338598640469706,0.016511200496084566,-0.018617054555033034,0.0189920966058036,0.05682754380237737,-0.04069138535706337
2024Q3,家用电器,0.043459757277520134,0.022338598640469706,0.021121158637050427,-0.018617054555033034,0.0189920966058036,0.05682754380237737,-0.03608142721609751
2024Q3,建筑材料,0.04556406371325577,0.022338598640469706,0.023225465072786063,-0.018617054555033034,0.0189920966058036,0.05682754380237737,-0.03397712078036187
2024Q3,建筑装饰,0.04334413647355506,0.022338598640469706,0.021005537833085355,-0.018617054555033034,0.0189920966058036,0.05682754380237737,-0.03619704802006258
2024Q3,房地产,0.09524851967733088,0.022338598640469706,0.07290992103686117,-0.018617054555033034,0.0189920966058036,0.05682754380237737,0.015707335183713235
2024Q3,有色金属,0.0462019958521618,0.022338598640469706,0.023863397211692096,-0.018617054555033034,0.0189920966058036,0.05682754380237737,-0.03333918864145584
2024Q3,机械设备,0.03623306772393533,0.022338598640469706,0.013894469083465623,-0.018617054555033034,0.0189920966058036,0.05682754380237737,-0.04330811676968231
2024Q3,汽车,0.042163913647262095,0.022338598640469706,0.01982531500679239,-0.018617054555033034,0.0189920966058036,0.05682754380237737,-0.037377270846355545
2024Q3,煤炭,0.021361185295415436,0.022338598640469706,-0.0009774133450542698,-0.018617054555033034,0.0189920966058036,0.05682754380237737,-0.0581799991982022
2024Q3,环保,0.0398174586994019,0.022338598640469706,0.01747886005893219,-0.018617054555033034,0.0189920966058036,0.05682754380237737,-0.03972372579421574
2024Q3,电力设备,0.03252686965961996,0.022338598640469706,0.010188271019150257,-0.018617054555033034,0.0189920966058036,0.05682754380237737,-0.04701431483399768
2024Q3,电子,0.02781556662954156,0.022338598640469706,0.005476967989071855,-0.018617054555033034,0.0189920966058036,0.05682754380237737,-0.051725617864076076
2024Q3,石油石化,0.0268595843025053,0.022338598640469706,0.004520985662035595,-0.018617054555033034,0.0189920966058036,0.05682754380237737,-0.05268160019111234
2024Q3,社会服务,0.06310544591617258,0.022338598640469706,0.04076684727570287,-0.018617054555033034,0.0189920966058036,0.05682754380237737,-0.016435738577445062
2024Q3,纺织服饰,0.04467340559493774,0.022338598640469706,0.02233480695446803,-0.018617054555033034,0.0189920966058036,0.05682754380237737,-0.0348677788986799
2024Q3,综合,0.09459520771012618,0.022338598640469706,0.07225660906965647,-0.018617054555033034,0.0189920966058036,0.05682754380237737,0.01505402321650854
2024Q3,美容护理,0.034224635728767994,0.022338598640469706,0.011886037088298287,-0.018617054555033034,0.0189920966058036,0.05682754380237737,-0.04531654876484965
2024Q3,计算机,0.059209042313434206,0.022338598640469706,0.0368704436729645,-0.018617054555033034,0.0189920966058036,0.05682754380237737,-0.020332142180183435
2024Q3,轻工制造,0.054120491290109964,0.022338598640469706,0.03178189264964026,-0.018617054555033034,0.0189920966058036,0.05682754380237737,-0.025420693203507677
2024Q3,通信,0.037955273540494,0.022338598640469706,0.015616674900024295,-0.018617054555033034,0.0189920966058036,0.05682754380237737,-0.04158591095312364
2024Q3,钢铁,0.0559995370692154,0.022338598640469706,0.03366093842874569,-0.018617054555033034,0.0189920966058036,0.05682754380237737,-0.02354164742440224
2024Q3,银行,0.0345100273809225,0.022338598640469706,0.012171428740452794,-0.018617054555033034,0.0189920966058036,0.05682754380237737,-0.04503115711269514
2024Q3,非银金融,0.1282404786115793,0.022338598640469706,0.1059018799711096,-0.018617054555033034,0.0189920966058036,0.05682754380237737,0.048699294117961665
2024Q3,食品饮料,0.0538213631085294,0.022338598640469706,0.03148276446805969,-0.018617054555033034,0.0189920966058036,0.05682754380237737,-0.025719821385088243
2024Q4,交通运输,-0.0074058775918261,-0.008951840455016166,0.001545962863190066,0.0026923010840782294,-0.007754385772086601,0.10073286419808329,-0.09412481664688485
2024Q4,传媒,-0.005333476257060867,-0.008951840455016166,0.0036183641979552995,0.0026923010840782294,-0.007754385772086601,0.10073286419808329,-0.09205241531211962
2024Q4,公用事业,-0.012012347886530534,-0.008951840455016166,-0.003060507431514368,0.0026923010840782294,-0.007754385772086601,0.10073286419808329,-0.0987312869415893
2024Q4,农林牧渔,0.0014370213803603347,-0.008951840455016166,0.010388861835376502,0.0026923010840782294,-0.007754385772086601,0.10073286419808329,-0.08528191767469842
2024Q4,医药生物,-0.025499959500661532,-0.008951840455016166,-0.016548119045645366,0.0026923010840782294,-0.007754385772086601,0.10073286419808329,-0.11221889855572029
2024Q4,商贸零售,0.04349376227783474,-0.008951840455016166,0.052445602732850906,0.0026923010840782294,-0.007754385772086601,0.10073286419808329,-0.04322517677722402
2024Q4,国防军工,-0.01277048269707363,-0.008951840455016166,-0.003818642242057463,0.0026923010840782294,-0.007754385772086601,0.10073286419808329,-0.09948942175213239
2024Q4,基础化工,-0.010187590837971933,-0.008951840455016166,-0.0012357503829557668,0.0026923010840782294,-0.007754385772086601,0.10073286419808329,-0.0969065298930307
2024Q4,家用电器,0.0037851773543995334,-0.008951840455016166,0.0127370178094157,0.0026923010840782294,-0.007754385772086601,0.10073286419808329,-0.08293376170065922
2024Q4,建筑材料,-0.002968850506583432,-0.008951840455016166,0.0059829899484327344,0.0026923010840782294,-0.007754385772086601,0.10073286419808329,-0.0896877895616422
2024Q4,建筑装饰,0.007490386511412299,-0.008951840455016166,0.016442226966428466,0.0026923010840782294,-0.007754385772086601,0.10073286419808329,-0.07922855254364645
2024Q4,房地产,-0.023835541268291502,-0.008951840455016166,-0.014883700813275336,0.0026923010840782294,-0.007754385772086601,0.10073286419808329,-0.11055448032335026
2024Q4,有色金属,-0.018954153782242265,-0.008951840455016166,-0.0100023133272261,0.0026923010840782294,-0.007754385772086601,0.10073286419808329,-0.10567309283730103
2024Q4,机械设备,-0.0026498839016702302,-0.008951840455016166,0.006301956553345936,0.0026923010840782294,-0.007754385772086601,0.10073286419808329,-0.08936882295672899
2024Q4,汽车,0.0017419665624156973,-0.008951840455016166,0.010693807017431863,0.0026923010840782294,-0.007754385772086601,0.10073286419808329,-0.08497697249264306
2024Q4,煤炭,-0.024586818190922233,-0.008951840455016166,-0.015634977735906067,0.0026923010840782294,-0.007754385772086601,0.10073286419808329,-0.11130575724598099
2024Q4,环保,-0.001325681945830932,-0.008951840455016166,0.007626158509185234,0.0026923010840782294,-0.007754385772086601,0.10073286419808329,-0.0880446210008897
2024Q4,电力设备,-0.005484709330269832,-0.008951840455016166,0.003467131124746334,0.0026923010840782294,-0.007754385772086601,0.10073286419808329,-0.09220364838532859
2024Q4,电子,0.0013773267470735331,-0.008951840455016166,0.0103291672020897,0.0026923010840782294,-0.007754385772086601,0.10073286419808329,-0.08534161230798523
2024Q4,石油石化,-0.008279729511951066,-0.008951840455016166,0.0006721109430651,0.0026923010840782294,-0.007754385772086601,0.10073286419808329,-0.09499866856700982
2024Q4,社会服务,-0.0127348472333218,-0.008951840455016166,-0.0037830067783056337,0.0026923010840782294,-0.007754385772086601,0.10073286419808329,-0.09945378628838056
2024Q4,纺织服饰,0.004679836633743266,-0.008951840455016166,0.013631677088759432,0.0026923010840782294,-0.007754385772086601,0.10073286419808329,-0.08203910242131549
2024Q4,综合,-0.004502715308324273,-0.008951840455016166,0.004449125146691893,0.0026923010840782294,-0.007754385772086601,0.10073286419808329,-0.09122165436338303
2024Q4,美容护理,-0.020322955865270102,-0.008951840455016166,-0.011371115410253936,0.0026923010840782294,-0.007754385772086601,0.10073286419808329,-0.10704189492032887
2024Q4,计算机,0.007355924847826101,-0.008951840455016166,0.016307765302842267,0.0026923010840782294,-0.007754385772086601,0.10073286419808329,-0.07936301420723266
2024Q4,轻工制造,0.002197635041615668,-0.008951840455016166,0.011149475496631834,0.0026923010840782294,-0.007754385772086601,0.10073286419808329,-0.08452130401344309
2024Q4,通信,0.009573227445317736,-0.008951840455016166,0.018525067900333904,0.0026923010840782294,-0.007754385772086601,0.10073286419808329,-0.07714571160974101
2024Q4,钢铁,-0.026338524253226137,-0.008951840455016166,-0.01738668379820997,0.0026923010840782294,-0.007754385772086601,0.10073286419808329,-0.1130574633082849
2024Q4,银行,0.011157892340118098,-0.008951840455016166,0.020109732795134262,0.0026923010840782294,-0.007754385772086601,0.10073286419808329,-0.07556104671494066
2024Q4,非银金融,-0.013912130588721233,-0.008951840455016166,-0.004960290133705067,0.0026923010840782294,-0.007754385772086601,0.10073286419808329,-0.10063106964377999
2024Q4,食品饮料,0.0004639693795767651,-0.008951840455016166,0.009415809834592932,0.0026923010840782294,-0.007754385772086601,0.10073286419808329,-0.08625496967548199
2025Q1,交通运输,-0.008164548790810133,0.00043587941275829875,-0.008600428203568431,-7.212198944760047e-05,-0.0115849263762475,0.061281728154489096,-0.058225107992362427
2025Q1,传媒,-0.014042403852683202,0.00043587941275829875,-0.0144782832654415,-7.212198944760047e-05,-0.0115849263762475,0.061281728154489096,-0.06410296305423549
2025Q1,公用事业,-0.0089807647710244,0.00043587941275829875,-0.009416644183782697,-7.212198944760047e-05,-0.0115849263762475,0.061281728154489096,-0.05904132397257669
2025Q1,农林牧渔,-0.01578014373747943,0.00043587941275829875,-0.01621602315023773,-7.212198944760047e-05,-0.0115849263762475,0.061281728154489096,-0.06584070293903173
2025Q1,医药生物,0.0017543508324196655,0.00043587941275829875,0.0013184714196613667,-7.212198944760047e-05,-0.0115849263762475,0.061281728154489096,-0.048306208369132624
2025Q1,商贸零售,-0.037879157812537895,0.00043587941275829875,-0.038315037225296195,-7.212198944760047e-05,-0.0115849263762475,0.061281728154489096,-0.08793971701409019
2025Q1,国防军工,-0.003586523939218501,0.00043587941275829875,-0.0040224033519768,-7.212198944760047e-05,-0.0115849263762475,0.061281728154489096,-0.053647083140770796
2025Q1,基础化工,0.018695631839655797,0.00043587941275829875,0.018259752426897497,-7.212198944760047e-05,-0.0115849263762475,0.061281728154489096,-0.0313649273618965
2025Q1,家用电器,0.011587958360057564,0.00043587941275829875,0.011152078947299266,-7.212198944760047e-05,-0.0115849263762475,0.061281728154489096,-0.03847260084149473
2025Q1,建筑材料,-0.0089728849448138,0.00043587941275829875,-0.009408764357572099,-7.212198944760047e-05,-0.0115849263762475,0.061281728154489096,-0.05903344414636609
2025Q1,建筑装饰,-0.009581766087732332,0.00043587941275829875,-0.01001764550049063,-7.212198944760047e-05,-0.0115849263762475,0.061281728154489096,-0.05964232528928462
2025Q1,房地产,-0.016589607751104966,0.00043587941275829875,-0.017025487163863266,-7.212198944760047e-05,-0.0115849263762475,0.061281728154489096,-0.06665016695265726
2025Q1,有色金属,0.027978455863669798,0.00043587941275829875,0.0275425764509115,-7.212198944760047e-05,-0.0115849263762475,0.061281728154489096,-0.022082103337882495
2025Q1,机械设备,0.011271465588399867,0.00043587941275829875,0.010835586175641568,-7.212198944760047e-05,-0.0115849263762475,0.061281728154489096,-0.03878909361315243
2025Q1,汽车,0.0260102507694612,0.00043587941275829875,0.0255743713567029,-7.212198944760047e-05,-0.0115849263762475,0.061281728154489096,-0.024050308432091095
2025Q1,煤炭,-0.022822893716927372,0.00043587941275829875,-0.023258773129685672,-7.212198944760047e-05,-0.0115849263762475,0.061281728154489096,-0.07288345291847967
2025Q1,环保,0.0132985019040609,0.00043587941275829875,0.012862622491302602,-7.212198944760047e-05,-0.0115849263762475,0.061281728154489096,-0.03676205729749139
2025Q1,电力设备,0.0018561695246101667,0.00043587941275829875,0.0014202901118518679,-7.212198944760047e-05,-0.0115849263762475,0.061281728154489096,-0.04820438967694213
2025Q1,电子,-0.003515519226397768,0.00043587941275829875,-0.003951398639156067,-7.212198944760047e-05,-0.0115849263762475,0.061281728154489096,-0.053576078427950063
2025Q1,石油石化,-0.008066471237655868,0.00043587941275829875,-0.008502350650414166,-7.212198944760047e-05,-0.0115849263762475,0.061281728154489096,-0.05812703043920816
2025Q1,社会服务,0.005478236961514701,0.00043587941275829875,0.005042357548756402,-7.212198944760047e-05,-0.0115849263762475,0.061281728154489096,-0.044582322240037595
2025Q1,纺织服饰,0.00021817815409809946,0.00043587941275829875,-0.0002177012586601993,-7.212198944760047e-05,-0.0115849263762475,0.061281728154489096,-0.04984238104745419
2025Q1,综合,-0.0192563137365149,0.00043587941275829875,-0.019692193149273198,-7.212198944760047e-05,-0.0115849263762475,0.061281728154489096,-0.0693168729380672
2025Q1,美容护理,0.007067044088831266,0.00043587941275829875,0.006631164676072967,-7.212198944760047e-05,-0.0115849263762475,0.061281728154489096,-0.04299351511272102
2025Q1,计算机,0.0003097199785112327,0.00043587941275829875,-0.00012615943424706608,-7.212198944760047e-05,-0.0115849263762475,0.061281728154489096,-0.04975083922304106
2025Q1,轻工制造,-0.006103416275846066,0.00043587941275829875,-0.006539295688604365,-7.212198944760047e-05,-0.0115849263762475,0.061281728154489096,-0.05616397547739836
2025Q1,通信,0.0009635883889785336,0.00043587941275829875,0.0005277089762202349,-7.212198944760047e-05,-0.0115849263762475,0.061281728154489096,-0.04909697081257376
2025Q1,钢铁,0.012421142281929498,0.00043587941275829875,0.0119852628691712,-7.212198944760047e-05,-0.0115849263762475,0.061281728154489096,-0.03763941691962279
2025Q1,银行,-0.001103844352941501,0.00043587941275829875,-0.0015397237656997998,-7.212198944760047e-05,-0.0115849263762475,0.061281728154489096,-0.051164403554493795
2025Q1,非银金融,-0.020058889942334398,0.00043587941275829875,-0.020494769355092698,-7.212198944760047e-05,-0.0115849263762475,0.061281728154489096,-0.0701194491438867
2025Q1,食品饮料,-0.015402699210037167,0.00043587941275829875,-0.015838578622795467,-7.212198944760047e-05,-0.0115849263762475,0.061281728154489096,-0.06546325841158945
2025Q2,交通运输,-0.0034871281289420345,0.0322268021902055,-0.03571393031914754,0.04223389210766784,-0.019994705798952333,0.08223447154894833,-0.14018758817681137
2025Q2,传媒,0.02974735301957644,0.0322268021902055,-0.0024794491706290646,0.04223389210766784,-0.019994705798952333,0.08223447154894833,-0.1069531070282929
2025Q2,公用事业,0.007830374676848467,0.0322268021902055,-0.024396427513357036,0.04223389210766784,-0.019994705798952333,0.08223447154894833,-0.12887008537102088
2025Q2,农林牧渔,0.018798868493930435,0.0322268021902055,-0.013427933696275068,0.04223389210766784,-0.019994705798952333,0.08223447154894833,-0.11790159155393891
2025Q2,医药生物,0.02057680021316063,0.0322268021902055,-0.011650001977044872,0.04223389210766784,-0.019994705798952333,0.08223447154894833,-0.11612365983470871
2025Q2,商贸零售,0.0130732655697031,0.0322268021902055,-0.019153536620502405,0.04223389210766784,-0.019994705798952333,0.08223447154894833,-0.12362719447816625
2025Q2,国防军工,0.05242235862962937,0.0322268021902055,0.02019555643942387,0.04223389210766784,-0.019994705798952333,0.08223447154894833,-0.08427810141823996
2025Q2,基础化工,0.018249662854909168,0.0322268021902055,-0.013977139335296335,0.04223389210766784,-0.019994705798952333,0.08223447154894833,-0.11845079719296017
2025Q2,家用电器,-0.005879127861383633,0.0322268021902055,-0.03810593005158914,0.04223389210766784,-0.019994705798952333,0.08223447154894833,-0.14257958790925299
2025Q2,建筑材料,0.011481887602535434,0.0322268021902055,-0.02074491458767007,0.04223389210766784,-0.019994705798952333,0.08223447154894833,-0.1252185724453339
2025Q2,建筑装饰,0.013091324420617965,0.0322268021902055,-0.019135477769587537,0.04223389210766784,-0.019994705798952333,0.08223447154894833,-0.12360913562725137
2025Q2,房地产,0.0048451720214079,0.0322268021902055,-0.027381630168797605,0.04223389210766784,-0.019994705798952333,0.08223447154894833,-0.13185528802646146
2025Q2,有色金属,0.0162837328892266,0.0322268021902055,-0.015943069300978902,0.04223389210766784,-0.019994705798952333,0.08223447154894833,-0.12041672715864274
2025Q2,机械设备,0.0071727143468585984,0.0322268021902055,-0.025054087843346905,0.04223389210766784,-0.019994705798952333,0.08223447154894833,-0.12952774570101075
2025Q2,汽车,-0.0008237048746892335,0.0322268021902055,-0.033050507064894735,0.04223389210766784,-0.019994705798952333,0.08223447154894833,-0.1375241649225586
2025Q2,煤炭,-0.007528072899492334,0.0322268021902055,-0.039754875089697835,0.04223389210766784,-0.019994705798952333,0.08223447154894833,-0.14422853294736168
2025Q2,环保,0.0238310089627579,0.0322268021902055,-0.008395793227447605,0.04223389210766784,-0.019994705798952333,0.08223447154894833,-0.11286945108511144
2025Q2,电力设备,0.009219423905523867,0.0322268021902055,-0.023007378284681634,0.04223389210766784,-0.019994705798952333,0.08223447154894833,-0.12748103614234546
2025Q2,电子,0.015651605841835465,0.0322268021902055,-0.016575196348370038,0.04223389210766784,-0.019994705798952333,0.08223447154894833,-0.12104885420603388
2025Q2,石油石化,0.023033095449980463,0.0322268021902055,-0.00919370674022504,0.04223389210766784,-0.019994705798952333,0.08223447154894833,-0.11366736459788888
2025Q2,社会服务,0.0097379402348551,0.0322268021902055,-0.022488861955350402,0.04223389210766784,-0.019994705798952333,0.08223447154894833,-0.12696251981301424
2025Q2,纺织服饰,0.013823278635221667,0.0322268021902055,-0.018403523554983835,0.04223389210766784,-0.019994705798952333,0.08223447154894833,-0.12287718141264767
2025Q2,综合,0.015721781741563867,0.0322268021902055,-0.016505020448641636,0.04223389210766784,-0.019994705798952333,0.08223447154894833,-0.12097867830630547
2025Q2,美容护理,0.03372620311336463,0.0322268021902055,0.0014994009231591304,0.04223389210766784,-0.019994705798952333,0.08223447154894833,-0.10297425693450471
2025Q2,计算机,0.023084310756769432,0.0322268021902055,-0.009142491433436071,0.04223389210766784,-0.019994705798952333,0.08223447154894833,-0.11361614929109991
2025Q2,轻工制造,0.013728558709405031,0.0322268021902055,-0.018498243480800473,0.04223389210766784,-0.019994705798952333,0.08223447154894833,-0.1229719013384643
2025Q2,通信,0.030997318798043367,0.0322268021902055,-0.001229483392162136,0.04223389210766784,-0.019994705798952333,0.08223447154894833,-0.10570314124982598
2025Q2,钢铁,-0.012471300634714534,0.0322268021902055,-0.04469810282492004,0.04223389210766784,-0.019994705798952333,0.08223447154894833,-0.14917176068258386
2025Q2,银行,0.03717158242899804,0.0322268021902055,0.004944780238792537,0.04223389210766784,-0.019994705798952333,0.08223447154894833,-0.0995288776188713
2025Q2,非银金融,0.016901340790418967,0.0322268021902055,-0.015325461399786536,0.04223389210766784,-0.019994705798952333,0.08223447154894833,-0.11979911925745038
2025Q2,食品饮料,0.003398914526212668,0.0322268021902055,-0.028827887663992836,0.04223389210766784,-0.019994705798952333,0.08223447154894833,-0.13330154552165668
2025Q3,交通运输,0.0010993888245547333,0.017559884419260402,-0.01646049559470567,-0.056357963248957366,-0.017172956739231367,0.09655701342841362,-0.03948658903493056
2025Q3,传媒,0.005022345406353401,0.017559884419260402,-0.012537539012907002,-0.056357963248957366,-0.017172956739231367,0.09655701342841362,-0.0355636324531319
2025Q3,公用事业,0.012540009821576934,0.017559884419260402,-0.0050198745976834675,-0.056357963248957366,-0.017172956739231367,0.09655701342841362,-0.02804596803790836
2025Q3,农林牧渔,0.012184182449564896,0.017559884419260402,-0.005375701969695506,-0.056357963248957366,-0.017172956739231367,0.09655701342841362,-0.028401795409920404
2025Q3,医药生物,0.01626139510287027,0.017559884419260402,-0.0012984893163901327,-0.056357963248957366,-0.017172956739231367,0.09655701342841362,-0.02432458275661503
2025Q3,商贸零售,0.007251974359085397,0.017559884419260402,-0.010307910060175004,-0.056357963248957366,-0.017172956739231367,0.09655701342841362,-0.0333340035003999
2025Q3,国防军工,-0.002527283382357734,0.017559884419260402,-0.020087167801618136,-0.056357963248957366,-0.017172956739231367,0.09655701342841362,-0.04311326124184303
2025Q3,基础化工,0.0192109297589803,0.017559884419260402,0.0016510453397198983,-0.056357963248957366,-0.017172956739231367,0.09655701342841362,-0.021375048100504997
2025Q3,家用电器,0.026742833190052134,0.017559884419260402,0.009182948770791732,-0.056357963248957366,-0.017172956739231367,0.09655701342841362,-0.013843144669433163
2025Q3,建筑材料,0.03359821669608227,0.017559884419260402,0.016038332276821866,-0.056357963248957366,-0.017172956739231367,0.09655701342841362,-0.006987761163403029
2025Q3,建筑装饰,0.0156949388515079,0.017559884419260402,-0.001864945567752501,-0.056357963248957366,-0.017172956739231367,0.09655701342841362,-0.024891039007977397
2025Q3,房地产,0.04120207488529076,0.017559884419260402,0.02364219046603036,-0.056357963248957366,-0.017172956739231367,0.09655701342841362,0.0006160970258054649
2025Q3,有色金属,0.06817619067243107,0.017559884419260402,0.050616306253170665,-0.056357963248957366,-0.017172956739231367,0.09655701342841362,0.02759021281294577
2025Q3,机械设备,0.0235496592192907,0.017559884419260402,0.005989774800030299,-0.056357963248957366,-0.017172956739231367,0.09655701342841362,-0.017036318640194597
2025Q3,汽车,0.0276397983126172,0.017559884419260402,0.010079913893356798,-0.056357963248957366,-0.017172956739231367,0.09655701342841362,-0.012946179546868098
2025Q3,煤炭,0.016681357657379166,0.017559884419260402,-0.0008785267618812362,-0.056357963248957366,-0.017172956739231367,0.09655701342841362,-0.023904620202106132
2025Q3,环保,0.007070187764531467,0.017559884419260402,-0.010489696654728934,-0.056357963248957366,-0.017172956739231367,0.09655701342841362,-0.033515790094953826
2025Q3,电力设备,0.03873415102014783,0.017559884419260402,0.021174266600887427,-0.056357963248957366,-0.017172956739231367,0.09655701342841362,-0.0018518268393374684
2025Q3,电子,0.04897288887766213,0.017559884419260402,0.03141300445840173,-0.056357963248957366,-0.017172956739231367,0.09655701342841362,0.008386911018176832
2025Q3,石油石化,-0.02087486758819247,0.017559884419260402,-0.038434752007452874,-0.056357963248957366,-0.017172956739231367,0.09655701342841362,-0.06146084544767777
2025Q3,社会服务,0.0001959445306067356,0.017559884419260402,-0.017363939888653666,-0.056357963248957366,-0.017172956739231367,0.09655701342841362,-0.04039003332887856
2025Q3,纺织服饰,0.009255494274581432,0.017559884419260402,-0.00830439014467897,-0.056357963248957366,-0.017172956739231367,0.09655701342841362,-0.03133048358490387
2025Q3,综合,0.0233418243705807,0.017559884419260402,0.005781939951320297,-0.056357963248957366,-0.017172956739231367,0.09655701342841362,-0.0172441534889046
2025Q3,美容护理,0.007507489287320336,0.017559884419260402,-0.010052395131940065,-0.056357963248957366,-0.017172956739231367,0.09655701342841362,-0.03307848857216496
2025Q3,计算机,0.014470631633007333,0.017559884419260402,-0.0030892527862530685,-0.056357963248957366,-0.017172956739231367,0.09655701342841362,-0.026115346226477966
2025Q3,轻工制造,0.015514502153027798,0.017559884419260402,-0.0020453822662326038,-0.056357963248957366,-0.017172956739231367,0.09655701342841362,-0.0250714757064575
2025Q3,通信,0.017869399071828235,0.017559884419260402,0.0003095146525678334,-0.056357963248957366,-0.017172956739231367,0.09655701342841362,-0.022716578787657062
2025Q3,钢铁,0.03645271508974104,0.017559884419260402,0.018892830670480636,-0.056357963248957366,-0.017172956739231367,0.09655701342841362,-0.00413326276974426
2025Q3,银行,-0.029899876247030097,0.017559884419260402,-0.0474597606662905,-0.056357963248957366,-0.017172956739231367,0.09655701342841362,-0.0704858541065154
2025Q3,非银金融,0.025337562410805436,0.017559884419260402,0.007777677991545034,-0.056357963248957366,-0.017172956739231367,0.09655701342841362,-0.015248415448679862
2025Q3,食品饮料,0.004590767426225263,0.017559884419260402,-0.01296911699303514,-0.056357963248957366,-0.017172956739231367,0.09655701342841362,-0.03599521043326004
2025Q4,交通运输,0.0017735356925682327,-0.010657706027560068,0.012431241720128302,-0.016421206789841568,-0.0010650868491141007,0.07313167485570557,-0.043214139496621604
2025Q4,传媒,-0.020648202979068334,-0.010657706027560068,-0.009990496951508266,-0.016421206789841568,-0.0010650868491141007,0.07313167485570557,-0.06563587816825817
2025Q4,公用事业,-0.006112904807808532,-0.010657706027560068,0.004544801219751537,-0.016421206789841568,-0.0010650868491141007,0.07313167485570557,-0.051100579996998366
2025Q4,农林牧渔,0.009833105556914133,-0.010657706027560068,0.020490811584474203,-0.016421206789841568,-0.0010650868491141007,0.07313167485570557,-0.0351545696322757
2025Q4,医药生物,-0.0200882483940649,-0.010657706027560068,-0.00943054236650483,-0.016421206789841568,-0.0010650868491141007,0.07313167485570557,-0.06507592358325473
2025Q4,商贸零售,0.0036666345993697017,-0.010657706027560068,0.01432434062692977,-0.016421206789841568,-0.0010650868491141007,0.07313167485570557,-0.041321040589820134
2025Q4,国防军工,0.0273934174734549,-0.010657706027560068,0.03805112350101497,-0.016421206789841568,-0.0010650868491141007,0.07313167485570557,-0.01759425771573493
2025Q4,基础化工,-0.0045890002828418335,-0.010657706027560068,0.006068705744718235,-0.016421206789841568,-0.0010650868491141007,0.07313167485570557,-0.04957667547203167
2025Q4,家用电器,-0.0027776713824717663,-0.010657706027560068,0.007880034645088302,-0.016421206789841568,-0.0010650868491141007,0.07313167485570557,-0.0477653465716616
2025Q4,建筑材料,0.005092646019327866,-0.010657706027560068,0.015750352046887933,-0.016421206789841568,-0.0010650868491141007,0.07313167485570557,-0.03989502916986197
2025Q4,建筑装饰,0.001984728926802332,-0.010657706027560068,0.012642434954362401,-0.016421206789841568,-0.0010650868491141007,0.07313167485570557,-0.0430029462623875
2025Q4,房地产,-0.021454991258556766,-0.010657706027560068,-0.010797285230996698,-0.016421206789841568,-0.0010650868491141007,0.07313167485570557,-0.0664426664477466
2025Q4,有色金属,0.030556955691704035,-0.010657706027560068,0.041214661719264106,-0.016421206789841568,-0.0010650868491141007,0.07313167485570557,-0.014430719497485797
2025Q4,机械设备,-0.0016887094763975315,-0.010657706027560068,0.008968996551162537,-0.016421206789841568,-0.0010650868491141007,0.07313167485570557,-0.046676384665587364
2025Q4,汽车,-0.005621521600817599,-0.010657706027560068,0.0050361844267424695,-0.016421206789841568,-0.0010650868491141007,0.07313167485570557,-0.05060919679000744
2025Q4,煤炭,-0.0001375493414632334,-0.010657706027560068,0.010520156686096835,-0.016421206789841568,-0.0010650868491141007,0.07313167485570557,-0.04512522453065307
2025Q4,环保,-0.006555320269859299,-0.010657706027560068,0.004102385757700769,-0.016421206789841568,-0.0010650868491141007,0.07313167485570557,-0.05154299545904913
2025Q4,电力设备,-0.009350263582302867,-0.010657706027560068,0.0013074424452572016,-0.016421206789841568,-0.0010650868491141007,0.07313167485570557,-0.054337938771492705
2025Q4,电子,-0.023709311125996464,-0.010657706027560068,-0.013051605098436395,-0.016421206789841568,-0.0010650868491141007,0.07313167485570557,-0.0686969863151863
2025Q4,石油石化,-0.004811454299485701,-0.010657706027560068,0.0058462517280743675,-0.016421206789841568,-0.0010650868491141007,0.07313167485570557,-0.049799129488675535
2025Q4,社会服务,-0.0038832991503871665,-0.010657706027560068,0.006774406877172902,-0.016421206789841568,-0.0010650868491141007,0.07313167485570557,-0.048870974339577
2025Q4,纺织服饰,0.005737684897728666,-0.010657706027560068,0.016395390925288734,-0.016421206789841568,-0.0010650868491141007,0.07313167485570557,-0.03924999029146117
2025Q4,综合,0.006578865823081865,-0.010657706027560068,0.017236571850641935,-0.016421206789841568,-0.0010650868491141007,0.07313167485570557,-0.038408809366107965
2025Q4,美容护理,-0.018601561286288835,-0.010657706027560068,-0.007943855258728767,-0.016421206789841568,-0.0010650868491141007,0.07313167485570557,-0.06358923647547868
2025Q4,计算机,-0.021616789976606734,-0.010657706027560068,-0.010959083949046666,-0.016421206789841568,-0.0010650868491141007,0.07313167485570557,-0.06660446516579657
2025Q4,轻工制造,0.009276102226298199,-0.010657706027560068,0.019933808253858265,-0.016421206789841568,-0.0010650868491141007,0.07313167485570557,-0.03571157296289164
2025Q4,通信,-0.001300435648671834,-0.010657706027560068,0.009357270378888234,-0.016421206789841568,-0.0010650868491141007,0.07313167485570557,-0.04628811083786167
2025Q4,钢铁,0.008918199919761265,-0.010657706027560068,0.019575905947321334,-0.016421206789841568,-0.0010650868491141007,0.07313167485570557,-0.036069475269428566
2025Q4,银行,0.010625504499094598,-0.010657706027560068,0.021283210526654668,-0.016421206789841568,-0.0010650868491141007,0.07313167485570557,-0.034362170690095235
2025Q4,非银金融,-0.010372252813532134,-0.010657706027560068,0.000285453214027934,-0.016421206789841568,-0.0010650868491141007,0.07313167485570557,-0.05535992800272197
2025Q4,食品饮料,-0.018974073320087066,-0.010657706027560068,-0.008316367292526997,-0.016421206789841568,-0.0010650868491141007,0.07313167485570557,-0.0639617485092769
