ts_code,trade_date,close,turnover_rate,turnover_rate_f,volume_ratio,pe,pe_ttm,pb,ps,ps_ttm,dv_ratio,dv_ttm,total_share,float_share,free_share,total_mv,circ_mv
301310.SZ,20251231,42.95,1.6725,1.9492,0.69,50.4489,51.1437,2.5672,2.2149,1.6514,1.5231,1.391,13655.444,5024.416,4311.1818,586501.3198,215798.6672
301310.SZ,20251230,43.04,2.5871,3.0151,1.21,50.5546,51.2509,2.5725,2.2195,1.6549,1.5199,1.3881,13655.444,5024.416,4311.1818,587730.3098,216250.8646
301310.SZ,20251229,43.04,2.2665,2.6414,1.13,50.5546,51.2509,2.5725,2.2195,1.6549,1.5199,1.3881,13655.444,5024.416,4311.1818,587730.3098,216250.8646
301310.SZ,20251226,43.54,2.9944,3.4898,1.38,51.1419,51.8462,2.6024,2.2453,1.6741,1.5025,1.3721,13655.444,5024.416,4311.1818,594558.0318,218763.0726
301310.SZ,20251225,44.19,2.4283,2.8301,1.19,51.9054,52.6202,2.6413,2.2788,1.6991,1.4804,1.3519,13655.444,5024.416,4311.1818,603434.0704,222028.943
301310.SZ,20251224,44.38,1.7604,2.0516,0.83,52.1285,52.8465,2.6526,2.2886,1.7064,1.474,1.3462,13655.444,5024.416,4311.1818,606028.6047,222983.5821
301310.SZ,20251223,44.6,1.2104,1.4106,0.52,52.387,53.1085,2.6658,2.3,1.7149,1.4668,1.3395,13655.444,5024.416,4311.1818,609032.8024,224088.9536
301310.SZ,20251222,44.82,1.6458,1.9181,0.59,52.6454,53.3704,2.6789,2.3113,1.7233,1.4596,1.3329,13655.444,5024.416,4311.1818,612037.0001,225194.3251
301310.SZ,20251219,45.36,3.7873,4.4139,1.42,53.2796,54.0135,2.7112,2.3392,1.7441,1.4422,1.3171,13655.444,5024.416,4311.1818,619410.9398,227907.5098
301310.SZ,20251218,44.14,1.8302,2.133,0.67,51.8466,52.5607,2.6383,2.2763,1.6972,1.482,1.3535,13655.444,5024.416,4311.1818,602751.2982,221777.7222
301310.SZ,20251217,44.55,2.0694,2.4118,0.73,52.3282,53.0489,2.6628,2.2974,1.7129,1.4684,1.341,13655.444,5024.416,4311.1818,608350.0302,223837.7328
301310.SZ,20251216,44.48,2.2467,2.6184,0.61,52.246,52.9656,2.6586,2.2938,1.7102,1.4707,1.3431,13655.444,5024.416,4311.1818,607394.1491,223486.0237
301310.SZ,20251215,45.39,4.0734,4.7473,1.19,53.3149,54.0492,2.713,2.3407,1.7452,1.4412,1.3162,13655.444,5024.416,4311.1818,619820.6032,228058.2422
301310.SZ,20251212,44.98,3.1266,3.6438,1.02,52.8333,53.561,2.6885,2.3196,1.7295,1.4544,1.3282,13655.444,5024.416,4311.1818,614221.8711,225998.2317
301310.SZ,20251211,43.7,2.1512,2.5071,0.77,51.3298,52.0368,2.612,2.2536,1.6802,1.497,1.3671,13655.444,5024.416,4311.1818,596742.9028,219566.9792
301310.SZ,20251210,44.14,2.5654,2.9898,1.04,51.8466,52.5607,2.6383,2.2763,1.6972,1.482,1.3535,13655.444,5024.416,4311.1818,602751.2982,221777.7222
301310.SZ,20251209,44.26,6.4394,7.5047,4.77,51.9876,52.7036,2.6455,2.2825,1.7018,1.478,1.3498,13655.444,5024.416,4311.1818,604389.9514,222380.6522
301310.SZ,20251208,42.94,2.8425,3.3128,2.93,50.4371,51.1318,2.5666,2.2144,1.651,1.5235,1.3913,13655.444,5024.416,4311.1818,586364.7654,215748.423
301310.SZ,20251205,41.76,1.3611,1.5863,1.68,49.0511,49.7267,2.496,2.1535,1.6057,1.5665,1.4306,13655.444,5024.416,4311.1818,570251.3414,209819.6122
301310.SZ,20251204,41.63,0.7458,0.8691,0.83,48.8984,49.5719,2.4883,2.1468,1.6007,1.5714,1.4351,13655.444,5024.416,4311.1818,568476.1337,209166.4381
301310.SZ,20251203,41.58,0.9657,1.1255,1.05,48.8397,49.5123,2.4853,2.1442,1.5987,1.5733,1.4368,13655.444,5024.416,4311.1818,567793.3615,208915.2173
301310.SZ,20251202,41.55,0.833,0.9708,0.77,48.8044,49.4766,2.4835,2.1427,1.5976,1.5744,1.4378,13655.444,5024.416,4311.1818,567383.6982,208764.4848
301310.SZ,20251201,41.41,0.9514,1.1087,0.86,48.64,49.3099,2.4751,2.1355,1.5922,1.5798,1.4427,13655.444,5024.416,4311.1818,565471.936,208061.0666
301310.SZ,20251128,41.02,0.557,0.6492,0.39,48.1819,48.8455,2.4518,2.1154,1.5772,1.5948,1.4564,13655.444,5024.416,4311.1818,560146.3129,206101.5443
301310.SZ,20251127,41.0,1.1746,1.369,0.76,48.1584,48.8217,2.4506,2.1143,1.5764,1.5956,1.4571,13655.444,5024.416,4311.1818,559873.204,206001.056
301310.SZ,20251126,41.4,1.0881,1.2681,0.65,48.6283,49.298,2.4745,2.135,1.5918,1.5801,1.4431,13655.444,5024.416,4311.1818,565335.3816,208010.8224
301310.SZ,20251125,41.64,1.6107,1.8772,0.95,48.9102,49.5838,2.4889,2.1473,1.601,1.571,1.4347,13655.444,5024.416,4311.1818,568612.6882,209216.6822
301310.SZ,20251124,41.0,1.0889,1.269,0.44,48.1584,48.8217,2.4506,2.1143,1.5764,1.5956,1.4571,13655.444,5024.416,4311.1818,559873.204,206001.056
301310.SZ,20251121,40.5,2.1999,2.5639,0.98,47.5711,48.2263,2.4207,2.0886,1.5572,1.6153,1.4751,13655.444,5024.416,4311.1818,553045.482,203488.848
301310.SZ,20251120,42.06,1.7809,2.0756,0.85,49.4035,50.0839,2.514,2.169,1.6172,1.5553,1.4204,13655.444,5024.416,4311.1818,574347.9746,211326.937
301310.SZ,20251119,42.35,1.6627,1.9378,0.71,49.7441,50.4292,2.5313,2.184,1.6283,1.5447,1.4107,13655.444,5024.416,4311.1818,578308.0534,212784.0176
301310.SZ,20251118,43.13,1.748,2.0372,0.76,50.6603,51.358,2.5779,2.2242,1.6583,1.5168,1.3852,13655.444,5024.416,4311.1818,588959.2997,216703.0621
301310.SZ,20251117,43.86,4.8953,5.7052,3.0,51.5178,52.2273,2.6216,2.2618,1.6864,1.4915,1.3621,13655.444,5024.416,4311.1818,598927.7738,220370.8858
301310.SZ,20251114,41.8,1.0968,1.2782,0.56,49.0981,49.7743,2.4984,2.1556,1.6072,1.565,1.4292,13655.444,5024.416,4311.1818,570797.5592,210020.5888
301310.SZ,20251113,42.43,1.0837,1.263,0.5,49.8381,50.5245,2.5361,2.1881,1.6314,1.5418,1.408,13655.444,5024.416,4311.1818,579400.4889,213185.9709
301310.SZ,20251112,42.7,2.8812,3.3578,1.36,50.1552,50.846,2.5522,2.202,1.6418,1.532,1.3991,13655.444,5024.416,4311.1818,583087.4588,214542.5632
301310.SZ,20251111,42.12,1.6124,1.8792,0.71,49.474,50.1554,2.5176,2.1721,1.6195,1.5531,1.4184,13655.444,5024.416,4311.1818,575167.3013,211628.4019
301310.SZ,20251110,42.51,1.4763,1.7205,0.64,49.9321,50.6198,2.5409,2.1922,1.6345,1.5389,1.4054,13655.444,5024.416,4311.1818,580492.9244,213587.9242
301310.SZ,20251107,42.81,2.6889,3.1337,1.22,50.2844,50.977,2.5588,2.2077,1.646,1.5281,1.3955,13655.444,5024.416,4311.1818,584589.5576,215095.249
301310.SZ,20251106,43.88,2.1817,2.5426,0.89,51.5412,52.2511,2.6228,2.2629,1.6872,1.4908,1.3615,13655.444,5024.416,4311.1818,599200.8827,220471.3741
301310.SZ,20251105,43.67,2.632,3.0675,1.13,51.2946,52.001,2.6102,2.252,1.6791,1.498,1.368,13655.444,5024.416,4311.1818,596333.2395,219416.2467
301310.SZ,20251104,43.27,2.4482,2.8532,0.93,50.8247,51.5247,2.5863,2.2314,1.6637,1.5118,1.3807,13655.444,5024.416,4311.1818,590871.0619,217406.4803
301310.SZ,20251103,42.81,1.6343,1.9047,0.52,50.2844,50.977,2.5588,2.2077,1.646,1.5281,1.3955,13655.444,5024.416,4311.1818,584589.5576,215095.249
301310.SZ,20251031,43.3,2.1376,2.4913,0.68,50.86,51.5605,2.5881,2.2329,1.6649,1.5108,1.3797,13655.444,5024.416,4311.1818,591280.7252,217557.2128
301310.SZ,20251030,43.39,3.371,3.9287,1.19,50.9657,51.6676,2.5935,2.2376,1.6683,1.5077,1.3769,13655.444,5024.416,4311.1818,592509.7152,218009.4102
301310.SZ,20251029,43.25,2.0434,2.3814,0.69,50.8013,51.5009,2.5851,2.2304,1.6629,1.5125,1.3813,13655.444,5024.416,4311.1818,590597.953,217305.992
301310.SZ,20251028,43.75,3.9615,4.6168,1.51,51.3885,52.0963,2.615,2.2562,1.6822,1.4953,1.3655,13655.444,5024.416,4311.1818,597425.675,219818.2
301310.SZ,20251027,43.42,4.0579,4.7292,1.62,51.0009,55.2159,2.6204,2.2391,1.8393,1.5066,1.3759,13655.444,5024.416,4311.1818,592919.3785,218160.1427
301310.SZ,20251024,43.41,2.2232,2.591,0.77,50.9892,55.2032,2.6198,2.2386,1.8389,1.507,1.3762,13655.444,5024.416,4311.1818,592782.824,218109.8986
301310.SZ,20251023,43.79,1.879,2.1899,0.5,51.4355,55.6864,2.6427,2.2582,1.855,1.4939,1.3643,13655.444,5024.416,4311.1818,597971.8928,220019.1766
301310.SZ,20251022,43.94,2.6837,3.1277,0.68,51.6117,55.8771,2.6518,2.2659,1.8613,1.4888,1.3596,13655.444,5024.416,4311.1818,600020.2094,220772.839
301310.SZ,20251021,44.6,2.2642,2.6388,0.46,52.387,56.7164,2.6916,2.3,1.8893,1.4668,1.3395,13655.444,5024.416,4311.1818,609032.8024,224088.9536
301310.SZ,20251020,44.61,3.4934,4.0713,0.6,52.3987,56.7292,2.6922,2.3005,1.8897,1.4664,1.3392,13655.444,5024.416,4311.1818,609169.3568,224139.1978
301310.SZ,20251017,45.11,4.1598,4.848,0.67,52.986,57.365,2.7224,2.3263,1.9109,1.4502,1.3244,13655.444,5024.416,4311.1818,615997.0788,226651.4058
301310.SZ,20251016,46.12,6.0341,7.0324,0.87,54.1723,58.6494,2.7834,2.3784,1.9537,1.4184,1.2954,13655.444,5024.416,4311.1818,629789.0773,231726.0659
301310.SZ,20251015,44.9,3.9052,4.5513,0.5,52.7393,57.0979,2.7097,2.3155,1.902,1.457,1.3306,13655.444,5024.416,4311.1818,613129.4356,225596.2784
301310.SZ,20251014,45.5,6.8775,8.0153,0.81,53.4441,57.8609,2.7459,2.3464,1.9274,1.4378,1.313,13655.444,5024.416,4311.1818,621322.702,228610.928
301310.SZ,20251013,46.65,7.8951,9.2012,0.95,54.7949,59.3234,2.8153,2.4057,1.9761,1.4023,1.2807,13655.444,5024.416,4311.1818,637026.4626,234389.0064
301310.SZ,20251010,45.19,6.112,7.1232,0.74,53.08,57.4667,2.7272,2.3304,1.9143,1.4476,1.322,13655.444,5024.416,4311.1818,617089.5144,227053.359
301310.SZ,20251009,45.56,9.792,11.412,1.47,53.5146,57.9372,2.7496,2.3495,1.93,1.4359,1.3113,13655.444,5024.416,4311.1818,622142.0286,228912.393
301310.SZ,20250930,43.44,8.5048,9.9118,1.55,51.0244,55.2413,2.6216,2.2402,1.8402,1.5059,1.3753,13655.444,5024.416,4311.1818,593192.4874,218260.631
301310.SZ,20250929,43.8,9.9262,11.5684,2.6,51.4473,55.6991,2.6433,2.2587,1.8554,1.4936,1.364,13655.444,5024.416,4311.1818,598108.4472,220069.4208
301310.SZ,20250926,42.11,7.0008,8.159,2.35,49.4622,53.55,2.5413,2.1716,1.7838,1.5535,1.4187,13655.444,5024.416,4311.1818,575030.7468,211578.1578
301310.SZ,20250925,41.66,5.7975,6.7566,2.14,48.9336,52.9777,2.477,2.1484,1.7648,1.5703,0.8363,13655.444,5024.416,4311.1818,568885.797,209317.1706
301310.SZ,20250924,40.29,2.138,2.4918,0.71,47.3244,51.2355,2.3955,2.0777,1.7067,1.6237,0.8648,13655.444,5024.416,4311.1818,550177.8388,202433.7206
301310.SZ,20250923,40.19,2.5839,3.0114,0.8,47.207,51.1084,2.3896,2.0726,1.7025,1.6277,0.8669,13655.444,5024.416,4311.1818,548812.2944,201931.279
301310.SZ,20250922,40.78,1.5391,1.7938,0.47,47.9,51.8587,2.4246,2.103,1.7275,1.6042,0.8544,13655.444,5024.416,4311.1818,556869.0063,204895.6845
301310.SZ,20250919,40.62,2.8631,3.3367,0.83,47.7121,51.6552,2.4151,2.0947,1.7207,1.6105,0.8578,13655.444,5024.416,4311.1818,554684.1353,204091.7779
301310.SZ,20250918,40.46,4.3898,5.116,1.19,47.5241,51.4517,2.4056,2.0865,1.7139,1.6168,0.8611,13655.444,5024.416,4311.1818,552499.2642,203287.8714
301310.SZ,20250917,41.48,3.6984,4.3102,0.93,48.7222,52.7488,2.4663,2.1391,1.7571,1.5771,0.84,13655.444,5024.416,4311.1818,566427.8171,208412.7757
301310.SZ,20250916,41.96,3.5711,4.1619,0.93,49.286,53.3592,2.4948,2.1638,1.7775,1.559,0.8304,13655.444,5024.416,4311.1818,572982.4302,210824.4954
301310.SZ,20250915,41.5,1.8316,2.1346,0.46,48.7457,52.7743,2.4675,2.1401,1.758,1.5763,0.8396,13655.444,5024.416,4311.1818,566700.926,208513.264
301310.SZ,20250912,41.67,3.7748,4.3993,0.91,48.9454,52.9904,2.4776,2.1489,1.7652,1.5699,0.8361,13655.444,5024.416,4311.1818,569022.3515,209367.4147
301310.SZ,20250911,41.64,5.5834,6.5072,1.16,48.9102,52.9523,2.4758,2.1473,1.7639,1.571,1.554,13655.444,5024.416,4311.1818,568612.6882,209216.6822
301310.SZ,20250910,40.56,5.1656,6.0201,1.02,47.6416,51.5789,2.4116,2.0916,1.7182,1.6129,1.5953,13655.444,5024.416,4311.1818,553864.8086,203790.313
301310.SZ,20250909,39.54,2.8171,3.2831,0.44,46.4435,50.2818,2.3509,2.039,1.675,1.6545,1.6365,13655.444,5024.416,4311.1818,539936.2558,198665.4086
301310.SZ,20250908,39.84,2.782,3.2422,0.43,46.7959,50.6633,2.3688,2.0545,1.6877,1.642,1.6242,13655.444,5024.416,4311.1818,544032.889,200172.7334
301310.SZ,20250905,39.88,4.4948,5.2384,0.72,46.8429,50.7142,2.3711,2.0566,1.6894,1.6404,1.6225,13655.444,5024.416,4311.1818,544579.1067,200373.7101
301310.SZ,20250904,40.05,8.8715,10.3392,1.52,47.0425,50.9303,2.3812,2.0653,1.6966,1.6334,1.6156,13655.444,5024.416,4311.1818,546900.5322,201227.8608
301310.SZ,20250903,38.39,6.4328,7.497,1.12,45.0927,48.8194,2.2825,1.9797,1.6262,1.704,1.6855,13655.444,5024.416,4311.1818,524232.4952,192887.3302
301310.SZ,20250902,40.77,9.2421,10.7711,1.94,47.8883,51.8459,2.4241,2.1025,1.7271,1.6046,1.5871,13655.444,5024.416,4311.1818,556732.4519,204845.4403
301310.SZ,20250901,39.67,3.1061,3.62,0.59,46.5962,50.4471,2.3586,2.0457,1.6805,1.649,1.6311,13655.444,5024.416,4311.1818,541711.4635,199318.5827
301310.SZ,20250829,39.37,3.5793,4.1714,0.64,46.2438,50.0656,2.3408,2.0303,1.6678,1.6616,1.6436,13655.444,5024.416,4311.1818,537614.8303,197811.2579
301310.SZ,20250828,39.51,6.894,8.0345,1.06,46.4083,50.2436,2.3491,2.0375,1.6737,1.6557,1.6377,13655.444,5024.416,4311.1818,539526.5924,198514.6762
301310.SZ,20250827,39.88,5.9067,6.8839,0.67,46.8429,44.6025,2.3915,2.0566,1.8669,1.6404,1.6225,13655.444,5024.416,4311.1818,544579.1067,200373.7101
301310.SZ,20250826,41.12,4.343,5.0615,0.45,48.2994,45.9893,2.4658,2.1205,1.9249,1.5909,1.5736,13655.444,5024.416,4311.1818,561511.8573,206603.9859
301310.SZ,20250825,41.18,5.799,6.7584,0.51,48.3698,46.0564,2.4694,2.1236,1.9277,1.5886,1.5713,13655.444,5024.416,4311.1818,562331.1839,206905.4509
301310.SZ,20250822,40.9,5.0936,5.9363,0.45,48.041,45.7433,2.4526,2.1092,1.9146,1.5995,1.5821,13655.444,5024.416,4311.1818,558507.6596,205498.6144
301310.SZ,20250821,40.89,11.4195,13.3087,1.15,48.0292,45.7321,2.452,2.1087,1.9141,1.5998,1.5825,13655.444,5024.416,4311.1818,558371.1052,205448.3702
301310.SZ,20250820,43.01,17.665,20.5874,2.36,50.5193,48.1031,2.5792,2.218,2.0134,1.521,1.5045,13655.444,5024.416,4311.1818,587320.6464,216100.1322
301310.SZ,20250819,46.18,8.7188,10.1612,1.27,54.2428,51.6485,2.7693,2.3815,2.1618,1.4166,1.4012,13655.444,5024.416,4311.1818,630608.4039,232027.5309
301310.SZ,20250818,46.46,14.1298,16.4674,2.72,54.5717,51.9617,2.7861,2.3959,2.1749,1.408,1.3927,13655.444,5024.416,4311.1818,634431.9282,233434.3674
301310.SZ,20250815,42.26,4.446,5.1816,0.79,49.6384,47.2643,2.5342,2.1793,1.9783,1.548,1.5312,13655.444,5024.416,4311.1818,577079.0634,212331.8202
301310.SZ,20250814,42.05,4.6349,5.4017,0.79,49.3917,47.0294,2.5216,2.1685,1.9684,1.5557,1.5388,13655.444,5024.416,4311.1818,574211.4202,211276.6928
301310.SZ,20250813,43.04,5.5038,6.4143,0.94,50.5546,48.1367,2.581,2.2195,2.0148,1.5199,1.5034,13655.444,5024.416,4311.1818,587730.3098,216250.8646
301310.SZ,20250812,43.18,5.4992,6.4089,0.94,50.719,48.2933,2.5894,2.2268,2.0213,1.515,1.4985,13655.444,5024.416,4311.1818,589642.0719,216954.2829
301310.SZ,20250811,43.59,5.9383,6.935,1.0,50.9695,48.5317,2.6136,2.2378,2.0313,1.5076,1.4912,13593.804,4962.776,4249.5418,592553.9164,216327.4058
301310.SZ,20250808,42.08,6.6194,7.7304,1.23,49.2039,46.8506,2.523,2.1602,1.961,1.5617,1.5447,13593.804,4962.776,4249.5418,572027.2723,208833.6141
301310.SZ,20250807,42.32,5.9591,6.9592,1.11,49.4845,47.1178,2.5374,2.1726,1.9721,1.5528,1.5359,13593.804,4962.776,4249.5418,575289.7853,210024.6803
301310.SZ,20250806,42.32,5.4852,6.4058,1.06,49.4845,47.1178,2.5374,2.1726,1.9721,1.5528,1.5359,13593.804,4962.776,4249.5418,575289.7853,210024.6803
301310.SZ,20250805,42.36,5.7249,6.6858,1.19,49.5313,47.1623,2.5398,2.1746,1.974,1.5513,1.5345,13593.804,4962.776,4249.5418,575833.5374,210223.1914
301310.SZ,20250804,41.22,5.8561,6.839,1.17,48.1983,45.8931,2.4715,2.1161,1.9209,1.5942,1.5769,13593.804,4962.776,4249.5418,560336.6009,204565.6267
301310.SZ,20250801,40.18,3.9523,4.6156,0.74,46.9822,44.7352,2.4091,2.0627,1.8724,1.6355,1.6177,13593.804,4962.776,4249.5418,546199.0447,199404.3397
301310.SZ,20250731,40.02,5.8164,6.7926,1.14,46.7951,44.557,2.3995,2.0545,1.865,1.642,1.6242,13593.804,4962.776,4249.5418,544024.0361,198610.2955
301310.SZ,20250730,39.86,4.4129,5.1535,0.87,46.608,44.3789,2.3899,2.0463,1.8575,1.6486,1.6307,13593.804,4962.776,4249.5418,541849.0274,197816.2514
301310.SZ,20250729,40.39,4.0318,4.7085,0.74,47.2278,44.969,2.4217,2.0735,1.8822,1.627,1.6093,13593.804,4962.776,4249.5418,549053.7436,200446.5226
301310.SZ,20250728,40.59,6.8802,8.035,1.3,47.4616,45.1916,2.4337,2.0837,1.8915,1.619,1.6014,13593.804,4962.776,4249.5418,551772.5044,201439.0778
301310.SZ,20250725,40.15,5.7032,6.6604,1.07,46.9471,44.7018,2.4073,2.0612,1.871,1.6367,1.6189,13593.804,4962.776,4249.5418,545791.2306,199255.4564
301310.SZ,20250724,39.84,4.4017,5.1404,0.74,46.5846,44.3566,2.3887,2.0452,1.8566,1.6495,1.6315,13593.804,4962.776,4249.5418,541577.1514,197716.9958
301310.SZ,20250723,39.16,4.2851,5.0044,0.71,45.7895,43.5995,2.3479,2.0103,1.8249,1.6781,1.6599,13593.804,4962.776,4249.5418,532333.3646,194342.3082
301310.SZ,20250722,39.36,5.8862,6.8742,1.0,46.0234,43.8222,2.3599,2.0206,1.8342,1.6696,1.6514,13593.804,4962.776,4249.5418,535052.1254,195334.8634
301310.SZ,20250721,40.49,6.2457,7.294,1.08,47.3447,45.0803,2.4277,2.0786,1.8869,1.623,1.6053,13593.804,4962.776,4249.5418,550413.124,200942.8002
301310.SZ,20250718,39.53,5.8774,6.8639,0.98,46.2222,44.0115,2.3701,2.0293,1.8421,1.6624,1.6443,13593.804,4962.776,4249.5418,537363.0721,196178.5353
301310.SZ,20250717,39.8,7.4503,8.7007,0.96,46.5379,44.3121,2.3863,2.0432,1.8547,1.6511,1.6332,13593.804,4962.776,4249.5418,541033.3992,197518.4848
301310.SZ,20250716,39.92,4.8382,5.6503,0.56,46.6782,44.4457,2.3935,2.0493,1.8603,1.6461,1.6283,13593.804,4962.776,4249.5418,542664.6557,198114.0179
301310.SZ,20250715,39.82,5.0683,5.9189,0.52,46.5613,44.3343,2.3875,2.0442,1.8556,1.6503,1.6323,13593.804,4962.776,4249.5418,541305.2753,197617.7403
301310.SZ,20250714,39.85,5.6574,6.607,0.49,46.5963,44.3677,2.3893,2.0458,1.857,1.649,1.6311,13593.804,4962.776,4249.5418,541713.0894,197766.6236
301310.SZ,20250711,40.13,6.9605,8.1287,0.62,46.9237,44.6795,2.4061,2.0601,1.8701,1.6375,1.6197,13593.804,4962.776,4249.5418,545519.3545,199156.2009
301310.SZ,20250710,40.27,16.3952,19.147,1.82,47.0874,44.8354,2.4145,2.0673,1.8766,1.6318,1.6141,13593.804,4962.776,4249.5418,547422.4871,199850.9895
301310.SZ,20250709,38.94,8.9551,10.4581,1.06,45.5323,43.3546,2.3348,1.999,1.8146,1.6876,1.6692,13593.804,4962.776,4249.5418,529342.7278,193250.4974
301310.SZ,20250708,39.3,10.4449,12.1979,1.38,45.9532,43.7554,2.3563,2.0175,1.8314,1.6721,1.6539,13593.804,4962.776,4249.5418,534236.4972,195037.0968
301310.SZ,20250707,38.42,15.5664,18.179,2.56,44.9243,42.7756,2.3036,1.9723,1.7904,1.7104,1.6918,13593.804,4962.776,4249.5418,522273.9497,190669.8539
301310.SZ,20250704,36.25,4.6192,5.3945,0.57,42.3869,40.3596,2.1735,1.8609,1.6893,1.8128,1.7931,13593.804,4962.776,4249.5418,492775.395,179900.63
301310.SZ,20250703,36.76,5.3928,6.2979,0.51,42.9832,40.9274,2.204,1.8871,1.713,1.7877,1.7682,13593.804,4962.776,4249.5418,499708.235,182431.6458
301310.SZ,20250702,36.58,6.0769,7.0968,0.51,42.7728,40.727,2.1933,1.8779,1.7047,1.7965,1.7769,13593.804,4962.776,4249.5418,497261.3503,181538.3461
301310.SZ,20250701,36.75,6.2803,7.3343,0.53,42.9715,40.9163,2.2034,1.8866,1.7126,1.7881,1.7687,13593.804,4962.776,4249.5418,499572.297,182382.018
301310.SZ,20250630,36.74,8.0481,9.3989,0.69,42.9598,40.9052,2.2028,1.8861,1.7121,1.7886,1.7692,13593.804,4962.776,4249.5418,499436.359,182332.3902
301310.SZ,20250627,36.58,14.5404,16.9809,1.52,42.7728,40.727,2.1933,1.8779,1.7047,1.7965,1.7769,13593.804,4962.776,4249.5418,497261.3503,181538.3461
301310.SZ,20250626,39.12,17.5772,20.5273,2.45,45.7428,43.555,2.3455,2.0083,1.823,1.6798,1.6616,13593.804,4962.776,4249.5418,531789.6125,194143.7971
301310.SZ,20250625,38.41,13.4966,15.7618,2.67,44.9126,42.7645,2.303,1.9718,1.7899,1.7109,1.6923,13593.804,4962.776,4249.5418,522138.0116,190620.2262
301310.SZ,20250624,36.01,5.9937,6.9997,1.24,42.1063,40.0924,2.1591,1.8486,1.6781,1.8249,1.8051,13593.804,4962.776,4249.5418,489512.882,178709.5638
301310.SZ,20250623,35.05,6.6793,7.8004,1.55,40.9837,39.0236,2.1015,1.7993,1.6334,1.8749,1.8545,13593.804,4962.776,4249.5418,476462.8302,173945.2988
301310.SZ,20250620,34.0,3.987,4.6562,0.87,39.756,37.8545,2.0386,1.7454,1.5844,1.9328,1.9118,13593.804,4962.776,4249.5418,462189.336,168734.384
301310.SZ,20250619,34.1,5.7286,6.69,1.28,39.8729,37.9659,2.0446,1.7506,1.5891,1.9271,1.9062,13593.804,4962.776,4249.5418,463548.7164,169230.6616
301310.SZ,20250618,34.96,2.9155,3.4048,0.62,40.8785,38.9234,2.0961,1.7947,1.6292,1.8797,1.8593,13593.804,4962.776,4249.5418,475239.3878,173498.649
301310.SZ,20250617,35.08,4.8742,5.6922,0.94,41.0188,39.057,2.1033,1.8009,1.6348,1.8733,1.8529,13593.804,4962.776,4249.5418,476870.6443,174094.1821
301310.SZ,20250616,35.52,4.0373,4.7149,0.71,41.5333,39.5469,2.1297,1.8235,1.6553,1.8501,1.83,13593.804,4962.776,4249.5418,482851.9181,176277.8035
301310.SZ,20250613,35.73,5.3248,6.2186,0.95,41.7789,39.7807,2.1423,1.8342,1.665,1.8392,1.8192,13593.804,4962.776,4249.5418,485706.6169,177319.9865
301310.SZ,20250612,36.75,5.2201,6.0962,0.93,42.9715,40.9163,2.1582,1.8866,1.7126,1.7881,1.7881,13593.804,4962.776,4249.5418,499572.297,182382.018
301310.SZ,20250611,36.2,3.9192,4.577,0.66,42.3284,40.3039,2.1259,1.8584,1.6869,1.8153,1.8153,13593.804,4962.776,4249.5418,492095.7048,179652.4912
301310.SZ,20250610,36.21,7.3677,8.6042,1.32,42.3401,40.3151,2.1264,1.8589,1.6874,1.8148,1.8148,13593.804,4962.776,4249.5418,492231.6428,179702.119
301310.SZ,20250609,37.22,6.6321,7.7452,1.05,43.5211,41.4396,2.1858,1.9107,1.7345,1.7656,1.7656,13593.804,4962.776,4249.5418,505961.3849,184714.5227
301310.SZ,20250606,37.32,5.0283,5.8722,0.59,43.638,41.5509,2.1916,1.9159,1.7391,1.7608,1.7608,13593.804,4962.776,4249.5418,507320.7653,185210.8003
301310.SZ,20250605,37.22,5.0515,5.8994,0.47,43.5211,41.4396,2.1858,1.9107,1.7345,1.7656,1.7656,13593.804,4962.776,4249.5418,505961.3849,184714.5227
301310.SZ,20250604,37.2,5.4965,6.4191,0.47,43.4977,41.4173,2.1846,1.9097,1.7335,1.7665,1.7665,13593.804,4962.776,4249.5418,505689.5088,184615.2672
301310.SZ,20250603,37.16,5.7933,6.7657,0.43,43.4509,41.3728,2.1822,1.9077,1.7317,1.7684,1.7684,13593.804,4962.776,4249.5418,505145.7566,184416.7562
301310.SZ,20250530,37.11,10.3616,12.1007,0.76,43.3925,41.3171,2.1793,1.9051,1.7294,1.7708,1.7708,13593.804,4962.776,4249.5418,504466.0664,184168.6174
301310.SZ,20250529,37.84,16.1537,18.865,1.33,44.2461,42.1299,2.2222,1.9426,1.7634,1.7366,1.7366,13593.804,4962.776,4249.5418,514389.5434,187791.4438
301310.SZ,20250528,39.48,16.5038,19.2737,1.42,46.1637,43.9558,2.3185,2.0268,1.8398,1.6645,1.6645,13593.804,4962.776,4249.5418,536683.3819,195930.3965
301310.SZ,20250527,38.39,10.1474,11.8506,0.81,44.8892,42.7422,2.2545,1.9708,1.789,1.7118,1.7118,13593.804,4962.776,4249.5418,521866.1356,190520.9706
301310.SZ,20250526,39.8,13.4807,15.7433,1.01,46.5379,44.3121,2.3373,2.0432,1.8547,1.6511,1.6511,13593.804,4962.776,4249.5418,541033.3992,197518.4848
301310.SZ,20250523,38.75,11.9032,13.9011,0.76,45.3101,43.143,2.2756,1.9893,1.8058,1.6959,1.6959,13593.804,4962.776,4249.5418,526759.905,192307.57
301310.SZ,20250522,38.81,8.597,10.0399,0.56,45.3803,43.2098,2.2791,1.9924,1.8086,1.6932,1.6932,13593.804,4962.776,4249.5418,527575.5332,192605.3366
301310.SZ,20250521,39.33,13.7898,16.1042,0.93,45.9883,43.7888,2.3097,2.0191,1.8328,1.6708,1.6708,13593.804,4962.776,4249.5418,534644.3113,195185.9801
301310.SZ,20250520,41.79,14.982,17.4965,0.99,48.8648,46.5277,2.4541,2.1453,1.9474,1.5725,1.5725,13593.804,4962.776,4249.5418,568085.0692,207394.409
301310.SZ,20250519,41.95,17.7052,20.6769,1.16,49.0519,46.7058,2.4635,2.1536,1.9549,1.5665,1.5665,13593.804,4962.776,4249.5418,570260.0778,208188.4532
301310.SZ,20250516,42.48,23.3422,27.2599,1.66,49.6716,47.2959,2.4947,2.1808,1.9796,1.5469,1.5469,13593.804,4962.776,4249.5418,577464.7939,210818.7245
301310.SZ,20250515,38.48,6.872,8.0253,0.45,44.9944,42.8424,2.2598,1.9754,1.7932,1.7078,1.7078,13593.804,4962.776,4249.5418,523089.5779,190967.6205
301310.SZ,20250514,38.81,11.539,13.4756,0.65,45.3803,43.2098,2.2791,1.9924,1.8086,1.6932,1.6932,13593.804,4962.776,4249.5418,527575.5332,192605.3366
301310.SZ,20250513,39.16,16.4733,19.2382,0.83,45.7895,43.5995,2.2997,2.0103,1.8249,1.6781,1.6781,13593.804,4962.776,4249.5418,532333.3646,194342.3082
301310.SZ,20250512,41.01,18.0147,21.0382,0.96,47.9527,45.6592,2.4083,2.1053,1.9111,1.6024,1.6024,13593.804,4962.776,4249.5418,557481.902,203523.4438
301310.SZ,20250509,39.36,17.3741,20.2902,1.0,46.0234,43.8222,2.3114,2.0206,1.8342,1.6696,1.6696,13593.804,4962.776,4249.5418,535052.1254,195334.8634
301310.SZ,20250508,39.34,13.2856,15.5155,0.84,46.0,43.7999,2.3103,2.0196,1.8333,1.6704,1.6704,13593.804,4962.776,4249.5418,534780.2494,195235.6078
301310.SZ,20250507,39.35,23.7236,27.7053,1.88,46.0117,43.8111,2.3108,2.0201,1.8337,1.67,1.67,13593.804,4962.776,4249.5418,534916.1874,195285.2356
301310.SZ,20250506,40.1,26.5727,31.0326,2.96,46.8887,44.6461,2.3549,2.0586,1.8687,1.6388,1.6388,13593.804,4962.776,4249.5418,545111.5404,199007.3176
301310.SZ,20250430,34.76,13.089,15.2858,1.68,40.6446,38.7007,2.0413,1.7845,1.6198,1.8905,1.8905,13593.804,4962.776,4249.5418,472520.627,172506.0938
301310.SZ,20250429,33.15,10.1333,11.834,1.51,38.7621,36.9082,1.9467,1.7018,1.5448,1.9823,1.9823,13593.804,4962.776,4249.5418,450634.6026,164516.0244
301310.SZ,20250428,31.03,6.0104,7.0192,0.88,36.2832,34.5478,1.8222,1.593,1.446,2.1178,2.1178,13593.804,4962.776,4249.5418,421815.7381,153994.9393
301310.SZ,20250425,31.77,7.3783,8.6167,1.17,37.1484,35.3717,1.8657,1.631,1.4805,2.0684,2.0684,13593.804,4962.776,4249.5418,431875.1531,157667.3935
301310.SZ,20250424,32.1,8.3153,9.7109,1.33,37.5343,37.5343,1.9143,1.6479,1.6479,2.0472,2.0472,13593.804,4962.776,4249.5418,436361.1084,159305.1096
301310.SZ,20250423,31.47,7.0336,8.2141,1.19,36.7977,36.7977,1.8768,1.6156,1.6156,2.0882,2.0882,13593.804,4962.776,4249.5418,427797.0119,156178.5607
301310.SZ,20250422,30.25,4.9082,5.732,0.76,35.3711,35.3711,1.804,1.5529,1.5529,2.1724,2.1724,13593.804,4962.776,4249.5418,411212.571,150123.974
301310.SZ,20250421,30.93,6.3924,7.4653,0.99,36.1662,36.1662,1.8446,1.5878,1.5878,2.1246,2.1246,13593.804,4962.776,4249.5418,420456.3577,153498.6617
301310.SZ,20250418,29.53,4.8591,5.5656,0.73,34.5292,34.5292,1.7611,1.516,1.516,2.2253,2.2253,13593.804,4962.776,4332.776,401425.0321,146550.7753
301310.SZ,20250417,29.53,8.1826,9.3724,1.29,34.5292,34.5292,1.7611,1.516,1.516,2.2253,2.2253,13593.804,4962.776,4332.776,401425.0321,146550.7753
301310.SZ,20250416,28.52,5.1987,5.9546,0.75,33.3482,33.3482,1.7008,1.4641,1.4641,2.3041,2.3041,13593.804,4962.776,4332.776,387695.2901,141538.3715
301310.SZ,20250415,29.13,7.5801,8.6823,1.13,34.0615,34.0615,1.7372,1.4954,1.4954,2.2559,2.2559,13593.804,4962.776,4332.776,395987.5105,144565.6649
301310.SZ,20250414,28.62,6.3291,7.2494,0.89,33.4652,33.4652,1.7068,1.4692,1.4692,2.2961,2.2961,13593.804,4962.776,4332.776,389054.6705,142034.6491
301310.SZ,20250411,27.6,5.8431,6.6927,0.86,32.2725,32.2725,1.646,1.4169,1.4169,2.381,2.381,13593.804,4962.776,4332.776,375188.9904,136972.6176
301310.SZ,20250410,27.8,4.8958,7.6992,1.07,22.8815,26.8236,1.6742,1.8886,1.66,2.3638,2.3638,13593.804,6921.026,4401.026,377907.7512,192404.5228
301310.SZ,20250409,26.7,5.6568,8.8959,1.32,21.9761,25.7622,1.608,1.8138,1.5943,2.4612,2.4612,13593.804,6921.026,4401.026,362954.5668,184791.3942
301310.SZ,20250408,25.65,4.7244,7.4295,1.17,21.1118,24.7491,1.5447,1.7425,1.5316,2.562,2.562,13593.804,6921.026,4401.026,348681.0726,177524.3169
301310.SZ,20250407,24.97,5.9814,9.4063,1.75,20.5522,24.093,1.5038,1.6963,1.491,2.6317,2.6317,13593.804,6921.026,4401.026,339437.2859,172818.0192
301310.SZ,20250403,31.21,3.1829,5.0053,0.87,25.6881,30.1138,1.8796,2.1202,1.8636,2.1056,2.1056,13593.804,6921.026,4401.026,424262.6228,216005.2215
301310.SZ,20250402,32.29,3.4028,5.3513,0.9,26.5771,31.1559,1.9446,2.1936,1.9281,2.0351,2.0351,13593.804,6921.026,4401.026,438943.9312,223479.9295
301310.SZ,20250401,32.5,4.1474,6.5221,1.01,26.7499,31.3585,1.9573,2.2078,1.9406,2.022,2.022,13593.804,6921.026,4401.026,441798.63,224933.345
301310.SZ,20250331,32.13,3.543,5.5718,0.7,26.4454,31.0015,1.935,2.1827,1.9185,2.0453,2.0453,13593.804,6921.026,4401.026,436768.9225,222372.5654
301310.SZ,20250328,32.29,2.7725,4.3601,0.4,26.5771,31.1559,1.9446,2.1936,1.9281,2.0351,2.0351,13593.804,6921.026,4401.026,438943.9312,223479.9295
301310.SZ,20250327,32.82,4.4206,6.9518,0.48,27.0133,31.6673,1.9766,2.2296,1.9597,2.0023,2.0023,13593.804,6921.026,4401.026,446148.6473,227148.0733
301310.SZ,20250326,33.53,4.063,6.3895,0.37,27.5977,32.3524,2.0193,2.2778,2.0021,1.9599,1.9599,13593.804,6921.026,4401.026,455800.2481,232062.0018
301310.SZ,20250325,33.26,5.8255,9.1612,0.5,27.3754,32.0918,2.0031,2.2595,1.986,1.9758,1.9758,13593.804,6921.026,4401.026,452129.921,230193.3248
301310.SZ,20250324,33.58,8.3948,13.2016,0.78,27.6388,32.4006,2.0223,2.2812,2.0051,1.9569,1.9569,13593.804,6921.026,4401.026,456479.9383,232408.0531
301310.SZ,20250321,34.5,11.8677,18.663,1.23,28.3961,33.2883,2.0777,2.3437,2.06,1.9048,1.9048,13593.804,6921.026,4401.026,468986.238,238775.397
301310.SZ,20250320,38.0,15.8819,24.9757,1.99,31.2768,36.6654,2.2885,2.5815,2.269,1.7293,1.7293,13593.804,6921.026,4401.026,516564.552,262998.988
301310.SZ,20250319,37.12,12.8042,20.1358,1.81,30.5525,35.8163,2.2355,2.5217,2.2165,1.7703,1.7703,13593.804,6921.026,4401.026,504602.0045,256908.4851
301310.SZ,20250318,37.13,8.905,14.0039,1.08,30.5607,35.8259,2.2361,2.5224,2.2171,1.7698,1.7698,13593.804,6921.026,4401.026,504737.9425,256977.6954
301310.SZ,20250317,36.36,4.6665,7.3385,0.49,29.927,35.083,2.1897,2.4701,2.1711,1.8073,1.8073,13593.804,6921.026,4401.026,494270.7134,251648.5054
301310.SZ,20250314,36.14,6.1097,9.608,0.55,29.7459,34.8707,2.1765,2.4551,2.158,1.8183,1.8183,13593.804,6921.026,4401.026,491280.0766,250125.8796
301310.SZ,20250313,36.01,7.3745,11.5971,0.56,29.6389,34.7453,2.1687,2.4463,2.1502,1.8249,1.8249,13593.804,6921.026,4401.026,489512.882,249226.1463
301310.SZ,20250312,36.83,8.3568,13.1419,0.55,30.3138,35.5365,2.2181,2.502,2.1992,1.7843,1.7843,13593.804,6921.026,4401.026,500659.8013,254901.3876
301310.SZ,20250311,36.18,14.7173,23.1443,0.94,29.7788,34.9093,2.1789,2.4578,2.1603,1.8163,1.8163,13593.804,6921.026,4401.026,491823.8287,250402.7207
301310.SZ,20250310,39.34,11.3853,17.9044,0.75,32.3797,37.9583,2.3692,2.6725,2.349,1.6704,1.6704,13593.804,6921.026,4401.026,534780.2494,272273.1628
301310.SZ,20250307,39.8,14.146,22.2459,0.91,32.7583,38.4021,2.3969,2.7038,2.3765,1.6511,1.6511,13593.804,6921.026,4401.026,541033.3992,275456.8348
301310.SZ,20250306,40.5,17.635,27.7326,1.12,33.3345,39.0776,2.4391,2.7513,2.4183,1.6226,1.6226,13593.804,6921.026,4401.026,550549.062,280301.553
301310.SZ,20250305,39.6,18.6208,29.2829,1.21,32.5937,38.2092,2.3849,2.6902,2.3646,1.6595,1.6595,13593.804,6921.026,4401.026,538314.6384,274072.6296
301310.SZ,20250304,37.59,16.3699,25.7431,1.12,30.9394,36.2698,2.2638,2.5536,2.2445,1.7482,1.7482,13593.804,6921.026,4401.026,510991.0924,260161.3673
301310.SZ,20250303,34.75,9.509,15.242,0.66,28.6018,33.5295,2.0928,2.3607,2.075,1.8911,1.8911,13593.804,6921.026,4317.7918,472384.689,240505.6535
301310.SZ,20250228,35.37,15.3116,24.5431,1.21,29.1121,34.1277,2.1301,2.4028,2.112,1.8579,1.8579,13593.804,6921.026,4317.7918,480812.8475,244796.6896
301310.SZ,20250227,35.67,19.0289,30.5016,1.76,29.359,34.4172,2.1482,2.4232,2.1299,1.8423,1.8423,13593.804,6921.026,4317.7918,484890.9887,246872.9974
301310.SZ,20250226,34.0,16.4392,26.3506,1.77,27.9845,32.8059,2.0476,2.3097,2.0302,1.9328,1.9328,13593.804,6921.026,4317.7918,462189.336,235314.884
301310.SZ,20250225,32.71,12.988,20.8186,1.69,26.9228,31.5612,1.9699,2.2221,1.9531,2.009,2.009,13593.804,6921.026,4317.7918,444653.3288,226386.7605
301310.SZ,20250224,32.09,8.1755,13.1046,1.15,26.4124,30.9629,1.9326,2.18,1.9161,2.0478,2.0478,13593.804,6921.026,4317.7918,436225.1704,222095.7243
301310.SZ,20250221,31.9,6.6746,10.6987,0.94,26.2561,30.7796,1.9211,2.1671,1.9048,2.06,2.06,13593.804,6921.026,4317.7918,433642.3476,220780.7294
301310.SZ,20250220,31.85,9.8461,15.7825,1.45,26.2149,30.7314,1.9181,2.1637,1.9018,2.0632,2.0632,13593.804,6921.026,4317.7918,432962.6574,220434.6781
301310.SZ,20250219,31.45,8.6862,13.9232,1.39,25.8857,30.3454,1.894,2.1365,1.8779,2.0895,2.0895,13593.804,6921.026,4317.7918,427525.1358,217666.2677
301310.SZ,20250218,29.98,4.9567,7.9452,0.71,24.6758,28.927,1.8055,2.0367,1.7901,2.1919,2.1919,13593.804,6921.026,4317.7918,407542.2439,207492.3595
301310.SZ,20250217,30.44,5.2301,8.3834,0.69,25.0544,29.3709,1.8332,2.0679,1.8176,2.1588,2.1588,13593.804,6921.026,4317.7918,413795.3938,210676.0314
301310.SZ,20250214,29.55,6.7222,10.775,0.73,24.3218,28.5121,1.7796,2.0074,1.7645,2.2238,2.2238,13593.804,6921.026,4317.7918,401696.9082,204516.3183
301310.SZ,20250213,30.39,8.3256,13.3452,0.78,25.0132,29.3226,1.8302,2.0645,1.8146,2.1624,2.1624,13593.804,6921.026,4317.7918,413115.7036,210329.9801
301310.SZ,20250212,31.61,6.1173,9.8054,0.56,26.0174,30.4998,1.9037,2.1474,1.8875,2.0789,2.0789,13593.804,6921.026,4317.7918,429700.1444,218773.6319
301310.SZ,20250211,31.55,8.3103,13.3206,0.74,25.968,30.4419,1.9001,2.1433,1.8839,2.0829,2.0829,13593.804,6921.026,4317.7918,428884.5162,218358.3703
301310.SZ,20250210,31.36,8.1735,13.1014,0.63,25.8116,30.2586,1.8886,2.1304,1.8725,2.0955,2.0955,13593.804,6921.026,4317.7918,426301.6934,217043.3754
301310.SZ,20250207,32.09,14.9318,23.9344,1.02,26.4124,30.9629,1.9326,2.18,1.9161,2.0478,2.0478,13593.804,6921.026,4317.7918,436225.1704,222095.7243
301310.SZ,20250206,32.06,15.6969,25.1606,1.28,26.3878,30.934,1.9308,2.178,1.9143,2.0497,2.0497,13593.804,6921.026,4317.7918,435817.3562,221888.0936
301310.SZ,20250205,28.95,7.8117,12.5215,0.68,23.828,27.9332,1.7435,1.9667,1.7286,2.2699,2.2699,13593.804,6921.026,4317.7918,393540.6258,200363.7027
301310.SZ,20250127,28.41,9.178,14.7115,0.9,23.3835,27.4122,1.711,1.93,1.6964,2.3131,2.3131,13593.804,6921.026,4317.7918,386199.9716,196626.3487
301310.SZ,20250124,29.6,17.7004,28.3722,2.4,24.363,28.5604,1.7826,2.0108,1.7674,2.2201,2.2201,13593.804,6921.026,4317.7918,402376.5984,204862.3696
301310.SZ,20250123,29.62,22.7287,36.4321,6.04,24.3795,28.5797,1.7838,2.0122,1.7686,2.2186,2.2186,13593.804,6921.026,4317.7918,402648.4745,205000.7901
301310.SZ,20250122,27.2,4.0908,6.5571,1.16,22.3876,26.2447,1.6381,1.8478,1.6241,2.416,2.416,13593.804,6921.026,4317.7918,369751.4688,188251.9072
301310.SZ,20250121,27.15,3.7819,6.062,1.02,22.3465,26.1964,1.6351,1.8444,1.6212,2.4204,2.4204,13593.804,6921.026,4317.7918,369071.7786,187905.8559
301310.SZ,20250120,26.76,2.9389,4.7108,0.79,22.0255,25.8201,1.6116,1.8179,1.5979,2.4557,2.4557,13593.804,6921.026,4317.7918,363770.195,185206.6558
301310.SZ,20250117,26.66,3.2773,5.2533,0.85,21.9432,25.7236,1.6056,1.8111,1.5919,2.4649,2.4649,13593.804,6921.026,4317.7918,362410.8146,184514.5532
301310.SZ,20250116,27.02,4.7204,7.5664,1.32,22.2395,26.071,1.6273,1.8356,1.6134,2.4321,2.4321,13593.804,6921.026,4317.7918,367304.5841,187006.1225
301310.SZ,20250115,26.43,2.9394,4.7116,0.84,21.7538,25.5017,1.5917,1.7955,1.5782,2.4864,2.4864,13593.804,6921.026,4317.7918,359284.2397,182922.7172
301310.SZ,20250114,26.68,4.6738,7.4916,1.52,21.9596,25.7429,1.6068,1.8125,1.5931,2.4631,2.4631,13593.804,6921.026,4317.7918,362682.6907,184652.9737
301310.SZ,20250113,25.26,2.9802,5.6695,1.06,20.7908,24.3728,1.5213,1.716,1.5083,2.6015,2.6015,13593.804,6921.026,3638.1038,343379.489,174825.1168
301310.SZ,20250110,24.88,4.0676,7.7381,1.49,20.4781,24.0062,1.4984,1.6902,1.4856,2.6412,2.6412,13593.804,6921.026,3638.1038,338213.8435,172195.1269
301310.SZ,20250109,25.29,3.1933,6.0749,1.14,20.8155,24.4018,1.5231,1.718,1.5101,2.5984,2.5984,13593.804,6921.026,3638.1038,343787.3032,175032.7475
301310.SZ,20250108,24.68,2.6339,5.0106,0.89,20.3135,23.8132,1.4863,1.6766,1.4737,2.6627,2.6627,13593.804,6921.026,3638.1038,335495.0827,170810.9217
301310.SZ,20250107,24.86,2.4603,4.6805,0.8,20.4616,23.9869,1.4972,1.6888,1.4844,2.6434,2.6434,13593.804,6921.026,3638.1038,337941.9674,172056.7064
301310.SZ,20250106,23.85,1.7616,3.3512,0.46,19.6303,23.0123,1.4363,1.6202,1.4241,2.7553,2.7553,13593.804,6921.026,3638.1038,324212.2254,165066.4701
301310.SZ,20250103,23.98,3.5798,6.8101,0.8,19.7373,23.1378,1.4442,1.629,1.4319,2.7404,2.7404,13593.804,6921.026,3638.1038,325979.4199,165966.2035
301310.SZ,20250102,25.42,3.5902,6.8299,0.81,20.9225,24.5272,1.5309,1.7269,1.5179,2.5851,2.5851,13593.804,6921.026,3638.1038,345554.4977,175932.4809
301310.SZ,20241231,25.6,3.4032,6.4742,0.77,21.0707,24.7009,1.5417,1.7391,1.5286,1.3951,2.567,13593.804,6921.026,3638.1038,348001.3824,177178.2656
301310.SZ,20241230,26.6,2.9993,5.7058,0.62,21.8938,25.6658,1.602,1.807,1.5883,1.3426,2.4705,13593.804,6921.026,3638.1038,361595.1864,184099.2916
301310.SZ,20241227,27.2,5.4134,10.2982,1.16,22.3876,26.2447,1.6381,1.8478,1.6241,1.313,2.416,13593.804,6921.026,3638.1038,369751.4688,188251.9072
301310.SZ,20241226,27.77,6.8558,13.0423,1.67,22.8568,26.7947,1.6724,1.8865,1.6582,1.2861,2.3664,13593.804,6921.026,3638.1038,377499.9371,192196.892
301310.SZ,20241225,26.25,3.3837,6.437,0.85,21.6057,25.328,1.5809,1.7833,1.5674,1.3605,2.5034,13593.804,6921.026,3638.1038,356837.355,181676.9325
301310.SZ,20241224,26.65,3.4222,6.5103,0.81,21.9349,25.714,1.605,1.8104,1.5913,1.3401,2.4658,13593.804,6921.026,3638.1038,362274.8766,184445.3429
301310.SZ,20241223,26.03,5.2484,9.9843,1.31,21.4246,25.1158,1.5676,1.7683,1.5543,1.372,2.5246,13593.804,6921.026,3638.1038,353846.7181,180154.3068
301310.SZ,20241220,27.27,4.3905,8.3523,1.0,22.4452,26.3122,1.6423,1.8526,1.6283,1.3097,2.4098,13593.804,6921.026,3638.1038,370703.0351,188736.379
301310.SZ,20241219,26.57,4.0555,7.7151,0.79,21.8691,25.6368,1.6002,1.805,1.5865,1.3442,2.4733,13593.804,6921.026,3638.1038,361187.3723,183891.6608
301310.SZ,20241218,26.63,2.7694,5.2685,0.43,21.9185,25.6947,1.6038,1.8091,1.5901,1.3411,2.4677,13593.804,6921.026,3638.1038,362003.0005,184306.9224
301310.SZ,20241217,26.85,4.605,8.7604,0.55,22.0995,25.907,1.617,1.824,1.6032,1.3301,2.4475,13593.804,6921.026,3638.1038,364993.6374,185829.5481
301310.SZ,20241216,27.6,4.212,8.0127,0.41,22.7168,26.6306,1.6622,1.875,1.648,1.294,2.381,13593.804,6921.026,3638.1038,375188.9904,191020.3176
301310.SZ,20241213,27.8,6.3446,12.0698,0.58,22.8815,26.8236,1.6742,1.8886,1.66,1.2847,2.3638,13593.804,6921.026,3638.1038,377907.7512,192404.5228
301310.SZ,20241212,28.49,7.5872,14.4337,0.62,23.4494,27.4894,1.7158,1.9354,1.7012,1.2536,2.3066,13593.804,6921.026,3638.1038,387287.476,197180.0307
301310.SZ,20241211,29.45,9.624,18.3085,0.69,24.2395,28.4157,1.7736,2.0006,1.7585,1.2127,2.2314,13593.804,6921.026,3638.1038,400337.5278,203824.2157
301310.SZ,20241210,30.01,14.0997,26.8228,1.1,24.7005,28.956,1.8073,2.0387,1.7919,1.1901,2.1897,13593.804,6921.026,3638.1038,407950.058,207699.9903
301310.SZ,20241209,29.42,13.8477,26.3434,1.24,24.2148,28.3867,1.7718,1.9986,1.7567,1.2139,2.2337,13593.804,6921.026,3638.1038,399929.7137,203616.5849
301310.SZ,20241206,29.32,9.8212,18.6835,1.02,24.1325,28.2902,1.7658,1.9918,1.7507,1.2181,2.2413,13593.804,6921.026,3638.1038,398570.3333,202924.4823
301310.SZ,20241205,29.56,13.3606,25.4168,1.83,24.3301,28.5218,1.7802,2.0081,1.7651,1.2082,2.2231,13593.804,6921.026,3638.1038,401832.8462,204585.5286
301310.SZ,20241204,29.16,18.7482,35.666,4.73,24.0008,28.1358,1.7561,1.9809,1.7412,1.2248,2.2536,13593.804,6921.026,3638.1038,396395.3246,201817.1182
301310.SZ,20241203,26.77,8.4426,16.0611,3.14,22.0337,25.8298,1.6122,1.8186,1.5985,1.3341,2.4548,13593.804,6921.026,3638.1038,363906.1331,185275.866
301310.SZ,20241202,26.62,5.4181,10.3072,2.69,21.9102,25.6851,1.6032,1.8084,1.5895,1.3416,2.4686,13593.804,6921.026,3638.1038,361867.0625,184237.7121
301310.SZ,20241129,25.04,3.3183,4.032,0.94,20.6098,24.1605,1.508,1.7011,1.4952,1.4263,2.6244,13593.804,4310.026,3547.1038,340388.8522,107923.051
301310.SZ,20241128,24.59,3.0446,3.6995,0.82,20.2394,23.7263,1.4809,1.6705,1.4683,1.4524,2.6724,13593.804,4310.026,3547.1038,334271.6404,105983.5393
301310.SZ,20241127,24.95,3.177,3.8603,0.79,20.5357,24.0737,1.5026,1.6949,1.4898,1.4314,2.6338,13593.804,4310.026,3547.1038,339165.4098,107535.1487
301310.SZ,20241126,24.5,3.3529,4.0741,0.78,20.1653,23.6395,1.4755,1.6644,1.4629,1.4577,2.6822,13593.804,4310.026,3547.1038,333048.198,105595.637
301310.SZ,20241125,25.18,3.2776,3.9826,0.61,20.725,24.2956,1.5164,1.7106,1.5035,1.4184,2.6098,13593.804,4310.026,3547.1038,342291.9847,108526.4547
301310.SZ,20241122,24.55,4.8707,5.9184,0.76,20.2065,23.6878,1.4785,1.6678,1.4659,1.4548,2.6768,13593.804,4310.026,3547.1038,333727.8882,105811.1383
301310.SZ,20241121,25.8,3.9936,4.8526,0.44,21.2353,24.8939,1.5538,1.7527,1.5405,1.3843,2.5471,13593.804,4310.026,3547.1038,350720.1432,111198.6708
301310.SZ,20241120,25.89,4.5034,5.4719,0.45,21.3094,24.9807,1.5592,1.7588,1.5459,1.3795,2.5382,13593.804,4310.026,3547.1038,351943.5856,111586.5731
301310.SZ,20241119,25.48,4.845,5.8871,0.46,20.9719,24.5851,1.5345,1.7309,1.5214,1.4017,2.5791,13593.804,4310.026,3547.1038,346370.1259,109819.4625
301310.SZ,20241118,24.62,8.4356,10.25,0.8,20.2641,23.7553,1.4827,1.6725,1.4701,1.4506,2.6691,13593.804,4310.026,3547.1038,334679.4545,106112.8401
301310.SZ,20241115,26.61,10.2884,12.5013,1.05,21.902,25.6754,1.6026,1.8077,1.5889,1.3421,2.4695,13593.804,4310.026,3547.1038,361731.1244,114689.7919
301310.SZ,20241114,27.77,17.3616,21.0958,2.27,22.8568,26.7947,1.6724,1.8865,1.6582,1.2861,2.3664,13593.804,4310.026,3547.1038,377499.9371,119689.422
301310.SZ,20241113,27.17,9.2666,11.2597,1.25,22.3629,26.2157,1.6363,1.8458,1.6223,1.3145,2.4186,13593.804,4310.026,3547.1038,369343.6547,117103.4064
301310.SZ,20241112,26.24,7.6388,9.2818,0.97,21.5975,25.3184,1.5803,1.7826,1.5668,1.3611,2.5044,13593.804,4310.026,3547.1038,356701.417,113095.0822
301310.SZ,20241111,26.94,7.9646,9.9782,0.99,22.1736,25.9938,1.6224,1.8301,1.6086,1.3257,2.4393,13593.804,4310.026,3440.2438,366217.0798,116112.1004
301310.SZ,20241108,26.0,6.9608,8.7206,0.7,21.3999,25.0868,1.5658,1.7663,1.5525,1.3736,2.5275,13593.804,4310.026,3440.2438,353438.904,112060.676
301310.SZ,20241107,25.97,6.4068,8.0266,0.48,21.3752,25.0579,1.564,1.7642,1.5507,1.3752,2.5304,13593.804,4310.026,3440.2438,353031.0899,111931.3752
301310.SZ,20241106,25.82,8.1941,10.2658,0.54,21.2518,24.9131,1.555,1.754,1.5417,1.3832,2.5451,13593.804,4310.026,3440.2438,350992.0193,111284.8713
301310.SZ,20241105,26.13,9.9483,12.4635,0.64,21.5069,25.2123,1.5737,1.7751,1.5602,1.3668,2.5149,13593.804,4310.026,3440.2438,355206.0985,112620.9794
301310.SZ,20241104,25.77,8.8937,11.1423,0.57,21.2106,24.8649,1.552,1.7507,1.5388,1.3859,2.55,13593.804,4310.026,3440.2438,350312.3291,111069.37
301310.SZ,20241101,25.84,16.189,20.282,1.16,21.2682,24.9324,1.5562,1.7554,1.5429,1.3821,2.5431,13593.804,4310.026,3440.2438,351263.8954,111371.0718
301310.SZ,20241031,27.57,23.654,29.6343,2.35,22.6922,26.6017,1.6604,1.8729,1.6462,1.2954,2.3835,13593.804,4310.026,3440.2438,374781.1763,118827.4168
301310.SZ,20241030,25.62,17.0396,21.3476,2.18,21.0872,24.7202,1.5429,1.7405,1.5298,1.394,2.565,13593.804,4310.026,3440.2438,348273.2585,110422.8661
301310.SZ,20241029,27.66,12.4096,15.547,2.06,22.7662,26.6885,1.6658,1.879,1.6516,1.2912,2.3758,13593.804,4310.026,3440.2438,376004.6186,119215.3192
301310.SZ,20241028,26.45,8.4461,10.5815,1.61,21.7703,25.521,1.5929,1.7968,1.5794,1.3503,2.4845,13593.804,4310.026,3440.2438,359556.1158,114000.1877
301310.SZ,20241025,25.8,8.4163,10.5441,1.86,21.2353,24.8939,1.5538,1.7527,1.5405,1.3843,2.5471,13593.804,4310.026,3440.2438,350720.1432,111198.6708
301310.SZ,20241024,24.41,3.9362,4.9314,0.91,20.0912,21.2806,1.4915,1.6583,1.5557,1.4631,2.6921,13593.804,4310.026,3440.2438,331824.7556,105207.7347
301310.SZ,20241023,24.75,5.8187,7.2898,1.57,20.3711,21.577,1.5122,1.6814,1.5774,1.443,2.6551,13593.804,4310.026,3440.2438,336446.649,106673.1435
301310.SZ,20241022,24.5,3.517,4.4062,0.92,20.1653,21.359,1.497,1.6644,1.5615,1.4577,4.1399,13593.804,4310.026,3440.2438,333048.198,105595.637
301310.SZ,20241021,24.27,4.5057,5.6449,1.21,19.976,21.1585,1.4829,1.6487,1.5468,1.4715,4.1792,13593.804,4310.026,3440.2438,329921.6231,104604.331
301310.SZ,20241018,23.75,4.879,6.1126,1.32,19.548,20.7052,1.4511,1.6134,1.5137,1.5038,4.2707,13593.804,4310.026,3440.2438,322852.845,102363.1175
301310.SZ,20241017,22.73,2.8284,3.5435,0.66,18.7085,19.816,1.3888,1.5441,1.4487,1.5712,4.4623,13593.804,4310.026,3440.2438,308987.1649,97966.891
301310.SZ,20241016,22.83,2.8008,3.5089,0.5,18.7908,19.9031,1.3949,1.5509,1.455,1.5644,4.4428,13593.804,4310.026,3440.2438,310346.5453,98397.8936
301310.SZ,20241015,23.07,4.0704,5.0995,0.54,18.9883,20.1124,1.4096,1.5672,1.4703,1.5481,4.3966,13593.804,4310.026,3440.2438,313609.0583,99432.2998
301310.SZ,20241014,23.6,4.0877,5.1211,0.45,19.4245,20.5744,1.442,1.6032,1.5041,1.5133,4.2978,13593.804,4310.026,3440.2438,320813.7744,101716.6136
301310.SZ,20241011,23.04,4.7047,5.8942,0.5,18.9636,20.0862,1.4078,1.5652,1.4684,1.5501,4.4023,13593.804,4310.026,3440.2438,313201.2442,99302.999
301310.SZ,20241010,24.16,5.6859,7.1234,0.65,19.8855,21.0626,1.4762,1.6413,1.5398,1.4782,4.1982,13593.804,4310.026,3440.2438,328426.3046,104130.2282
301310.SZ,20241009,23.96,9.6438,12.082,1.27,19.7209,20.8883,1.464,1.6277,1.5271,1.4906,4.2332,13593.804,4310.026,3440.2438,325707.5438,103268.223
301310.SZ,20241008,27.88,13.4886,16.8989,2.49,22.9473,24.3057,1.7035,1.894,1.7769,1.281,3.638,13593.804,4310.026,3440.2438,378995.2555,120163.5249
301310.SZ,20240930,25.27,11.9521,14.9738,3.59,20.7991,22.0303,1.544,1.7167,1.6105,1.4133,4.0138,13593.804,4310.026,3440.2438,343515.4271,108914.357
301310.SZ,20240927,22.25,5.9295,7.4286,2.35,18.3134,19.3975,1.3595,1.5115,1.4181,1.6051,4.5586,13593.804,4310.026,3440.2438,302462.139,95898.0785
301310.SZ,20240926,20.37,2.8634,3.5873,1.23,16.766,17.7585,1.2446,1.3838,1.2983,1.7533,4.9793,13593.804,4310.026,3440.2438,276905.7875,87795.2296
301310.SZ,20240925,19.88,3.7074,4.6447,1.84,16.3627,17.3313,1.2147,1.3505,1.267,1.7965,5.102,13593.804,4310.026,3440.2438,270244.8235,85683.3169
301310.SZ,20240924,19.59,2.6024,3.2604,1.18,16.124,17.0785,1.197,1.3308,1.2485,1.8231,5.1776,13593.804,4310.026,3440.2438,266302.6204,84433.4093
301310.SZ,20240923,18.93,1.534,1.9218,0.58,15.5808,16.5031,1.1566,1.286,1.2065,1.8867,5.3581,13593.804,4310.026,3440.2438,257330.7097,81588.7922
301310.SZ,20240920,19.12,1.8995,2.3798,0.7,15.7372,16.6688,1.1682,1.2989,1.2186,1.8679,5.3048,13593.804,4310.026,3440.2438,259913.5325,82407.6971
301310.SZ,20240919,19.48,1.9127,2.3962,0.68,16.0335,16.9826,1.1902,1.3233,1.2415,1.8334,5.2068,13593.804,4310.026,3440.2438,264807.3019,83959.3065
301310.SZ,20240918,19.2,2.1229,2.6596,0.72,15.803,16.7385,1.1731,1.3043,1.2237,1.8601,5.2827,13593.804,4310.026,3440.2438,261001.0368,82752.4992
301310.SZ,20240913,19.39,3.5847,4.4911,1.25,15.9594,16.9041,1.1847,1.3172,1.2358,1.8419,5.231,13593.804,4310.026,3440.2438,263583.8596,83571.4041
301310.SZ,20240912,20.24,3.675,4.6041,1.34,16.659,17.6452,1.2367,1.375,1.29,1.7645,5.0113,13593.804,4310.026,3440.2438,275138.593,87234.9262
301310.SZ,20240911,21.45,2.3702,2.9695,0.78,17.6549,18.7001,1.287,1.4572,1.3671,1.665,3.33,13593.804,4310.026,3440.2438,291587.0958,92450.0577
301310.SZ,20240910,21.39,2.278,2.8539,0.57,17.6056,18.6477,1.2834,1.4531,1.3633,1.6697,3.3393,13593.804,4310.026,3440.2438,290771.4676,92191.4561
301310.SZ,20240909,21.01,2.9079,3.6431,0.51,17.2928,18.3165,1.2606,1.4273,1.339,1.6999,3.3997,13593.804,4310.026,3440.2438,285605.822,90553.6463
301310.SZ,20240906,21.45,3.1527,3.9498,0.54,17.6549,18.7001,1.287,1.4572,1.3671,1.665,3.33,13593.804,4310.026,3440.2438,291587.0958,92450.0577
301310.SZ,20240905,22.25,2.9948,3.7519,0.49,18.3134,19.3975,1.335,1.5115,1.4181,1.6051,3.2103,13593.804,4310.026,3440.2438,302462.139,95898.0785
301310.SZ,20240904,22.36,3.8039,4.7657,0.67,18.4039,19.4934,1.3416,1.519,1.4251,1.5972,3.1945,13593.804,4310.026,3440.2438,303957.4574,96372.1814
301310.SZ,20240903,22.65,7.2311,9.0593,1.59,18.6426,19.7462,1.359,1.5387,1.4436,1.5768,3.1536,13593.804,4310.026,3440.2438,307899.6606,97622.0889
301310.SZ,20240902,23.05,11.2764,14.1274,4.46,18.9719,20.0949,1.383,1.5659,1.4691,1.5494,3.0989,13593.804,4310.026,3440.2438,313337.1822,99346.0993
301310.SZ,20240830,21.56,3.7119,4.6503,1.81,17.7455,18.796,1.2936,1.4646,1.3741,1.6565,3.313,13593.804,4310.026,3440.2438,293082.4142,92924.1606
301310.SZ,20240829,21.39,4.7323,5.9287,3.29,17.6056,18.6477,1.2834,1.4531,1.3633,1.6697,3.3393,13593.804,4310.026,3440.2438,290771.4676,92191.4561
301310.SZ,20240828,20.22,1.5959,1.9993,1.07,16.6426,17.6277,1.2132,1.3736,1.2887,1.7663,3.5326,13593.804,4310.026,3440.2438,274866.7169,87148.7257
301310.SZ,20240827,19.84,1.4117,1.7686,0.81,16.3298,17.2965,1.1904,1.3478,1.2645,1.8001,3.6002,13593.804,4310.026,3440.2438,269701.0714,85510.9158
301310.SZ,20240826,20.39,1.1925,1.494,0.62,16.7825,17.7759,1.2234,1.3852,1.2995,1.7516,3.5031,13593.804,4310.026,3440.2438,277177.6636,87881.4301
301310.SZ,20240823,20.11,1.3177,1.6508,0.58,16.552,17.5318,1.2066,1.3661,1.2817,1.7759,3.5519,13593.804,4310.026,3440.2438,273371.3984,86674.6229
301310.SZ,20240822,20.36,1.6686,2.0904,0.69,16.7578,17.7498,1.2216,1.3831,1.2976,1.7541,3.5083,13593.804,4310.026,3440.2438,276769.8494,87752.1294
301310.SZ,20240821,20.85,1.8769,2.3514,0.81,17.1611,18.177,1.251,1.4164,1.3288,1.7129,3.4258,13593.804,4310.026,3440.2438,283430.8134,89864.0421
301310.SZ,20240820,21.25,2.616,3.2773,1.3,17.4903,18.5257,1.275,1.4436,1.3543,1.6807,3.3613,13593.804,4310.026,3440.2438,288868.335,91588.0525
301310.SZ,20240819,21.53,2.1569,2.7023,1.15,17.7208,18.7698,1.2918,1.4626,1.3722,1.6588,3.3176,13593.804,4310.026,3440.2438,292674.6001,92794.8598
301310.SZ,20240816,21.96,3.0644,3.8392,2.0,18.0747,19.1447,1.3176,1.4918,1.3996,1.6263,3.2527,13593.804,4310.026,3440.2438,298519.9358,94648.171
301310.SZ,20240815,21.7,2.3551,2.8846,1.51,17.8607,18.6784,1.3238,1.4742,1.4279,1.6458,3.2916,13593.804,4310.026,3518.8958,294985.5468,93527.5642
301310.SZ,20240814,21.3,1.3757,1.685,0.68,17.5315,18.3341,1.2994,1.447,1.4016,1.6767,3.3535,13593.804,4310.026,3518.8958,289548.0252,91803.5538
301310.SZ,20240813,21.22,1.1404,1.3968,0.48,17.4656,18.2652,1.2945,1.4416,1.3963,1.683,3.3661,13593.804,4310.026,3518.8958,288460.5209,91458.7517
301310.SZ,20240812,21.12,1.412,1.7295,0.55,17.3833,18.1791,1.2884,1.4348,1.3897,1.691,3.382,13593.804,4310.026,3518.8958,287101.1405,91027.7491
301310.SZ,20240809,21.33,1.367,1.6743,0.51,17.5562,18.3599,1.3012,1.449,1.4035,1.6744,3.3487,13593.804,4310.026,3518.8958,289955.8393,91932.8546
301310.SZ,20240808,21.33,2.526,3.094,0.97,17.5562,18.3599,1.3012,1.449,1.4035,1.6744,3.3487,13593.804,4310.026,3518.8958,289955.8393,91932.8546
301310.SZ,20240807,22.0,3.6481,4.4682,1.46,18.1076,18.9366,1.3421,1.4945,1.4476,1.6234,3.2468,13593.804,4310.026,3518.8958,299063.688,94820.572
301310.SZ,20240806,21.8,2.8828,3.5309,1.32,17.943,18.7644,1.3299,1.481,1.4345,1.6383,3.2765,13593.804,4310.026,3518.8958,296344.9272,93958.5668
301310.SZ,20240805,20.88,2.5114,3.076,1.21,17.1858,17.9725,1.2737,1.4185,1.3739,1.7105,3.4209,13593.804,4310.026,3518.8958,283838.6275,89993.3429
301310.SZ,20240802,21.74,1.9564,2.3963,0.94,17.8936,18.7128,1.3262,1.4769,1.4305,1.6428,3.2856,13593.804,4310.026,3518.8958,295529.299,93699.9652
301310.SZ,20240801,22.1,2.0834,2.5518,0.97,18.1899,19.0227,1.3482,1.5013,1.4542,1.616,3.2321,13593.804,4310.026,3518.8958,300423.0684,95251.5746
301310.SZ,20240731,22.16,3.0975,3.7939,1.61,18.2393,19.0743,1.3518,1.5054,1.4581,1.6117,3.2233,13593.804,4310.026,3518.8958,301238.6966,95510.1762
301310.SZ,20240730,21.45,1.2652,1.5496,0.61,17.6549,18.4632,1.3085,1.4572,1.4114,1.665,3.33,13593.804,4310.026,3518.8958,291587.0958,92450.0577
301310.SZ,20240729,21.5,1.957,2.397,0.98,17.6961,18.5062,1.3116,1.4606,1.4147,1.6611,3.3223,13593.804,4310.026,3518.8958,292266.786,92665.559
301310.SZ,20240726,21.82,2.0019,2.452,0.92,17.9595,18.7816,1.3311,1.4823,1.4358,1.6368,3.2735,13593.804,4310.026,3518.8958,296616.8033,94044.7673
301310.SZ,20240725,21.31,2.4131,2.9556,1.09,17.5397,18.3427,1.3,1.4477,1.4022,1.6759,3.3519,13593.804,4310.026,3518.8958,289683.9632,91846.6541
301310.SZ,20240724,20.94,2.0023,2.4525,0.93,17.2352,18.0242,1.2774,1.4225,1.3779,1.7056,3.4111,13593.804,4310.026,3518.8958,284654.2558,90251.9444
301310.SZ,20240723,21.13,2.0029,2.4532,0.94,17.3916,18.1877,1.289,1.4354,1.3904,1.6902,3.3804,13593.804,4310.026,3518.8958,287237.0785,91070.8494
301310.SZ,20240722,21.87,1.5489,1.8972,0.63,18.0006,18.8247,1.3341,1.4857,1.4391,1.633,3.2661,13593.804,4310.026,3518.8958,297296.4935,94260.2686
301310.SZ,20240719,21.98,2.9392,3.6,1.05,18.0912,18.9194,1.3408,1.4932,1.4463,1.6249,3.2497,13593.804,4310.026,3518.8958,298791.8119,94734.3715
301310.SZ,20240718,21.41,2.5506,3.124,0.91,17.622,18.4287,1.3061,1.4545,1.4088,1.6681,3.3362,13593.804,4310.026,3518.8958,291043.3436,92277.6567
301310.SZ,20240717,21.41,1.7073,2.0912,0.59,17.622,18.4287,1.3061,1.4545,1.4088,1.6681,3.3362,13593.804,4310.026,3518.8958,291043.3436,92277.6567
301310.SZ,20240716,21.98,1.896,2.3223,0.61,18.0912,18.9194,1.3408,1.4932,1.4463,1.6249,3.2497,13593.804,4310.026,3518.8958,298791.8119,94734.3715
301310.SZ,20240715,21.97,3.1639,3.8752,1.06,18.0829,18.9108,1.3402,1.4925,1.4456,1.6256,3.2512,13593.804,4310.026,3518.8958,298655.8739,94691.2712
301310.SZ,20240712,22.91,4.6518,5.6976,1.82,18.8566,19.7199,1.3976,1.5564,1.5075,1.5589,3.1178,13593.804,4310.026,3518.8958,311434.0496,98742.6957
301310.SZ,20240711,22.27,2.6711,3.2716,1.06,18.3299,19.169,1.3585,1.5129,1.4654,1.6037,3.2074,13593.804,4310.026,3518.8958,302734.0151,95984.279
301310.SZ,20240710,21.54,2.1698,2.6576,0.89,17.729,18.5406,1.314,1.4633,1.4173,1.658,3.3161,13593.804,4310.026,3518.8958,292810.5382,92837.96
301310.SZ,20240709,21.68,2.8794,3.5267,1.26,17.8442,18.6611,1.3225,1.4728,1.4266,1.6473,3.2947,13593.804,4310.026,3518.8958,294713.6707,93441.3637
301310.SZ,20240708,21.2,2.5949,3.1783,1.05,17.4492,18.248,1.2933,1.4402,1.395,1.6846,3.3693,13593.804,4310.026,3518.8958,288188.6448,91372.5512
301310.SZ,20240705,22.04,2.4584,3.0111,0.93,18.1406,18.971,1.3445,1.4973,1.4502,1.6204,3.2409,13593.804,4310.026,3518.8958,299607.4402,94992.973
301310.SZ,20240704,22.25,2.4812,3.0391,0.91,18.3134,19.1518,1.3573,1.5115,1.4641,1.6051,3.2103,13593.804,4310.026,3518.8958,302462.139,95898.0785
301310.SZ,20240703,23.1,1.7524,2.1464,0.54,19.013,19.8834,1.4092,1.5693,1.52,1.5461,3.0921,13593.804,4310.026,3518.8958,314016.8724,99561.6006
301310.SZ,20240702,23.58,2.1565,2.6413,0.64,19.4081,20.2966,1.4385,1.6019,1.5516,1.5146,3.0292,13593.804,4310.026,3518.8958,320541.8983,101630.4131
301310.SZ,20240701,23.83,3.4547,4.2314,1.03,19.6139,20.5118,1.4537,1.6189,1.568,1.4987,2.9974,13593.804,4310.026,3518.8958,323940.3493,102707.9196
301310.SZ,20240628,24.1,3.358,4.1129,0.92,19.8361,20.7442,1.4702,1.6372,1.5858,1.4819,2.9638,13593.804,4310.026,3518.8958,327610.6764,103871.6266
301310.SZ,20240627,23.77,2.8929,3.5433,0.75,19.5645,20.4601,1.45,1.6148,1.5641,1.5025,3.005,13593.804,4310.026,3518.8958,323124.7211,102449.318
301310.SZ,20240626,24.3,4.3032,5.2706,1.09,20.0007,20.9163,1.4824,1.6508,1.599,1.4697,2.9394,13593.804,4310.026,3518.8958,330329.4372,104733.6318
301310.SZ,20240625,23.11,2.8017,3.4315,0.63,19.0212,19.892,1.4098,1.5699,1.5207,1.5454,3.0908,13593.804,4310.026,3518.8958,314152.8104,99604.7009
301310.SZ,20240624,22.85,3.3722,4.1304,0.66,18.8072,19.6682,1.3939,1.5523,1.5035,1.563,3.126,13593.804,4310.026,3518.8958,310618.4214,98484.0941
301310.SZ,20240621,23.42,4.7913,5.8685,0.91,19.2764,20.1589,1.4287,1.591,1.541,1.5249,3.0499,13593.804,4310.026,3518.8958,318366.8897,100940.8089
301310.SZ,20240620,24.37,3.9819,4.8772,0.74,20.0583,20.9766,1.4866,1.6555,1.6036,1.4655,2.931,13593.804,4310.026,3518.8958,331281.0035,105035.3336
301310.SZ,20240619,25.31,4.7405,5.8063,0.99,20.832,21.7857,1.544,1.7194,1.6654,1.4111,2.8221,13593.804,4310.026,3518.8958,344059.1792,109086.7581
301310.SZ,20240618,26.0,5.236,6.4132,1.22,21.3999,22.3796,1.5861,1.7663,1.7108,1.3736,2.7473,13593.804,4310.026,3518.8958,353438.904,112060.676
301310.SZ,20240617,26.16,6.7983,8.3267,1.95,21.5316,22.5173,1.5958,1.7771,1.7213,1.3652,2.7304,13593.804,4310.026,3518.8958,355613.9126,112750.2802
301310.SZ,20240614,25.86,5.5018,6.7387,1.77,21.2847,22.2591,1.5775,1.7568,1.7016,1.3811,2.7621,13593.804,4310.026,3518.8958,351535.7714,111457.2724
301310.SZ,20240613,36.47,6.2563,7.6629,1.47,21.4411,22.4226,1.5552,1.7697,1.7141,1.371,1.371,9709.86,3078.59,2513.497,354118.5942,112276.1773
301310.SZ,20240612,35.64,2.7843,3.4103,0.55,20.9531,21.9123,1.5199,1.7294,1.6751,1.4029,1.4029,9709.86,3078.59,2513.497,346059.4104,109720.9476
301310.SZ,20240611,35.13,3.6947,4.5253,0.62,20.6533,21.5988,1.4981,1.7046,1.6511,1.4233,1.4233,9709.86,3078.59,2513.497,341107.3818,108150.8667
301310.SZ,20240607,34.47,3.9841,4.8799,0.62,20.2653,21.193,1.47,1.6726,1.6201,1.4505,1.4505,9709.86,3078.59,2513.497,334698.8742,106118.9973
301310.SZ,20240606,34.03,5.0539,6.1901,0.72,20.0066,20.9225,1.4512,1.6513,1.5994,1.4693,1.4693,9709.86,3078.59,2513.497,330426.5358,104764.4177
301310.SZ,20240605,35.6,5.7927,7.095,0.7,20.9296,21.8877,1.5181,1.7275,1.6732,1.4045,1.4045,9709.86,3078.59,2513.497,345671.016,109597.804
301310.SZ,20240604,37.49,6.6395,8.1322,0.84,22.0407,23.0498,1.5987,1.8192,1.762,1.3337,1.3337,9709.86,3078.59,2513.497,364022.6514,115416.3391
301310.SZ,20240603,37.6,8.4386,10.3358,1.14,22.1054,23.1174,1.6034,1.8245,1.7672,1.3298,1.3298,9709.86,3078.59,2513.497,365090.736,115754.984
301310.SZ,20240531,36.51,8.3046,8.3046,0.84,21.4646,22.4472,1.557,1.7716,1.716,1.3695,1.3695,9709.86,2334.7234,2334.7234,354506.9886,85240.7513
301310.SZ,20240530,36.45,10.365,10.365,1.03,21.4293,22.4103,1.5544,1.7687,1.7132,1.3717,1.3717,9709.86,2334.7234,2334.7234,353924.397,85100.6679
301310.SZ,20240529,37.8,15.9124,15.9124,1.9,22.223,23.2404,1.612,1.8342,1.7766,1.3228,1.3228,9709.86,2334.7234,2334.7234,367032.708,88252.5445
301310.SZ,20240528,35.51,6.3995,6.3995,0.83,20.8767,21.8324,1.5143,1.7231,1.669,1.4081,1.4081,9709.86,2334.7234,2334.7234,344797.1286,82906.0279
301310.SZ,20240527,36.11,7.6104,7.6104,1.13,21.2294,22.2013,1.5399,1.7522,1.6972,1.3847,1.3847,9709.86,2334.7234,2334.7234,350623.0446,84306.862
301310.SZ,20240524,35.66,9.2145,9.2145,1.69,20.9649,21.9246,1.5207,1.7304,1.676,1.4021,1.4021,9709.86,2334.7234,2334.7234,346253.6076,83256.2364
301310.SZ,20240523,35.64,11.2629,11.2629,2.95,20.9531,21.9123,1.5199,1.7294,1.6751,1.4029,1.4029,9709.86,2334.7234,2334.7234,346059.4104,83209.542
301310.SZ,20240522,35.88,7.3452,7.3452,2.48,21.0942,22.0599,1.5301,1.741,1.6864,1.3935,1.3935,9709.86,2334.7234,2334.7234,348389.7768,83769.8756
301310.SZ,20240521,34.06,3.0252,3.0252,1.0,20.0242,20.9409,1.4525,1.6527,1.6008,1.468,1.468,9709.86,2334.7234,2334.7234,330717.8316,79520.679
301310.SZ,20240520,34.44,2.7266,2.7266,0.84,20.2476,21.1745,1.4687,1.6712,1.6187,1.4518,1.4518,9709.86,2334.7234,2334.7234,334407.5784,80407.8739
301310.SZ,20240517,34.39,2.9379,2.9379,0.84,20.2182,21.1438,1.4665,1.6687,1.6163,1.4539,1.4539,9709.86,2334.7234,2334.7234,333922.0854,80291.1377
301310.SZ,20240516,33.89,3.0263,3.0263,0.84,19.9243,20.8364,1.4452,1.6445,1.5928,1.4754,1.4754,9709.86,2334.7234,2334.7234,329067.1554,79123.776
301310.SZ,20240515,33.8,3.0767,3.0767,0.81,19.8714,20.7811,1.4414,1.6401,1.5886,1.4793,1.4793,9709.86,2334.7234,2334.7234,328193.268,78913.6509
301310.SZ,20240514,34.26,3.3013,3.3013,0.8,20.1418,21.0639,1.461,1.6624,1.6102,1.4594,1.4594,9709.86,2334.7234,2334.7234,332659.8036,79987.6237
301310.SZ,20240513,34.12,3.9051,3.9051,0.9,20.0595,20.9778,1.455,1.6556,1.6037,1.4654,1.4654,9709.86,2334.7234,2334.7234,331300.4232,79660.7624
301310.SZ,20240510,34.99,4.1064,4.1064,0.92,20.571,21.5127,1.4921,1.6979,1.6445,1.429,1.429,9709.86,2334.7234,2334.7234,339748.0014,81691.9718
301310.SZ,20240509,35.38,3.6196,3.6196,0.68,20.8003,21.7525,1.5088,1.7168,1.6629,1.4132,1.4132,9709.86,2334.7234,2334.7234,343534.8468,82602.5139
301310.SZ,20240508,34.88,4.1576,4.1576,0.69,20.5063,21.4451,1.4874,1.6925,1.6394,1.4335,1.4335,9709.86,2334.7234,2334.7234,338679.9168,81435.1522
301310.SZ,20240507,35.78,4.7639,4.7639,0.74,21.0354,21.9984,1.5258,1.7362,1.6817,1.3974,1.3974,9709.86,2334.7234,2334.7234,347418.7908,83536.4033
301310.SZ,20240506,35.45,4.9462,4.9462,0.73,20.8414,21.7955,1.5117,1.7202,1.6662,1.4104,1.4104,9709.86,2334.7234,2334.7234,344214.537,82765.9445
301310.SZ,20240430,34.81,4.8523,4.8523,0.72,20.4651,21.402,1.4845,1.6891,1.6361,1.4364,1.4364,9709.86,2334.7234,2334.7234,338000.2266,81271.7216
301310.SZ,20240429,35.24,8.0623,8.0623,1.4,20.7179,21.6664,1.5028,1.71,1.6563,1.4188,1.4188,9709.86,2334.7234,2334.7234,342175.4664,82275.6526
301310.SZ,20240426,34.9,7.5965,7.5965,1.55,23.4085,20.4082,1.5393,1.874,1.7234,1.4327,1.4327,9709.86,2334.7234,2334.7234,338874.114,81481.8467
301310.SZ,20240425,34.13,6.5912,6.5912,1.42,22.8921,19.9579,1.5053,1.8327,1.6854,1.465,1.465,9709.86,2334.7234,2334.7234,331397.5218,79684.1096
301310.SZ,20240424,34.9,6.8708,6.8708,1.62,23.4085,20.4082,1.5393,1.874,1.7234,1.4327,1.4327,9709.86,2334.7234,2334.7234,338874.114,81481.8467
301310.SZ,20240423,33.57,4.4706,4.4706,1.02,22.5165,19.6304,1.4806,1.8026,1.6577,1.4894,1.4894,9709.86,2334.7234,2334.7234,325960.0002,78376.6645
301310.SZ,20240422,32.61,3.1938,3.1938,0.68,21.8726,19.0691,1.4383,1.7511,1.6103,1.5333,1.5333,9709.86,2334.7234,2334.7234,316638.5346,76135.3301
301310.SZ,20240419,32.86,3.3131,3.3131,0.69,22.0403,19.2153,1.4493,1.7645,1.6227,1.5216,1.5216,9709.86,2334.7234,2334.7234,319065.9996,76719.0109
301310.SZ,20240418,33.09,5.3634,5.3634,1.25,22.1945,19.3498,1.4594,1.7768,1.634,1.511,1.511,9709.86,2334.7234,2334.7234,321299.2674,77255.9973
301310.SZ,20240417,33.01,4.8188,4.8188,1.15,22.1409,19.303,1.4559,1.7725,1.6301,1.5147,1.5147,9709.86,2334.7234,2334.7234,320522.4786,77069.2194
301310.SZ,20240416,31.16,5.3097,5.3097,1.46,20.9,18.2212,1.3743,1.6732,1.5387,1.6046,1.6046,9709.86,2334.7234,2334.7234,302559.2376,72749.9811
301310.SZ,20240415,33.63,4.6837,4.6837,1.34,22.5567,19.6655,1.4832,1.8058,1.6607,1.4868,1.4868,9709.86,2334.7234,2334.7234,326542.5918,78516.7479
301310.SZ,20240412,35.41,3.8648,3.8648,1.08,23.7506,20.7064,1.5618,1.9014,1.7486,1.412,1.412,9709.86,2334.7234,2334.7234,343826.1426,82672.5556
301310.SZ,20240411,35.83,2.8268,2.8268,0.73,24.0323,20.952,1.5803,1.924,1.7693,1.3955,1.3955,9709.86,2334.7234,2334.7234,347904.2838,83653.1394
301310.SZ,20240410,35.89,4.1961,4.1961,1.07,24.0726,20.9871,1.5829,1.9272,1.7723,1.3931,1.3931,9709.86,2334.7234,2334.7234,348486.8754,83793.2228
301310.SZ,20240409,37.23,2.6533,2.6533,0.66,24.9714,21.7707,1.642,1.9991,1.8385,1.343,1.343,9709.86,2334.7234,2334.7234,361498.0878,86921.7522
301310.SZ,20240408,36.63,3.9899,3.9899,0.98,24.5689,21.4198,1.6156,1.9669,1.8089,1.365,1.365,9709.86,2334.7234,2334.7234,355672.1718,85520.9181
301310.SZ,20240403,38.24,4.2539,4.2539,1.04,25.6488,22.3613,1.6866,2.0534,1.8884,1.3075,1.3075,9709.86,2334.7234,2334.7234,371305.0464,89279.8228
301310.SZ,20240402,39.1,4.3513,4.3513,1.05,26.2256,22.8642,1.7245,2.0995,1.9308,1.2788,1.2788,9709.86,2334.7234,2334.7234,379655.526,91287.6849
301310.SZ,20240401,39.19,4.388,4.388,1.02,26.286,22.9168,1.7285,2.1044,1.9353,1.2758,1.2758,9709.86,2334.7234,2334.7234,380529.4134,91497.81
301310.SZ,20240329,38.06,3.1758,3.1758,0.65,25.5281,22.256,1.6786,2.0437,1.8795,1.3137,1.3137,9709.86,2334.7234,2334.7234,369557.2716,88859.5726
301310.SZ,20240328,37.39,4.1007,4.1007,0.74,25.0787,21.8642,1.6491,2.0077,1.8464,1.3373,1.3373,9709.86,2334.7234,2334.7234,363051.6654,87295.3079
301310.SZ,20240327,36.42,4.3739,4.3739,0.75,24.4281,21.297,1.6063,1.9556,1.7985,1.3729,1.3729,9709.86,2334.7234,2334.7234,353633.1012,85030.6262
301310.SZ,20240326,38.18,4.6676,4.6676,0.75,25.6085,22.3262,1.6839,2.0501,1.8854,1.3096,1.3096,9709.86,2334.7234,2334.7234,370722.4548,89139.7394
301310.SZ,20240325,37.39,5.0914,5.0914,0.81,25.0787,21.8642,1.6491,2.0077,1.8464,1.3373,1.3373,9709.86,2334.7234,2334.7234,363051.6654,87295.3079
301310.SZ,20240322,39.22,6.0161,6.0161,0.99,26.3061,22.9343,1.7298,2.106,1.9368,1.2749,1.2749,9709.86,2334.7234,2334.7234,380820.7092,91567.8517
301310.SZ,20240321,40.11,7.65,7.65,1.34,26.9031,23.4548,1.769,2.1538,1.9807,1.2466,1.2466,9709.86,2334.7234,2334.7234,389462.4846,93645.7556
301310.SZ,20240320,40.87,5.6495,5.6495,0.94,27.4128,23.8992,1.8026,2.1946,2.0182,1.2234,1.2234,9709.86,2334.7234,2334.7234,396841.9782,95420.1454
301310.SZ,20240319,40.48,6.5511,6.5511,1.05,27.1512,23.6711,1.7854,2.1736,1.999,1.2352,1.2352,9709.86,2334.7234,2334.7234,393055.1328,94509.6032
301310.SZ,20240318,40.39,5.4658,5.4658,0.81,27.0909,23.6185,1.7814,2.1688,1.9945,1.2379,1.2379,9709.86,2334.7234,2334.7234,392181.2454,94299.4781
301310.SZ,20240315,39.57,5.1333,5.1333,0.78,26.5409,23.139,1.7452,2.1248,1.954,1.2636,1.2636,9709.86,2334.7234,2334.7234,384219.1602,92385.0049
301310.SZ,20240314,39.27,5.7994,5.7994,0.85,26.3396,22.9636,1.732,2.1087,1.9392,1.2732,1.2732,9709.86,2334.7234,2334.7234,381306.2022,91684.5879
301310.SZ,20240313,39.92,7.0056,7.0056,1.08,26.7756,23.3437,1.7607,2.1436,1.9713,1.2525,1.2525,9709.86,2334.7234,2334.7234,387617.6112,93202.1581
301310.SZ,20240312,39.95,7.8999,7.8999,1.24,26.7957,23.3612,1.762,2.1452,1.9728,1.2516,1.2516,9709.86,2334.7234,2334.7234,387908.907,93272.1998
301310.SZ,20240311,39.5,7.9713,7.9713,1.2,26.4939,23.0981,1.7421,2.121,1.9506,1.2658,1.2658,9709.86,2334.7234,2334.7234,383539.47,92221.5743
301310.SZ,20240308,37.91,4.187,4.187,0.52,25.4274,22.1683,1.672,2.0356,1.8721,1.3189,1.3189,9709.86,2334.7234,2334.7234,368100.7926,88509.3641
301310.SZ,20240307,37.84,7.0054,7.0054,0.82,25.3805,22.1274,1.6689,2.0319,1.8686,1.3214,1.3214,9709.86,2334.7234,2334.7234,367421.1024,88345.9335
301310.SZ,20240306,38.6,5.4756,5.4756,0.53,25.8903,22.5718,1.7024,2.0727,1.9061,1.2953,1.2953,9709.86,2334.7234,2334.7234,374800.596,90120.3232
301310.SZ,20240305,37.83,7.1497,7.1497,0.58,25.3738,22.1215,1.6685,2.0314,1.8681,1.3217,1.3217,9709.86,2334.7234,2334.7234,367324.0038,88322.5862
301310.SZ,20240304,39.16,9.355,9.355,0.72,26.2659,22.8993,1.7271,2.1028,1.9338,1.2768,1.2768,9709.86,2334.7234,2334.7234,380238.1176,91427.7683
301310.SZ,20240301,39.48,11.0886,11.0886,0.86,26.4805,23.0864,1.7413,2.12,1.9496,1.2665,1.2665,9709.86,2334.7234,2334.7234,383345.2728,92174.8798
301310.SZ,20240229,37.86,9.5603,9.5603,0.79,25.3939,22.1391,1.6698,2.033,1.8696,1.3207,1.3207,9709.86,2334.7234,2334.7234,367615.2996,88392.6279
301310.SZ,20240228,36.15,14.5,14.5,1.38,24.247,21.1391,1.5944,1.9411,1.7852,1.3831,1.3831,9709.86,2334.7234,2334.7234,351011.439,84400.2509
301310.SZ,20240227,40.36,17.4178,17.4178,2.2,27.0707,23.601,1.7801,2.1672,1.993,1.2389,1.2389,9709.86,2334.7234,2334.7234,391889.9496,94229.4364
301310.SZ,20240226,38.62,12.4232,12.4232,1.88,25.9037,22.5835,1.7033,2.0738,1.9071,1.2947,1.2947,9709.86,2334.7234,2334.7234,374994.7932,90167.0177
301310.SZ,20240223,37.37,10.5093,10.5093,1.75,25.0653,21.8525,1.6482,2.0067,1.8454,1.338,1.338,9709.86,2334.7234,2334.7234,362857.4682,87248.6135
301310.SZ,20240222,35.51,5.4663,5.4663,0.89,23.8177,20.7649,1.5662,1.9068,1.7535,1.4081,1.4081,9709.86,2334.7234,2334.7234,344797.1286,82906.0279
301310.SZ,20240221,34.41,6.5355,6.5355,1.05,23.0799,20.1216,1.5176,1.8477,1.6992,1.4531,1.4531,9709.86,2334.7234,2334.7234,334116.2826,80337.8322
301310.SZ,20240220,34.2,4.6291,4.6291,0.69,22.939,19.9988,1.5084,1.8364,1.6889,1.462,1.462,9709.86,2334.7234,2334.7234,332077.212,79847.5403
301310.SZ,20240219,33.9,5.8716,5.8716,0.89,22.7378,19.8234,1.4952,1.8203,1.674,1.4749,1.4749,9709.86,2334.7234,2334.7234,329164.254,79147.1233
301310.SZ,20240208,33.33,7.4499,7.4499,1.26,22.3555,19.4901,1.47,1.7897,1.6459,1.5002,1.5002,9709.86,2334.7234,2334.7234,323629.6338,77816.3309
301310.SZ,20240207,29.43,6.2328,6.2328,1.08,19.7396,17.2095,1.298,1.5803,1.4533,1.6989,1.6989,9709.86,2334.7234,2334.7234,285761.1798,68710.9097
301310.SZ,20240206,30.39,6.9984,6.9984,1.39,20.3835,17.7709,1.3403,1.6318,1.5007,1.6453,1.6453,9709.86,2334.7234,2334.7234,295082.6454,70952.2441
301310.SZ,20240205,28.51,6.8013,6.8013,1.52,19.1226,16.6716,1.2574,1.5309,1.4079,1.7538,1.7538,9709.86,2334.7234,2334.7234,276828.1086,66562.9641
301310.SZ,20240202,32.74,5.4999,5.4999,1.35,21.9598,19.1451,1.444,1.758,1.6168,1.5272,1.5272,9709.86,2334.7234,2334.7234,317900.8164,76438.8441
301310.SZ,20240201,34.11,4.1011,4.1011,0.99,22.8787,19.9462,1.5044,1.8316,1.6844,1.4658,1.4658,9709.86,2334.7234,2334.7234,331203.3246,79637.4152
301310.SZ,20240131,34.66,5.3761,5.3761,1.38,23.2476,20.2678,1.5287,1.8611,1.7116,1.4426,1.4426,9709.86,2334.7234,2334.7234,336543.7476,80921.513
301310.SZ,20240130,37.02,3.4383,3.4383,0.86,24.8305,21.6479,1.6328,1.9879,1.8281,1.3506,1.3506,9709.86,2334.7234,2334.7234,359459.0172,86431.4603
301310.SZ,20240129,38.38,3.9319,3.9319,0.9,25.7427,22.4431,1.6927,2.0609,1.8953,1.3028,1.3028,9709.86,2334.7234,2334.7234,372664.4268,89606.6841
301310.SZ,20240126,39.15,3.5664,3.5664,0.78,26.2592,22.8934,1.7267,2.1022,1.9333,1.2771,1.2771,9709.86,2334.7234,2334.7234,380141.019,91404.4211
301310.SZ,20240125,39.93,4.3365,4.3365,0.94,26.7823,23.3495,1.7611,2.1441,1.9718,1.2522,1.2522,9709.86,2334.7234,2334.7234,387714.7098,93225.5054
301310.SZ,20240124,38.82,4.2285,4.2285,0.93,26.0378,22.7004,1.7122,2.0845,1.917,1.288,1.288,9709.86,2334.7234,2334.7234,376936.7652,90633.9624
301310.SZ,20240123,38.79,3.9776,3.9776,0.87,26.0177,22.6829,1.7108,2.0829,1.9155,1.289,1.289,9709.86,2334.7234,2334.7234,376645.4694,90563.9207
301310.SZ,20240122,38.77,5.7753,5.7753,1.35,26.0043,22.6712,1.7099,2.0818,1.9145,1.2897,1.2897,9709.86,2334.7234,2334.7234,376451.2722,90517.2262
301310.SZ,20240119,41.13,4.4088,4.4088,1.01,27.5872,24.0512,1.814,2.2086,2.0311,1.2157,1.2157,9709.86,2334.7234,2334.7234,399366.5418,96027.1734
301310.SZ,20240118,42.73,4.7245,4.7245,1.07,28.6604,24.9869,1.8846,2.2945,2.1101,1.1701,1.1701,9709.86,2334.7234,2334.7234,414902.3178,99762.7309
301310.SZ,20240117,43.37,3.7967,3.7967,0.84,29.0896,25.3611,1.9128,2.3288,2.1417,1.1529,1.1529,9709.86,2334.7234,2334.7234,421116.6282,101256.9539
301310.SZ,20240116,45.1,4.1897,4.1897,0.93,30.25,26.3727,1.9891,2.4217,2.2271,1.1086,1.1086,9709.86,2334.7234,2334.7234,437914.686,105296.0253
301310.SZ,20240115,45.3,4.2846,4.2846,0.95,30.3842,26.4897,1.998,2.4325,2.237,1.1038,1.1038,9709.86,2334.7234,2334.7234,439856.658,105762.97
301310.SZ,20240112,46.27,4.7424,4.7424,1.02,31.0348,27.0569,2.0407,2.4846,2.2849,1.0806,1.0806,9709.86,2334.7234,2334.7234,449275.2222,108027.6517
301310.SZ,20240111,46.45,5.0369,5.0369,1.09,31.1555,27.1622,2.0487,2.4942,2.2938,1.0764,1.0764,9709.86,2334.7234,2334.7234,451022.997,108447.9019
301310.SZ,20240110,45.68,4.2497,4.2497,0.73,30.639,26.7119,2.0147,2.4529,2.2558,1.0946,1.0946,9709.86,2334.7234,2334.7234,443546.4048,106650.1649
301310.SZ,20240109,46.3,4.1838,4.1838,0.56,31.0549,27.0745,2.0421,2.4862,2.2864,1.0799,1.0799,9709.86,2334.7234,2334.7234,449566.518,108097.6934
301310.SZ,20240108,46.3,4.2918,4.2918,0.56,31.0549,27.0745,2.0421,2.4862,2.2864,1.0799,1.0799,9709.86,2334.7234,2334.7234,449566.518,108097.6934
301310.SZ,20240105,47.95,5.3826,5.3826,0.63,32.1616,28.0393,2.1148,2.5748,2.3679,1.0428,1.0428,9709.86,2334.7234,2334.7234,465587.787,111949.987
301310.SZ,20240104,48.68,5.0156,5.0156,0.6,32.6512,28.4662,2.147,2.614,2.4039,1.0271,1.0271,9709.86,2334.7234,2334.7234,472675.9848,113654.3351
301310.SZ,20240103,49.42,10.3997,10.3997,1.48,33.1476,28.8989,2.1797,2.6537,2.4404,1.0117,1.0117,9709.86,2334.7234,2334.7234,479861.2812,115382.0304
301310.SZ,20240102,50.32,12.2951,12.2951,2.34,33.7512,29.4252,2.2194,2.702,2.4849,0.9936,0.9936,9709.86,2334.7234,2334.7234,488600.1552,117483.2815
301310.SZ,20231229,48.65,5.3359,5.3359,1.05,32.6311,28.4486,2.1457,2.6124,2.4024,,1.0277,9709.86,2334.7234,2334.7234,472384.689,113584.2934
301310.SZ,20231228,48.79,9.9825,9.9825,2.51,32.725,28.5305,2.1519,2.6199,2.4093,,1.0248,9709.86,2334.7234,2334.7234,473744.0694,113911.1547
301310.SZ,20231227,46.05,3.4691,3.4691,0.81,30.8872,26.9283,2.031,2.4727,2.274,,1.0858,9709.86,2334.7234,2334.7234,447139.053,107514.0126
301310.SZ,20231226,45.79,4.0373,4.0373,0.99,30.7128,26.7762,2.0196,2.4588,2.2612,,1.0919,9709.86,2334.7234,2334.7234,444614.4894,106906.9845
301310.SZ,20231225,46.85,3.4916,3.4916,0.86,31.4238,27.3961,2.0663,2.5157,2.3135,,1.0672,9709.86,2334.7234,2334.7234,454906.941,109381.7913
301310.SZ,20231222,47.3,4.3314,4.3314,1.13,31.7256,27.6592,2.0862,2.5399,2.3358,,1.0571,9709.86,2334.7234,2334.7234,459276.378,110432.4168
301310.SZ,20231221,47.83,4.5305,4.5305,1.19,32.0811,27.9691,2.1095,2.5683,2.3619,,1.0454,9709.86,2334.7234,2334.7234,464422.6038,111669.8202
301310.SZ,20231220,47.65,5.0828,5.0828,1.24,31.9604,27.8639,2.1016,2.5587,2.353,,1.0493,9709.86,2334.7234,2334.7234,462674.829,111249.57
301310.SZ,20231219,47.48,3.0175,3.0175,0.55,31.8464,27.7645,2.0941,2.5495,2.3446,,1.0531,9709.86,2334.7234,2334.7234,461024.1528,110852.667
301310.SZ,20231218,47.02,3.439,3.439,0.57,31.5378,27.4955,2.0738,2.5248,2.3219,,1.0634,9709.86,2334.7234,2334.7234,456557.6172,109778.6943
301310.SZ,20231215,48.1,3.1546,3.1546,0.48,32.2622,28.127,2.1214,2.5828,2.3753,,1.0395,9709.86,2334.7234,2334.7234,467044.266,112300.1955
301310.SZ,20231214,48.41,4.4079,4.4079,0.61,32.4701,28.3083,2.1351,2.5995,2.3906,,1.0328,9709.86,2334.7234,2334.7234,470054.3226,113023.9598
301310.SZ,20231213,48.94,6.4873,6.4873,0.87,32.8256,28.6182,2.1585,2.6279,2.4167,,1.0217,9709.86,2334.7234,2334.7234,475200.5484,114261.3632
301310.SZ,20231212,50.21,9.8948,9.8948,1.36,33.6775,29.3609,2.2145,2.6961,2.4795,,0.9958,9709.86,2334.7234,2334.7234,487532.0706,117226.4619
301310.SZ,20231211,49.2,6.2695,6.2695,0.74,33.0,28.7703,2.17,2.6419,2.4296,,1.0163,9709.86,2334.7234,2334.7234,477725.112,114868.3913
301310.SZ,20231208,48.58,5.6171,5.6171,0.55,32.5842,28.4077,2.1426,2.6086,2.399,,1.0292,9709.86,2334.7234,2334.7234,471704.9988,113420.8628
301310.SZ,20231207,48.59,7.9645,7.9645,0.6,32.5909,28.4136,2.1431,2.6091,2.3995,,1.029,9709.86,2334.7234,2334.7234,471802.0974,113444.21
301310.SZ,20231206,50.11,7.4017,7.4017,0.43,33.6104,29.3024,2.2101,2.6907,2.4745,,0.9978,9709.86,2334.7234,2334.7234,486561.0846,116992.9896
301310.SZ,20231205,49.4,9.2318,9.2318,0.54,33.1342,28.8872,2.1788,2.6526,2.4395,,1.0121,9709.86,2334.7234,2334.7234,479667.084,115335.336
301310.SZ,20231204,51.08,12.1343,12.1343,0.79,34.261,29.8696,2.2529,2.7428,2.5224,,0.9789,9709.86,2334.7234,2334.7234,495979.6488,119257.6713
301310.SZ,20231201,52.2,14.8017,14.8017,1.02,35.0122,30.5246,2.3023,2.803,2.5777,,0.9579,9709.86,2209.7064,2209.7064,506854.692,115346.6741
301310.SZ,20231130,52.8,25.2426,25.2426,2.3,35.4146,30.8754,2.3287,2.8352,2.6074,,0.947,9709.86,2209.7064,2209.7064,512680.608,116672.4979
301310.SZ,20231129,56.43,28.9807,28.9807,4.74,37.8494,32.9981,2.4888,3.0301,2.7866,,0.8861,9709.86,2209.7064,2209.7064,547927.3998,124693.7322
301310.SZ,20231128,53.25,7.8676,7.8676,1.37,35.7165,31.1386,2.3486,2.8594,2.6296,,0.939,9709.86,2209.7064,2209.7064,517050.045,117666.8658
301310.SZ,20231127,51.45,4.0162,4.0162,0.6,34.5092,30.086,2.2692,2.7627,2.5407,,0.9718,9709.86,2209.7064,2209.7064,499572.297,113689.3943
301310.SZ,20231124,51.47,6.1266,6.1266,0.78,34.5226,30.0977,2.2701,2.7638,2.5417,,0.9714,9709.86,2209.7064,2209.7064,499766.4942,113733.5884
301310.SZ,20231123,52.95,7.9325,7.9325,1.1,35.5153,30.9631,2.3354,2.8432,2.6148,,0.9443,9709.86,2209.7064,2209.7064,514137.087,117003.9539
301310.SZ,20231122,50.91,4.6076,4.6076,0.64,34.147,29.7702,2.2454,2.7337,2.514,,0.9821,9709.86,2209.7064,2209.7064,494328.9726,112496.1528
301310.SZ,20231121,52.5,6.026,6.026,0.83,35.2134,30.7,2.3155,2.8191,2.5925,,0.9524,9709.86,2209.7064,2209.7064,509767.65,116009.586
301310.SZ,20231120,53.69,8.8934,8.8934,1.4,36.0116,31.3958,2.368,2.883,2.6513,,0.9313,9709.86,2209.7064,2209.7064,521322.3834,118639.1366
301310.SZ,20231117,52.7,11.7455,11.7455,2.5,35.3476,30.8169,2.3243,2.8298,2.6024,,0.9488,9709.86,2209.7064,2209.7064,511709.622,116451.5273
301310.SZ,20231116,50.58,4.6291,4.6291,0.96,33.9256,29.5772,2.2308,2.716,2.4977,,0.9885,9709.86,2209.7064,2209.7064,491124.7188,111766.9497
301310.SZ,20231115,51.86,4.9769,4.9769,0.96,34.7842,30.3257,2.2873,2.7847,2.5609,,0.9641,9709.86,2209.7064,2209.7064,503553.3396,114595.3739
301310.SZ,20231114,51.37,5.9495,5.9495,1.18,34.4555,30.0392,2.2657,2.7584,2.5367,,0.9733,9709.86,2209.7064,2209.7064,498795.5082,113512.6178
301310.SZ,20231113,50.55,4.4999,4.4999,0.79,33.9055,29.5597,2.2295,2.7144,2.4962,,0.9891,9709.86,2209.7064,2209.7064,490833.423,111700.6585
301310.SZ,20231110,49.96,3.4359,3.4359,0.51,33.5098,29.2147,2.2035,2.6827,2.4671,,1.0008,9709.86,2209.7064,2209.7064,485104.6056,110396.9317
301310.SZ,20231109,50.3,5.2233,5.2233,0.72,33.7378,29.4135,2.2185,2.701,2.4839,,0.994,9709.86,2209.7064,2209.7064,488405.958,111148.2319
301310.SZ,20231108,50.85,6.8138,6.8138,0.88,34.1067,29.7351,2.2427,2.7305,2.5111,,0.9833,9709.86,2209.7064,2209.7064,493746.381,112363.5704
301310.SZ,20231107,51.48,5.3039,5.3039,0.69,34.5293,30.1035,2.2705,2.7643,2.5422,,0.9713,9709.86,2209.7064,2209.7064,499863.5928,113755.6855
301310.SZ,20231106,51.61,7.8688,7.8688,1.06,34.6165,30.1795,2.2763,2.7713,2.5486,,0.9688,9709.86,2209.7064,2209.7064,501125.8746,114042.9473
301310.SZ,20231103,50.7,8.7489,8.7489,1.16,34.0061,29.6474,2.2361,2.7224,2.5037,,0.9862,9709.86,2209.7064,2209.7064,492289.902,112032.1145
301310.SZ,20231102,48.72,7.3728,7.3728,0.88,32.6781,28.4896,2.1488,2.6161,2.4059,,1.0263,9709.86,2209.7064,2209.7064,473064.3792,107656.8958
301310.SZ,20231101,50.78,9.4097,9.4097,1.2,34.0598,29.6942,2.2396,2.7267,2.5076,,0.9846,9709.86,2209.7064,2209.7064,493066.6908,112208.891
301310.SZ,20231031,49.33,5.1182,5.1182,0.63,33.0872,28.8463,2.1757,2.6489,2.436,,1.0136,9709.86,2209.7064,2209.7064,478987.3938,109004.8167
301310.SZ,20231030,50.8,6.32,6.32,0.78,34.0732,29.7059,2.2405,2.7278,2.5086,,0.9843,9709.86,2209.7064,2209.7064,493260.888,112253.0851
301310.SZ,20231027,50.45,9.3668,9.3668,1.21,33.8384,29.5012,2.2251,2.709,2.4913,,0.9911,9709.86,2209.7064,2209.7064,489862.437,111479.6879
301310.SZ,20231026,49.58,11.6826,11.6826,1.7,33.2549,28.9925,2.1867,2.6623,2.4483,,1.0085,9709.86,2209.7064,2209.7064,481414.8588,109557.2433
301310.SZ,20231025,47.1,6.7849,6.7849,0.88,31.5915,29.0881,2.1216,2.5291,2.4109,,1.0616,9709.86,2209.7064,2209.7064,457334.406,104077.1714
301310.SZ,20231024,47.26,6.4002,6.4002,0.79,31.6988,29.1869,2.1288,2.5377,2.4191,,1.058,9709.86,2209.7064,2209.7064,458887.9836,104430.7245
301310.SZ,20231023,46.6,6.3673,6.3673,0.71,31.2561,28.7793,2.099,2.5023,2.3853,,1.073,9709.86,2209.7064,2209.7064,452479.476,102972.3182
301310.SZ,20231020,49.58,7.3505,7.3505,0.72,33.2549,30.6197,2.1841,2.6623,2.5378,,,9709.86,2209.7064,2209.7064,481414.8588,109557.2433
301310.SZ,20231019,51.15,7.3877,7.3877,0.69,34.3079,31.5893,2.2532,2.7466,2.6182,,,9709.86,2209.7064,2209.7064,496659.339,113026.4824
301310.SZ,20231018,52.75,11.218,11.218,1.02,35.3811,32.5774,2.3237,2.8325,2.7001,,,9709.86,2209.7064,2209.7064,512195.115,116562.0126
301310.SZ,20231017,55.48,8.4277,8.4277,0.63,37.2122,34.2634,2.444,2.9791,2.8398,,,9709.86,2209.7064,2209.7064,538703.0328,122594.5111
301310.SZ,20231016,59.12,10.383,10.383,0.73,39.6537,36.5114,2.6043,3.1746,3.0261,,,9709.86,2209.7064,2209.7064,574046.9232,130637.8424
301310.SZ,20231013,60.48,13.2975,13.2975,1.07,40.5659,37.3513,2.6642,3.2476,3.0958,,,9709.86,2209.7064,2209.7064,587252.3328,133643.0431
301310.SZ,20231012,57.83,9.9095,9.9095,0.89,38.7884,35.7147,2.5475,3.1053,2.9601,,,9709.86,2209.7064,2209.7064,561521.2038,127787.3211
301310.SZ,20231011,59.45,13.108,13.108,1.38,39.875,36.7152,2.6189,3.1923,3.043,,,9709.86,2209.7064,2209.7064,577251.177,131367.0455
301310.SZ,20231010,60.8,19.8434,19.8434,2.71,40.7805,37.5489,2.6783,3.2648,3.1121,,,9709.86,2209.7064,2209.7064,590359.488,134350.1491
301310.SZ,20231009,59.01,14.6912,14.6912,2.58,39.5799,36.4435,2.5995,3.1687,3.0205,,,9709.86,2209.7064,2209.7064,572978.8386,130394.7747
301310.SZ,20230928,54.88,4.3472,4.3472,0.82,36.8098,33.8928,2.4176,2.9469,2.8091,,,9709.86,2209.7064,2209.7064,532877.1168,121268.6872
301310.SZ,20230927,53.9,3.5977,3.5977,0.68,36.1525,33.2876,2.3744,2.8943,2.7589,,,9709.86,2209.7064,2209.7064,523361.454,119103.175
301310.SZ,20230926,54.14,5.1379,5.1379,1.07,36.3134,33.4358,2.385,2.9071,2.7712,,,9709.86,2209.7064,2209.7064,525691.8204,119633.5045
301310.SZ,20230925,55.08,8.8613,8.8613,2.29,36.9439,34.0164,2.4264,2.9576,2.8193,,,9709.86,2209.7064,2209.7064,534819.0888,121710.6285
301310.SZ,20230922,54.19,6.5507,6.5507,2.09,36.347,33.4667,2.3872,2.9098,2.7738,,,9709.86,2209.7064,2209.7064,526177.3134,119743.9898
301310.SZ,20230921,50.89,2.2361,2.2361,0.67,34.1336,31.4287,2.2418,2.7326,2.6049,,,9709.86,2209.7064,2209.7064,494134.7754,112451.9587
301310.SZ,20230920,51.62,3.5983,3.5983,1.06,34.6232,31.8795,2.2739,2.7718,2.6422,,,9709.86,2209.7064,2209.7064,501222.9732,114065.0444
301310.SZ,20230919,52.65,2.6909,2.6909,0.71,35.314,32.5156,2.3193,2.8271,2.695,,,9709.86,2209.7064,2209.7064,511224.129,116341.042
301310.SZ,20230918,53.86,4.3054,4.3054,1.17,36.1256,33.2629,2.3726,2.8921,2.7569,,,9709.86,2209.7064,2209.7064,522973.0596,119014.7867
301310.SZ,20230915,52.57,2.8289,2.8289,0.79,35.2604,32.4662,2.3158,2.8228,2.6909,,,9709.86,2209.7064,2209.7064,510447.3402,116164.2654
301310.SZ,20230914,53.12,3.3475,3.3475,0.88,35.6293,32.8059,2.34,2.8524,2.719,,,9709.86,2209.7064,2209.7064,515787.7632,117379.604
301310.SZ,20230913,54.78,3.7339,3.7339,1.01,36.7427,33.8311,2.4131,2.9415,2.804,,,9709.86,2209.7064,2209.7064,531906.1308,121047.7166
301310.SZ,20230912,56.08,4.8281,4.8281,1.25,37.6146,34.6339,2.4704,3.0113,2.8705,,,9709.86,2209.7064,2209.7064,544528.9488,123920.3349
301310.SZ,20230911,55.61,3.7154,3.7154,0.84,37.2994,34.3437,2.4497,2.9861,2.8465,,,9709.86,2209.7064,2209.7064,539965.3146,122881.7729
301310.SZ,20230908,54.68,2.3383,2.3383,0.47,36.6756,33.7693,2.4087,2.9361,2.7989,,,9709.86,2209.7064,2209.7064,530935.1448,120826.746
301310.SZ,20230907,54.92,4.4732,4.4732,0.85,36.8366,33.9175,2.4193,2.949,2.8112,,,9709.86,2209.7064,2209.7064,533265.5112,121357.0755
301310.SZ,20230906,56.41,3.043,3.043,0.48,37.836,34.8377,2.485,3.029,2.8874,,,9709.86,2209.7064,2209.7064,547733.2026,124649.538
301310.SZ,20230905,56.23,5.7437,5.7437,0.74,37.7153,34.7266,2.477,3.0194,2.8782,,,9709.86,2209.7064,2209.7064,545985.4278,124251.7909
301310.SZ,20230904,56.95,6.4628,6.4628,0.7,38.1982,35.1712,2.5087,3.058,2.9151,,,9709.86,2209.7064,2209.7064,552976.527,125842.7795
301310.SZ,20230901,57.74,5.2779,5.2779,0.56,38.7281,35.6591,2.5435,3.1005,2.9555,,,9709.86,2209.7064,2209.7064,560647.3164,127588.4475
301310.SZ,20230831,56.71,5.7356,5.7356,0.6,38.0372,35.023,2.4982,3.0451,2.9028,,,9709.86,2209.7064,2209.7064,550646.1606,125312.4499
301310.SZ,20230830,57.5,8.7454,8.7454,0.93,38.5671,35.5109,2.533,3.0876,2.9432,,,9709.86,2209.7064,2209.7064,558316.95,127058.118
301310.SZ,20230829,57.11,12.7917,12.7917,1.49,38.3055,35.27,2.5158,3.0666,2.9233,,,9709.86,2209.7064,2209.7064,554530.1046,126196.3325
301310.SZ,20230828,52.55,13.3649,13.3649,1.86,35.247,32.4539,2.3149,2.8218,2.6898,,,9709.86,2209.7064,2209.7064,510253.143,116120.0713
301310.SZ,20230825,54.68,6.4693,6.4693,0.77,36.6756,34.9166,2.4511,2.9361,2.85,,,9709.86,2209.7064,2209.7064,530935.1448,120826.746
301310.SZ,20230824,56.81,6.7988,6.7988,0.72,38.1043,36.2767,2.5466,3.0505,2.961,,,9709.86,2209.7064,2209.7064,551617.1466,125533.4206
301310.SZ,20230823,57.71,7.468,7.468,0.81,38.7079,36.8514,2.587,3.0988,3.0079,,,9709.86,2209.7064,2209.7064,560356.0206,127522.1563
301310.SZ,20230822,61.07,8.8758,8.8758,0.91,40.9616,38.997,2.7376,3.2793,3.183,,,9709.86,2209.7064,2209.7064,592981.1502,134946.7698
301310.SZ,20230821,62.09,6.3147,6.3147,0.66,41.6457,39.6483,2.7833,3.334,3.2362,,,9709.86,2209.7064,2209.7064,602885.2074,137200.6704
301310.SZ,20230818,63.31,12.5518,12.5518,1.53,42.464,40.4274,2.838,3.3995,3.2998,,,9709.86,2209.7064,2209.7064,614731.2366,139896.5122
301310.SZ,20230817,62.4,12.3239,12.3239,1.63,41.8537,39.8463,2.7972,3.3507,3.2523,,,9709.86,2209.7064,2209.7064,605895.264,137885.6794
301310.SZ,20230816,59.9,6.294,6.294,0.85,40.1768,38.2499,2.6851,3.2164,3.122,,,9709.86,2209.7064,2209.7064,581620.614,132361.4134
301310.SZ,20230815,61.84,11.2744,11.2744,1.78,41.4781,39.4887,2.7721,3.3206,3.2231,,,9709.86,2209.7064,2209.7064,600457.7424,136648.2438
301310.SZ,20230814,66.3,5.5281,5.5281,0.87,44.4695,42.3367,2.972,3.5601,3.4556,,,9709.86,2209.7064,2209.7064,643763.718,146503.5343
301310.SZ,20230811,65.26,5.5738,5.5738,0.8,43.772,41.6726,2.9254,3.5043,3.4014,,,9709.86,2209.7064,2209.7064,633665.4636,144205.4397
301310.SZ,20230810,66.69,9.1758,9.1758,1.37,44.7311,42.5857,2.9895,3.581,3.4759,,,9709.86,2209.7064,2209.7064,647550.5634,147365.3198
301310.SZ,20230809,64.42,5.5404,5.5404,0.79,43.2086,41.1362,2.8877,3.4592,3.3576,,,9709.86,2209.7064,2209.7064,625509.1812,142349.2863
301310.SZ,20230808,64.49,5.7712,5.7712,0.84,43.2555,41.1809,2.8909,3.4629,3.3613,,,9709.86,2209.7064,2209.7064,626188.8714,142503.9657
301310.SZ,20230807,65.46,5.8819,5.8819,0.91,43.9061,41.8003,2.9344,3.515,3.4118,,,9709.86,2209.7064,2209.7064,635607.4356,144647.3809
301310.SZ,20230804,65.11,8.4889,8.4889,1.32,43.6714,41.5768,2.9187,3.4962,3.3936,,,9709.86,2209.7064,2209.7064,632208.9846,143873.9837
301310.SZ,20230803,63.35,7.862,7.862,1.16,42.4909,40.4529,2.8398,3.4017,3.3018,,,9709.86,2209.7064,2209.7064,615119.631,139984.9004
301310.SZ,20230802,62.91,7.0425,7.0425,1.07,42.1957,40.1719,2.8201,3.3781,3.2789,,,9709.86,2209.7064,2209.7064,610847.2926,139012.6296
301310.SZ,20230801,61.67,5.2637,5.2637,0.79,41.364,39.3801,2.7645,3.3115,3.2143,,,9709.86,2209.7064,2209.7064,598807.0662,136272.5937
301310.SZ,20230731,61.1,3.8252,3.8252,0.58,40.9817,39.0161,2.7389,3.2809,3.1846,,,9709.86,2209.7064,2209.7064,593272.446,135013.061
301310.SZ,20230728,60.85,8.1363,8.1363,1.36,40.814,38.8565,2.7277,3.2675,3.1715,,,9709.86,2209.7064,2209.7064,590844.981,134460.6344
301310.SZ,20230727,62.6,9.6266,9.6266,1.93,41.9878,39.974,2.8062,3.3614,3.2628,,,9709.86,2209.7064,2209.7064,607837.236,138327.6206
301310.SZ,20230726,61.45,5.9766,5.9766,1.2,41.2165,39.2396,2.7546,3.2997,3.2028,,,9709.86,2209.7064,2209.7064,596670.897,135786.4583
301310.SZ,20230725,64.96,5.8134,5.8134,1.18,43.5707,41.481,2.912,3.4881,3.3858,,,9709.86,2209.7064,2209.7064,630752.5056,143542.5277
301310.SZ,20230724,63.81,3.4239,3.4239,0.64,42.7994,40.7466,2.8604,3.4264,3.3258,,,9709.86,2209.7064,2209.7064,619586.1666,141001.3654
301310.SZ,20230721,64.66,5.1383,5.1383,0.83,43.3695,41.2894,2.8985,3.472,3.3701,,,9709.86,2209.7064,2209.7064,627839.5476,142879.6158
301310.SZ,20230720,63.29,4.5299,4.5299,0.62,42.4506,40.4146,2.8371,3.3985,3.2987,,,9709.86,2209.7064,2209.7064,614537.0394,139852.3181
301310.SZ,20230719,65.04,5.9811,5.9811,0.65,43.6244,41.5321,2.9155,3.4924,3.3899,,,9709.86,2209.7064,2209.7064,631529.2944,143719.3043
301310.SZ,20230718,66.83,5.5433,5.5433,0.51,44.825,42.6751,2.9958,3.5886,3.4832,,,9709.86,2209.7064,2209.7064,648909.9438,147674.6787
301310.SZ,20230717,67.86,5.6737,5.6737,0.46,45.5159,43.3328,3.0419,3.6439,3.5369,,,9709.86,2209.7064,2209.7064,658911.0996,149950.6763
301310.SZ,20230714,68.11,9.3942,9.3942,0.78,45.6836,43.4925,3.0532,3.6573,3.5499,,,9709.86,2209.7064,2209.7064,661338.5646,150503.1029
301310.SZ,20230713,70.5,10.1197,10.1197,0.86,47.2866,45.0186,3.1603,3.7856,3.6745,,,9709.86,2209.7064,2209.7064,684545.13,155784.3012
301310.SZ,20230712,69.07,15.3129,15.3129,1.5,46.3275,44.1055,3.0962,3.7088,3.6,,,9709.86,2209.7064,2209.7064,670660.0302,152624.421
301310.SZ,20230711,68.97,13.8508,13.8508,1.54,46.2604,44.0416,3.0917,3.7035,3.5948,,,9709.86,2209.7064,2209.7064,669689.0442,152403.4504
301310.SZ,20230710,66.33,13.2008,13.2008,1.66,44.4897,42.3558,2.9734,3.5617,3.4572,,,9709.86,2209.7064,2209.7064,644055.0138,146569.8255
301310.SZ,20230707,64.29,7.4225,7.4225,0.81,43.1214,41.0531,2.8819,3.4522,3.3508,,,9709.86,2209.7064,2209.7064,624246.8994,142062.0245
301310.SZ,20230706,65.1,9.0767,9.0767,0.88,43.6647,41.5704,2.9182,3.4957,3.3931,,,9709.86,2209.7064,2209.7064,632111.886,143851.8866
301310.SZ,20230705,65.0,7.5989,7.5989,0.65,43.5976,41.5065,2.9137,3.4903,3.3878,,,9709.86,2209.7064,2209.7064,631140.9,143630.916
301310.SZ,20230704,67.05,7.5283,7.5283,0.6,44.9726,42.8156,3.0056,3.6004,3.4947,,,9709.86,2209.7064,2209.7064,651046.113,148160.8141
301310.SZ,20230703,66.9,8.057,8.057,0.53,44.872,42.7198,2.9989,3.5923,3.4869,,,9709.86,2209.7064,2209.7064,649589.634,147829.3582
301310.SZ,20230630,68.88,13.6682,13.6682,0.74,46.2,43.9841,3.0877,3.6986,3.5901,,,9709.86,2209.7064,2209.7064,668815.1568,152204.5768
301310.SZ,20230629,72.13,14.5306,14.5306,0.63,48.3799,46.0595,3.2334,3.8732,3.7595,,,9709.86,2209.7064,2209.7064,700372.2018,159386.1226
301310.SZ,20230628,69.48,15.0703,15.0703,0.6,46.6025,44.3673,3.1146,3.7309,3.6213,,,9709.86,2209.7064,2209.7064,674641.0728,153530.4007
301310.SZ,20230627,70.65,11.9365,11.9365,0.4,47.3872,45.1144,3.167,3.7937,3.6823,,,9709.86,2209.7064,2209.7064,686001.609,156115.7572
301310.SZ,20230626,70.01,21.4295,21.4295,0.7,46.9579,44.7057,3.1383,3.7593,3.649,,,9709.86,2209.7064,2209.7064,679787.2986,154701.5451
301310.SZ,20230621,73.88,29.4209,29.4209,1.04,49.5537,47.177,3.3118,3.9671,3.8507,,,9709.86,2209.7064,2209.7064,717364.4568,163253.1088
301310.SZ,20230620,72.7,37.3122,37.3122,1.5,48.7622,46.4235,3.2589,3.9038,3.7892,,,9709.86,2209.7064,2209.7064,705906.822,160645.6553
301310.SZ,20230619,65.8,25.8197,25.8197,1.08,44.1342,42.0174,2.9496,3.5333,3.4295,,,9709.86,2209.7064,2209.7064,638908.788,145398.6811
301310.SZ,20230616,63.92,34.1345,34.1345,1.67,42.8732,40.8169,2.8653,3.4323,3.3316,,,9709.86,2209.7064,2209.7064,620654.2512,141244.4331
301310.SZ,20230615,60.77,26.2881,26.2881,1.31,40.7604,38.8054,2.7241,3.2632,3.1674,,,9709.86,2209.7064,2209.7064,590068.1922,134283.8579
301310.SZ,20230614,57.29,17.3774,17.3774,0.83,38.4262,36.5832,2.5681,3.0763,2.986,,,9709.86,2209.7064,2209.7064,556277.8794,126594.0797
301310.SZ,20230613,59.5,21.048,21.048,0.9,39.9086,37.9944,2.6672,3.195,3.1012,,,9709.86,2209.7064,2209.7064,577736.67,131477.5308
301310.SZ,20230612,59.22,20.7414,20.7414,0.75,39.7207,37.8156,2.6546,3.1799,3.0866,,,9709.86,2209.7064,2209.7064,575017.9092,130858.813
301310.SZ,20230609,58.31,16.9032,16.9032,0.5,39.1104,37.2345,2.6139,3.1311,3.0392,,,9709.86,2209.7064,2209.7064,566181.9366,128847.9802
301310.SZ,20230608,57.83,24.5241,24.5241,,38.7884,36.928,2.5923,3.1053,3.0141,,,9709.86,2209.7064,2209.7064,561521.2038,127787.3211
301310.SZ,20230607,60.9,21.6847,21.6847,,40.8476,38.8884,2.73,3.2701,3.1741,,,9709.86,2209.7064,2209.7064,591330.474,134571.1198
301310.SZ,20230606,60.31,33.0978,33.0978,,40.4518,38.5117,2.7035,3.2385,3.1434,,,9709.86,2209.7064,2209.7064,585601.6566,133267.393
301310.SZ,20230605,65.3,42.8722,42.8722,,43.7988,41.6981,2.9272,3.5064,3.4035,,,9709.86,2209.7064,2209.7064,634053.858,144293.8279
301310.SZ,20230602,65.76,47.4135,47.4135,,44.1073,41.9918,2.9478,3.5311,3.4275,,,9709.86,2209.7064,2209.7064,638520.3936,145310.2929
