ts_code,trade_date,buy_sm_vol,buy_sm_amount,sell_sm_vol,sell_sm_amount,buy_md_vol,buy_md_amount,sell_md_vol,sell_md_amount,buy_lg_vol,buy_lg_amount,sell_lg_vol,sell_lg_amount,buy_elg_vol,buy_elg_amount,sell_elg_vol,sell_elg_amount,net_mf_vol,net_mf_amount
688506.SH,20251231,369,1193.16,379,1224.0,5732,18525.18,5499,17772.85,666,2152.69,748,2419.17,40,129.26,181,584.28,668,2167.96
688506.SH,20251230,624,1989.83,799,2547.8,11258,35908.9,10527,33591.18,2064,6577.27,2305,7331.33,1016,3229.91,1330,4235.6,-1252,-3953.02
688506.SH,20251229,371,1232.21,525,1739.32,5690,18868.84,5559,18439.15,903,2992.35,960,3186.86,165,553.11,85,281.17,-888,-2947.51
688506.SH,20251226,514,1712.31,428,1416.62,7063,23441.97,7158,23773.79,1720,5720.6,2025,6743.74,840,2801.14,526,1741.87,838,2869.7
688506.SH,20251225,421,1409.3,742,2476.32,8150,27238.74,7700,25743.04,1666,5560.54,1772,5922.08,495,1662.95,518,1730.09,-2684,-8961.18
688506.SH,20251224,335,1154.85,445,1535.16,5388,18591.84,5717,19720.92,1179,4063.51,857,2957.02,325,1116.28,207,713.37,-1214,-4175.16
688506.SH,20251223,178,625.96,157,552.5,2912,10224.59,2868,10072.0,784,2755.14,726,2549.43,42,148.6,165,580.36,96,350.09
688506.SH,20251222,252,882.89,371,1297.49,4459,15635.78,4291,15048.98,1021,3589.75,823,2893.13,222,782.74,469,1651.56,-497,-1728.61
688506.SH,20251219,386,1358.19,314,1103.08,5016,17636.62,5213,18331.07,1117,3932.63,1314,4630.59,696,2450.55,373,1313.25,697,2484.19
688506.SH,20251218,342,1200.83,272,955.79,4597,16145.42,4446,15619.39,529,1856.41,644,2254.37,301,1059.34,406,1432.45,780,2757.08
688506.SH,20251217,283,995.91,198,696.53,3750,13200.47,3795,13357.08,399,1404.64,547,1924.99,338,1183.64,230,806.07,746,2639.68
688506.SH,20251216,273,956.78,296,1033.44,4420,15449.0,4417,15437.45,516,1800.36,435,1519.37,0,0.0,62,215.89,-112,-370.22
688506.SH,20251215,475,1684.91,486,1721.88,7594,26927.06,7412,26282.52,1329,4696.96,1497,5295.4,314,1112.44,318,1121.58,-265,-906.93
688506.SH,20251212,557,2014.78,567,2044.51,8299,29960.54,8228,29707.22,908,3267.71,1186,4267.26,281,1006.09,64,230.13,86,367.33
688506.SH,20251211,224,818.35,248,906.33,4732,17270.42,4627,16888.36,1088,3963.06,974,3552.44,31,112.74,225,817.44,-436,-1572.66
688506.SH,20251210,406,1483.95,340,1241.94,6883,25120.77,6458,23564.13,1440,5246.72,1912,6975.4,449,1636.77,468,1706.73,520,1944.87
688506.SH,20251209,326,1191.12,332,1208.52,6519,23754.37,5863,21372.21,1597,5814.18,1495,5446.94,1428,5156.65,2181,7888.66,1400,5117.15
688506.SH,20251208,326,1180.16,526,1903.96,6444,23336.82,6774,24528.75,1557,5635.28,1085,3929.69,408,1474.99,349,1264.85,-1479,-5325.01
688506.SH,20251205,273,990.29,281,1020.71,5038,18281.68,4761,17277.15,1061,3841.17,811,2937.44,190,691.6,709,2569.44,448,1637.13
688506.SH,20251204,247,907.03,292,1070.5,4915,18044.43,4993,18333.51,1139,4186.4,1021,3752.1,243,888.93,238,870.69,251,945.48
688506.SH,20251203,237,867.79,267,975.14,4355,15914.48,4438,16216.56,886,3236.42,829,3026.21,230,837.35,175,638.13,-1003,-3658.7
688506.SH,20251202,256,950.44,240,890.93,4593,17019.58,4738,17554.75,722,2675.53,799,2959.51,453,1671.98,246,912.35,-436,-1588.35
688506.SH,20251201,310,1161.07,490,1831.18,7962,29785.03,8346,31208.9,1612,6031.64,1275,4776.34,706,2634.75,479,1796.07,-2319,-8635.02
688506.SH,20251128,302,1150.25,473,1796.07,6923,26305.34,6670,25343.93,1599,6067.83,1604,6082.69,828,3135.63,906,3436.36,-1630,-6160.12
688506.SH,20251127,261,1009.42,284,1094.94,5435,21001.11,5175,19993.54,981,3791.77,1049,4049.2,256,987.42,426,1652.03,120,490.86
688506.SH,20251126,346,1360.71,457,1787.43,7337,28799.31,7322,28739.37,1960,7722.05,1870,7379.22,316,1240.5,310,1216.56,-664,-2524.38
688506.SH,20251125,436,1697.52,445,1732.52,8608,33541.88,9037,35260.39,2485,9673.92,3198,12479.89,2263,8933.36,1112,4373.88,-445,-1807.25
688506.SH,20251124,455,1726.44,388,1472.77,8136,30885.89,8255,31338.79,2054,7817.49,2510,9561.81,1292,4932.82,783,2989.28,946,3620.69
688506.SH,20251121,309,1160.64,336,1259.24,6420,24098.2,5896,22129.38,1258,4723.05,1357,5089.78,465,1738.42,864,3241.92,-26,-69.24
688506.SH,20251120,337,1270.22,356,1341.59,6207,23385.02,5625,21176.14,1111,4194.39,1382,5223.72,411,1559.84,703,2668.02,533,2030.98
688506.SH,20251119,287,1056.04,289,1061.63,5927,21736.96,5391,19788.96,1738,6320.21,1303,4758.88,448,1617.55,1418,5121.29,1085,3943.31
688506.SH,20251118,298,1123.8,393,1484.26,6201,23424.63,6512,24595.64,1650,6248.37,1559,5912.45,1078,4080.43,762,2884.89,-940,-3525.11
688506.SH,20251117,273,1000.03,307,1123.98,4936,18096.01,4781,17535.9,739,2710.46,994,3643.94,367,1353.14,233,855.82,39,157.49
688506.SH,20251114,338,1259.44,316,1175.25,5100,18975.3,5041,18750.43,984,3663.38,1170,4350.76,356,1315.6,251,937.27,118,491.54
688506.SH,20251113,537,1971.63,492,1801.07,8581,31456.34,9114,33439.61,2532,9293.33,2842,10430.33,1940,7160.36,1143,4210.64,558,2059.25
688506.SH,20251112,579,2097.83,450,1627.87,8676,31380.91,8714,31510.19,1864,6742.41,2240,8110.59,1001,3622.32,715,2594.82,1239,4508.8
688506.SH,20251111,417,1461.17,340,1191.08,5439,19040.44,5541,19397.69,1291,4522.58,1041,3648.09,182,636.18,407,1423.52,829,2906.94
688506.SH,20251110,496,1734.46,405,1413.81,7352,25683.26,7705,26921.9,1738,6078.85,1644,5749.22,329,1154.36,161,565.99,914,3229.2
688506.SH,20251107,391,1383.09,437,1543.21,6445,22767.82,6938,24500.7,1281,4527.54,1417,5000.85,1138,4005.4,463,1639.09,-1949,-6873.9
688506.SH,20251106,413,1494.68,440,1589.08,6991,25291.35,6929,25068.76,1478,5352.58,1497,5428.42,773,2803.07,789,2855.42,-408,-1452.76
688506.SH,20251105,521,1900.96,585,2132.64,8282,30190.32,8761,31949.54,1999,7318.39,1651,6037.64,334,1212.12,139,501.97,-934,-3363.3
688506.SH,20251104,637,2343.91,803,2952.59,11121,40932.65,10996,40449.08,2157,7922.91,2224,8192.43,495,1819.31,386,1424.67,-1232,-4466.55
688506.SH,20251103,584,2195.04,531,1996.01,10097,37903.21,11213,42175.76,3412,12888.63,3415,12898.61,2337,8894.4,1271,4810.89,-143,-605.29
688506.SH,20251031,1043,3756.84,705,2549.29,14419,52034.8,14114,50940.55,4725,17086.79,4138,14933.08,1287,4654.54,2518,9110.05,6806,24490.68
688506.SH,20251030,334,1130.96,444,1502.4,6511,22020.77,6303,21319.44,1538,5201.67,1384,4676.35,553,1861.6,804,2716.81,-649,-2178.12
688506.SH,20251029,722,2462.06,648,2210.71,8379,28600.13,8849,30192.97,2154,7337.79,2163,7380.68,1546,5274.3,1141,3889.92,-922,-3112.63
688506.SH,20251028,330,1156.96,378,1325.21,5141,18023.06,4969,17423.03,760,2661.39,744,2610.71,222,774.32,360,1256.77,-358,-1238.44
688506.SH,20251027,442,1584.6,461,1646.37,6469,23161.82,6547,23436.9,1442,5165.3,1219,4367.6,575,2062.7,702,2523.55,178,697.69
688506.SH,20251024,296,1044.39,353,1244.79,4812,16957.95,4796,16903.04,714,2515.71,628,2213.63,241,851.15,286,1007.76,-122,-414.64
688506.SH,20251023,324,1137.68,339,1189.09,4992,17553.6,4821,16950.71,587,2063.1,663,2331.3,348,1219.63,427,1502.91,-240,-830.48
688506.SH,20251022,289,1039.55,367,1314.54,5000,17938.11,5057,18137.79,1009,3619.77,1043,3745.76,327,1167.28,158,566.62,-938,-3326.83
688506.SH,20251021,506,1810.31,417,1490.25,7723,27683.94,7598,27216.53,2940,10585.78,2688,9680.56,821,2979.98,1286,4672.67,1765,6383.36
688506.SH,20251020,431,1513.89,308,1077.66,5855,20535.01,5711,20026.97,1187,4160.68,1363,4786.02,42,149.06,133,468.0,1262,4479.83
688506.SH,20251017,352,1220.57,344,1191.02,5900,20449.21,6106,21164.52,1240,4310.85,1348,4684.9,617,2145.34,311,1085.54,-83,-247.96
688506.SH,20251016,509,1783.16,530,1852.11,7968,27886.04,7992,27964.81,2563,8997.25,2359,8273.71,367,1289.65,526,1865.47,1076,3834.22
688506.SH,20251015,471,1603.53,396,1346.72,5923,20156.4,5901,20088.21,1781,6053.69,1518,5166.2,520,1770.83,880,2983.31,856,2913.17
688506.SH,20251014,659,2274.13,776,2687.54,10133,35074.18,9845,34073.02,2762,9572.67,3210,11107.71,1030,3576.19,753,2628.9,-1403,-4875.16
688506.SH,20251013,506,1836.26,537,1937.63,7611,27547.7,7483,27083.48,1778,6425.96,1849,6697.87,906,3256.43,932,3347.36,371,1441.27
688506.SH,20251010,567,2061.64,380,1379.46,7185,26076.45,6867,24921.47,1322,4798.89,1627,5910.28,218,786.16,418,1511.91,806,2966.98
688506.SH,20251009,509,1857.13,566,2059.96,9194,33518.01,8925,32545.6,2429,8863.8,2555,9321.72,984,3593.94,1070,3905.59,-633,-2271.46
688506.SH,20250930,477,1780.9,380,1419.75,7499,27985.27,6840,25535.48,1918,7158.38,2376,8867.98,509,1900.22,806,3001.57,2282,8524.93
688506.SH,20250929,487,1766.4,639,2311.48,8978,32516.72,8612,31188.68,2445,8833.12,2673,9665.15,656,2370.57,643,2321.5,-731,-2626.05
688506.SH,20250926,472,1775.71,476,1785.84,8506,31986.95,8039,30224.71,1927,7250.56,2310,8689.44,562,2104.98,642,2418.21,-212,-739.53
688506.SH,20250925,584,2209.62,543,2051.52,8966,33931.19,8838,33445.83,2681,10153.58,3140,11906.31,1847,7000.1,1558,5890.82,1434,5459.43
688506.SH,20250924,506,1859.97,559,2051.8,8458,31069.64,7661,28130.85,1772,6513.62,1806,6644.03,384,1413.45,1094,4030.0,1016,3792.42
688506.SH,20250923,626,2299.6,531,1948.77,9268,34061.92,8678,31884.14,2835,10400.71,3285,12066.48,1245,4556.73,1479,5419.56,1654,6121.74
688506.SH,20250922,560,2041.02,615,2235.5,10012,36458.66,10084,36720.69,3407,12392.08,3179,11568.34,686,2501.65,787,2868.89,-428,-1488.79
688506.SH,20250919,364,1353.51,504,1869.2,8794,32657.47,8530,31687.28,2940,10924.19,3260,12105.79,2453,9104.8,2258,8377.7,-1267,-4631.1
688506.SH,20250918,569,2135.92,644,2412.34,10401,39023.18,10225,38386.54,4056,15262.96,4118,15519.22,2199,8320.47,2238,8424.43,740,2815.92
688506.SH,20250917,706,2604.91,785,2888.38,12963,47745.27,13354,49276.34,5253,19428.98,5272,19434.12,2247,8327.61,1758,6507.94,-11,-45.93
688506.SH,20250916,486,1722.4,540,1912.08,8121,28766.25,8165,28937.65,2718,9642.31,2783,9872.9,1038,3693.57,874,3101.9,-144,-483.79
688506.SH,20250915,833,2990.5,896,3211.74,14056,50591.37,13475,48441.75,6427,23211.6,6783,24545.57,2425,8753.73,2586,9348.13,-34,41.63
688506.SH,20250912,660,2327.61,700,2464.87,10386,36584.91,11098,39122.63,3754,13234.38,3119,11000.27,916,3244.08,799,2803.21,-200,-709.16
688506.SH,20250911,915,3124.65,840,2857.43,15881,54116.91,15203,51774.5,5481,18677.55,6356,21691.71,2335,7955.56,2213,7551.03,575,2112.85
688506.SH,20250910,717,2483.94,1315,4553.98,18706,64861.41,17336,60131.68,7930,27574.25,7865,27304.61,1982,6854.46,2820,9783.79,-5887,-20363.62
688506.SH,20250909,491,1851.66,659,2463.61,12429,46854.61,11990,45110.15,6089,23006.65,6094,23025.11,3111,11626.39,3377,12740.45,-3591,-12986.87
688506.SH,20250908,397,1570.11,630,2471.72,11296,44544.05,11047,43600.29,4483,17784.48,4729,18700.09,1909,7601.3,1680,6727.84,-2062,-7993.09
688506.SH,20250905,713,2714.07,570,2152.8,10072,38161.68,10476,39750.12,2295,8692.57,3163,12034.44,2046,7809.4,917,3440.37,-126,-453.52
688506.SH,20250904,683,2635.47,749,2885.04,12547,48434.32,12883,49744.4,3514,13564.34,4668,17987.61,3410,13149.13,1854,7166.21,-2621,-10093.38
688506.SH,20250903,697,2578.34,689,2563.6,12033,44876.69,12476,46776.25,5239,19655.03,5934,22310.52,3681,14115.68,2551,9575.37,1524,5519.69
688506.SH,20250902,940,3354.28,882,3142.85,14443,51522.4,13561,48415.76,3962,14162.31,4291,15305.74,1246,4438.37,1857,6613.02,2882,10261.5
688506.SH,20250901,611,2114.68,799,2767.93,11822,40994.11,11624,40308.13,3829,13318.59,3325,11560.11,988,3448.24,1502,5239.44,-211,-714.33
688506.SH,20250829,692,2300.81,760,2528.49,10417,34662.18,9160,30438.3,2239,7483.93,2033,6801.61,568,1906.05,1963,6584.56,2468,8235.11
688506.SH,20250828,655,2089.74,872,2768.79,10580,33678.1,10406,33118.13,1630,5191.37,1781,5674.84,670,2109.3,477,1506.75,-1612,-5037.57
688506.SH,20250827,828,2754.1,1010,3344.97,11738,39029.06,11786,39170.25,2854,9482.49,3040,10076.38,1707,5612.45,1291,4286.5,-1575,-5027.91
688506.SH,20250826,740,2512.94,762,2576.75,10617,35987.61,10153,34400.98,2210,7493.52,2505,8511.28,965,3267.14,1114,3772.21,1328,4599.64
688506.SH,20250825,663,2189.84,845,2786.1,11120,36691.09,11378,37539.26,2366,7800.58,1849,6098.79,670,2210.84,748,2468.21,-1882,-6171.84
688506.SH,20250822,863,2786.42,1134,3647.57,11856,38245.1,11566,37306.31,2118,6818.87,1953,6297.96,648,2071.18,832,2669.72,-737,-2290.82
688506.SH,20250821,679,2192.74,758,2440.77,10557,34064.02,10736,34653.7,3124,10073.49,3105,10025.16,1848,5944.7,1610,5155.32,1516,4949.19
688506.SH,20250820,502,1562.44,679,2108.87,7659,23824.52,7646,23779.76,1776,5520.69,1744,5415.2,458,1414.65,327,1018.46,-1112,-3427.98
688506.SH,20250819,740,2357.59,771,2451.08,10521,33559.34,10822,34521.11,3255,10361.18,2998,9515.9,1097,3468.4,1023,3258.4,1160,3722.3
688506.SH,20250818,431,1325.06,520,1594.92,7076,21718.59,7147,21934.3,1329,4077.6,1515,4647.65,1187,3635.07,842,2579.45,-712,-2155.05
688506.SH,20250815,780,2406.17,611,1880.65,9589,29528.85,9316,28693.24,1439,4409.3,1784,5476.2,840,2571.08,936,2865.33,116,433.12
688506.SH,20250814,524,1655.74,489,1542.19,7194,22692.85,7071,22299.72,1408,4443.95,1211,3822.51,543,1717.05,897,2845.17,1211,3872.11
688506.SH,20250813,822,2540.49,502,1550.8,8847,27341.62,8886,27469.0,2584,8012.95,2138,6610.53,1245,3863.5,1972,6128.22,4543,14034.37
688506.SH,20250812,566,1690.89,616,1836.6,7018,20957.95,6778,20241.31,1410,4202.62,1773,5279.65,358,1061.04,185,554.94,-1340,-3979.13
688506.SH,20250811,386,1165.35,364,1103.1,5305,16031.15,5923,17907.62,1413,4290.98,1420,4314.88,800,2439.04,197,600.92,-59,-199.82
688506.SH,20250808,375,1107.4,310,913.12,4484,13215.55,4806,14170.27,1301,3831.09,1337,3933.95,514,1519.68,222,656.38,-61,-175.11
688506.SH,20250807,431,1306.44,490,1474.88,5123,15478.23,5271,15924.17,1308,3935.21,824,2478.55,416,1251.18,694,2093.46,-687,-2006.75
688506.SH,20250806,520,1594.34,546,1672.14,6520,19989.76,6631,20327.83,1794,5508.83,2023,6215.05,862,2655.15,497,1533.06,314,966.34
688506.SH,20250805,477,1423.74,448,1331.87,5685,16932.94,5643,16812.03,1483,4412.92,1659,4947.45,880,2636.44,776,2314.68,326,981.4
688506.SH,20250804,614,1800.98,950,2788.19,10179,29897.08,9934,29181.38,2185,6421.61,2246,6605.83,1223,3584.4,1071,3128.67,-3998,-11702.74
688506.SH,20250801,425,1304.02,535,1637.92,5618,17216.67,5741,17596.63,1454,4451.1,1693,5189.57,1014,3106.04,541,1653.72,-557,-1690.16
688506.SH,20250731,403,1272.57,684,2151.07,8912,28079.08,9225,29057.08,2918,9160.35,2229,7023.89,654,2044.63,750,2324.59,-2946,-9233.73
688506.SH,20250730,538,1765.04,657,2147.13,7763,25416.27,8552,28020.04,2487,8180.3,2156,7094.14,899,2952.2,322,1052.5,-886,-2874.31
688506.SH,20250729,595,1925.4,595,1921.53,7585,24497.14,7466,24103.88,1536,4943.51,1485,4794.76,232,751.54,402,1297.41,203,704.53
688506.SH,20250728,517,1610.95,579,1807.24,8032,25035.3,7976,24886.95,2027,6357.94,1863,5811.63,434,1367.91,590,1866.27,859,2669.42
688506.SH,20250725,396,1221.47,598,1839.76,5874,18106.64,6026,18577.75,1059,3263.67,821,2534.06,358,1099.55,242,739.76,-1332,-4071.85
688506.SH,20250724,603,1854.65,640,1963.58,7387,22663.21,7617,23370.06,1411,4334.62,1126,3463.49,292,906.29,311,961.65,-78,-176.05
688506.SH,20250723,305,930.92,381,1164.88,5656,17292.73,5520,16886.15,1938,5940.0,1879,5752.93,732,2241.88,851,2601.56,-366,-1116.86
688506.SH,20250722,772,2383.27,640,1975.07,9279,28626.96,9143,28217.94,1732,5351.21,1898,5850.82,283,873.82,384,1191.44,1392,4330.82
688506.SH,20250721,772,2356.46,952,2905.63,11052,33698.98,11305,34486.29,2656,8105.09,2301,7020.47,512,1576.25,433,1324.39,-3041,-9242.24
688506.SH,20250718,825,2565.14,823,2561.72,10458,32534.91,10343,32181.73,2774,8622.7,2397,7454.82,1200,3737.69,1695,5262.17,2003,6185.73
688506.SH,20250717,716,2144.54,622,1861.06,8279,24750.02,8597,25697.45,2766,8271.83,2768,8277.15,842,2509.29,617,1840.02,116,378.72
688506.SH,20250716,364,1071.44,485,1424.57,5341,15694.58,5207,15298.69,1434,4211.24,1237,3633.07,919,2701.44,1131,3322.37,-822,-2402.52
688506.SH,20250715,726,2120.09,480,1398.63,7815,22801.15,6990,20386.66,1717,5031.23,2129,6229.14,316,921.92,974,2859.95,2783,8151.82
688506.SH,20250714,439,1256.61,473,1350.4,5709,16317.56,5930,16947.66,1248,3559.07,1003,2866.61,336,958.8,326,927.36,-319,-887.7
688506.SH,20250711,500,1439.21,586,1685.39,7359,21165.16,7350,21146.0,1478,4247.11,1342,3859.42,598,1712.6,657,1873.28,-26,-35.77
688506.SH,20250710,529,1520.6,556,1597.22,6226,17906.55,6982,20070.15,1593,4589.07,1448,4169.98,1036,2971.41,398,1150.28,-881,-2501.71
688506.SH,20250709,389,1137.62,414,1206.83,5380,15715.23,5323,15544.46,1352,3950.8,1366,3997.49,514,1497.86,532,1552.75,173,540.19
688506.SH,20250708,485,1425.52,765,2243.34,7598,22276.0,8397,24621.05,2518,7366.72,2005,5861.89,913,2669.45,347,1011.4,-3082,-9023.03
688506.SH,20250707,307,938.99,335,1022.14,4342,13244.7,4574,13960.84,1008,3065.26,823,2506.01,532,1630.51,456,1390.49,-623,-1890.74
688506.SH,20250704,542,1670.9,579,1782.16,7088,21839.36,7403,22823.09,1920,5924.38,1533,4722.87,314,967.1,349,1073.62,430,1328.97
688506.SH,20250703,377,1127.66,403,1203.94,4528,13518.96,4543,13566.5,939,2800.65,837,2498.01,203,607.65,264,786.46,130,394.0
688506.SH,20250702,412,1215.0,676,1988.03,5494,16189.51,6104,17982.14,1358,4000.93,839,2486.34,716,2131.73,361,1080.66,-2382,-7003.57
688506.SH,20250701,475,1421.84,381,1136.72,5260,15722.07,5254,15712.69,1270,3802.25,1253,3749.04,425,1274.05,543,1621.75,1361,4076.25
688506.SH,20250630,508,1491.48,568,1665.3,5952,17469.21,6095,17886.89,1340,3933.62,1437,4224.96,413,1214.73,113,331.88,-385,-1096.06
688506.SH,20250627,351,1041.45,438,1295.74,5173,15323.73,5308,15721.79,1273,3769.56,1149,3402.17,303,894.62,205,609.67,-520,-1502.66
688506.SH,20250626,566,1666.73,470,1380.66,6571,19329.98,6884,20266.03,1320,3896.12,1285,3786.77,625,1849.28,443,1308.64,348,1025.0
688506.SH,20250625,544,1628.11,451,1348.59,5895,17635.63,6285,18803.79,1421,4257.37,1663,4979.94,651,1949.55,112,338.34,852,2566.23
688506.SH,20250624,499,1471.65,507,1494.91,6332,18654.83,6481,19093.66,1144,3367.4,1007,2964.14,269,790.64,249,731.82,-552,-1611.91
688506.SH,20250623,538,1589.67,670,1975.7,7592,22405.88,7514,22171.19,1374,4052.6,1399,4127.78,170,499.68,92,273.16,-532,-1531.73
688506.SH,20250620,396,1173.87,410,1213.52,4715,13951.65,5081,15038.45,1373,4053.91,1123,3317.5,1947,5717.79,1819,5327.75,-1606,-4704.37
688506.SH,20250619,367,1104.96,455,1364.87,6035,18066.43,5755,17231.44,1618,4812.03,1834,5461.71,260,773.33,236,698.74,-968,-2866.82
688506.SH,20250618,399,1219.6,585,1788.14,7133,21799.16,6720,20541.82,1393,4255.06,1760,5371.54,178,544.23,38,116.55,-459,-1394.67
688506.SH,20250617,526,1653.16,978,3058.07,9331,29217.78,8696,27238.51,1461,4577.71,1406,4392.59,460,1440.58,698,2200.06,-2419,-7515.06
688506.SH,20250616,648,2061.15,882,2799.59,10007,31802.79,10332,32855.0,1782,5673.99,1741,5536.94,640,2041.46,121,387.86,-1382,-4336.92
688506.SH,20250613,1171,3806.59,1490,4837.99,18294,59467.47,19140,62227.95,4623,15044.11,3751,12201.63,819,2655.31,526,1705.9,-3999,-12931.92
688506.SH,20250612,451,1509.31,487,1624.55,6853,22868.59,7483,24981.03,1893,6327.47,1173,3921.59,272,908.33,326,1086.53,-6,18.29
688506.SH,20250611,358,1177.03,570,1869.07,7093,23271.38,7097,23286.25,1818,5956.49,2049,6720.26,1046,3437.27,600,1966.59,-1771,-5792.8
688506.SH,20250610,599,2000.1,597,1990.21,7782,25927.54,7842,26142.15,1824,6073.24,1890,6293.29,657,2212.19,533,1787.42,319,1074.68
688506.SH,20250609,588,1899.32,484,1563.72,6681,21588.21,6645,21480.55,1949,6297.05,1905,6179.43,552,1792.02,735,2352.91,1551,4995.46
688506.SH,20250606,450,1345.22,368,1098.35,4747,14188.33,4914,14681.44,1595,4756.6,1273,3805.73,105,310.63,342,1015.26,837,2529.88
688506.SH,20250605,463,1392.79,523,1570.49,6364,19129.22,6442,19368.77,1502,4513.89,1454,4375.42,913,2771.6,823,2492.82,-552,-1660.44
688506.SH,20250604,649,1952.06,496,1493.18,6967,20949.17,6931,20859.64,1692,5082.65,1639,4908.94,353,1069.54,596,1791.66,1822,5459.17
688506.SH,20250603,789,2292.45,998,2891.56,11162,32396.12,11902,34533.76,3059,8862.89,2370,6888.82,660,1932.95,401,1170.24,-1751,-5027.41
688506.SH,20250530,858,2509.49,644,1882.85,7908,23101.23,8317,24327.51,2339,6881.67,2551,7497.97,6629,19900.48,6221,18684.54,-1598,-4859.28
688506.SH,20250529,637,1783.1,480,1337.11,7326,20459.63,6463,18036.05,1503,4188.03,1826,5100.33,636,1797.15,1334,3754.42,2883,8083.16
688506.SH,20250528,345,932.64,493,1329.82,4075,11020.56,3971,10729.66,855,2301.83,763,2065.45,0,0.0,48,130.11,-600,-1593.4
688506.SH,20250527,474,1278.76,501,1348.63,4647,12527.8,4516,12174.37,611,1644.36,722,1946.55,129,348.03,122,329.4,-5,0.45
688506.SH,20250526,367,981.98,462,1233.78,4283,11441.85,4319,11540.35,697,1860.17,902,2410.43,386,1035.37,50,134.83,-403,-1071.77
688506.SH,20250523,673,1825.43,913,2472.91,8667,23490.51,8431,22848.99,2255,6105.87,1964,5317.36,956,2582.93,1243,3365.48,-1900,-5138.63
688506.SH,20250522,730,1997.57,705,1915.18,10273,27970.52,9785,26635.3,2976,8091.75,2895,7873.82,922,2484.85,1516,4120.37,1772,4975.48
688506.SH,20250521,408,1099.66,449,1204.5,5702,15332.02,5540,14896.65,1364,3671.38,1154,3105.73,233,627.85,565,1524.04,15,67.39
688506.SH,20250520,492,1325.52,641,1722.54,5877,15800.16,6074,16324.96,1737,4663.26,1574,4233.56,618,1657.87,433,1165.74,-517,-1363.72
688506.SH,20250519,465,1254.37,543,1462.47,5343,14412.89,5398,14562.56,1136,3069.61,1006,2721.96,324,882.6,321,872.48,-752,-2001.57
688506.SH,20250516,660,1772.8,582,1559.48,6400,17175.17,6577,17644.26,1475,3960.41,1472,3958.36,475,1279.92,380,1026.19,294,797.38
688506.SH,20250515,442,1176.0,399,1059.67,5319,14145.01,5519,14682.7,1344,3581.48,1177,3137.12,136,363.7,146,386.7,-265,-687.5
688506.SH,20250514,433,1148.24,536,1420.1,6178,16371.98,5869,15553.79,840,2222.82,1067,2826.6,80,212.97,59,155.51,-227,-589.29
688506.SH,20250513,492,1316.4,760,2031.14,6831,18278.29,6535,17490.12,1121,2999.91,1125,3011.7,382,1022.77,406,1084.41,-733,-1938.4
688506.SH,20250512,727,1917.26,1089,2866.89,10478,27585.83,10430,27470.15,3695,9723.74,3347,8813.74,1484,3903.88,1518,3979.93,-1644,-4324.35
688506.SH,20250509,416,1175.15,633,1784.58,5607,15834.89,5268,14880.16,832,2348.46,1207,3416.48,444,1255.95,190,533.23,-845,-2355.62
688506.SH,20250508,467,1312.8,628,1764.71,6739,18950.33,6663,18749.72,1873,5264.92,1964,5496.38,631,1766.1,455,1283.34,-1279,-3567.63
688506.SH,20250507,427,1211.69,606,1719.44,7899,22428.65,7240,20569.98,1905,5430.8,2675,7616.33,1237,3533.28,946,2698.68,-1616,-4541.71
688506.SH,20250506,525,1533.07,544,1589.22,8969,26161.61,8373,24412.24,2087,6061.23,2017,5887.91,758,2188.53,1406,4055.07,210,614.59
688506.SH,20250430,436,1238.34,481,1365.05,6875,19487.37,6771,19205.25,3305,9360.49,3119,8822.84,559,1590.95,803,2284.03,124,331.5
688506.SH,20250429,460,1320.49,541,1552.26,7632,21885.55,7290,20917.48,3087,8872.57,3030,8707.38,472,1360.42,791,2261.91,-583,-1654.2
688506.SH,20250428,625,1759.06,662,1869.74,9369,26291.3,8959,25139.53,3137,8796.61,3491,9770.75,2415,6834.65,2434,6901.6,230,702.58
688506.SH,20250425,685,1883.35,581,1596.02,7110,19522.65,6838,18784.15,2535,6951.43,2053,5629.64,383,1050.62,1241,3398.24,812,2242.1
688506.SH,20250424,367,1040.92,454,1286.41,5284,14968.43,5455,15454.56,2071,5874.44,2041,5788.42,506,1428.61,277,783.02,-220,-590.87
688506.SH,20250423,387,1098.72,606,1715.79,6896,19560.51,8319,23580.71,3630,10282.64,2579,7314.77,1450,4097.04,860,2427.64,-363,-1020.06
688506.SH,20250422,655,1823.73,597,1663.57,7791,21693.13,7949,22149.56,3508,9788.13,3554,9919.67,1035,2922.07,888,2494.27,998,2719.08
688506.SH,20250421,487,1262.63,440,1138.61,6035,15615.67,5270,13654.79,2177,5632.53,2390,6178.0,641,1665.39,1240,3204.81,1250,3283.05
688506.SH,20250418,375,973.64,439,1134.71,4768,12341.41,4674,12087.11,1347,3475.7,1367,3544.48,282,729.08,292,753.53,-901,-2289.52
688506.SH,20250417,434,1121.37,606,1561.97,6729,17361.57,6436,16626.99,2350,6071.91,2093,5412.24,488,1270.62,866,2224.28,957,2509.2
688506.SH,20250416,783,1986.58,947,2400.0,10055,25525.4,9832,24959.94,2276,5785.37,2352,5979.28,881,2242.9,864,2201.02,-1159,-2836.92
688506.SH,20250415,818,2027.7,827,2044.16,9177,22698.72,9132,22589.38,2773,6861.39,2727,6762.14,568,1398.43,649,1590.55,2271,5660.72
688506.SH,20250414,625,1509.82,1012,2440.35,7636,18441.66,8124,19620.05,1898,4582.6,1273,3074.5,300,722.64,51,121.83,-2086,-4991.68
688506.SH,20250411,712,1709.97,830,1985.49,7473,17939.62,7092,17014.5,2113,5084.84,1843,4442.33,414,986.96,946,2279.08,316,799.89
688506.SH,20250410,827,1991.76,879,2115.23,9722,23379.79,10092,24262.56,2999,7211.3,2253,5428.47,429,1036.79,754,1813.37,476,1170.4
688506.SH,20250409,1316,2934.68,1414,3148.81,14350,31901.54,14893,33135.58,3719,8269.67,2892,6436.17,415,937.32,600,1322.65,1734,3965.08
688506.SH,20250408,1445,3210.06,1594,3535.97,14373,31867.71,14045,31181.77,2558,5677.9,2741,6052.03,661,1460.12,658,1446.03,945,2114.63
688506.SH,20250407,1083,2459.64,1581,3579.38,15014,34138.42,13206,30032.95,2987,6831.04,3646,8341.43,1504,3386.61,2156,4861.94,-3206,-7163.72
688506.SH,20250403,464,1145.57,653,1612.66,6917,17074.74,7377,18236.18,2477,6134.65,2490,6158.17,1492,3699.18,830,2047.12,-489,-1181.19
688506.SH,20250402,432,1070.79,486,1203.39,5888,14592.47,5565,13798.66,1612,3988.11,1949,4822.8,848,2099.95,779,1926.47,-569,-1396.68
688506.SH,20250401,927,2257.75,1138,2771.92,11784,28737.59,14225,34717.58,5283,12964.35,3924,9643.12,2595,6372.57,1302,3199.65,542,1323.79
688506.SH,20250331,741,1721.02,838,1943.65,8656,20079.79,8036,18663.92,2234,5169.82,1769,4102.29,585,1358.06,1574,3618.85,235,561.64
688506.SH,20250328,1065,2527.15,1234,2925.71,13558,32147.98,14130,33460.73,4885,11545.92,4417,10483.62,3116,7400.6,2843,6751.59,2009,4809.24
688506.SH,20250327,968,2120.02,873,1920.18,9538,20916.8,9711,21325.47,2982,6594.11,2726,5996.36,719,1594.52,896,1983.45,2537,5546.51
688506.SH,20250326,499,1046.08,613,1284.52,4713,9877.28,4725,9906.77,803,1682.09,659,1380.96,236,499.2,253,532.4,-515,-1067.05
688506.SH,20250325,487,1036.57,486,1033.64,4496,9562.05,4378,9308.53,753,1603.72,826,1756.81,413,885.62,460,988.98,300,649.91
688506.SH,20250324,505,1070.51,513,1089.44,4470,9497.26,5035,10696.4,1250,2662.84,1633,3472.82,1106,2347.55,150,319.5,-884,-1881.4
688506.SH,20250321,606,1308.77,516,1114.11,5691,12286.28,5592,12077.77,1136,2449.75,1283,2767.03,448,966.92,490,1052.82,-302,-646.19
688506.SH,20250320,428,936.41,544,1189.19,4538,9930.89,4537,9925.1,780,1704.22,710,1553.37,466,1016.5,420,920.36,-1116,-2434.47
688506.SH,20250319,703,1570.58,923,2061.14,7389,16510.44,8024,17933.38,1532,3425.79,1300,2902.59,1398,3124.55,775,1734.23,-985,-2181.76
688506.SH,20250318,750,1656.49,834,1839.1,7068,15601.58,7698,16998.85,2158,4765.78,1659,3663.38,548,1213.09,333,735.61,-871,-1904.95
688506.SH,20250317,896,1950.07,934,2031.19,8703,18913.72,8983,19535.32,2006,4371.83,2674,5838.9,1509,3311.34,523,1141.55,856,1837.82
688506.SH,20250314,699,1485.45,728,1546.88,5911,12577.77,6026,12818.28,943,2005.47,1246,2654.31,613,1306.59,166,355.82,255,556.33
688506.SH,20250313,778,1638.48,680,1431.25,4712,9912.66,4990,10504.11,736,1553.11,625,1315.26,70,146.37,0,0.0,707,1493.38
688506.SH,20250312,572,1212.19,862,1822.78,6007,12718.04,5661,11989.06,1246,2644.74,794,1688.74,193,410.51,702,1484.89,-700,-1461.91
688506.SH,20250311,770,1647.04,752,1606.88,6758,14437.48,6498,13883.72,1230,2633.64,1333,2852.51,0,0.0,175,375.04,1359,2914.21
688506.SH,20250310,1154,2461.96,923,1968.88,8591,18301.05,8671,18467.81,1934,4114.23,2111,4497.45,983,2098.18,957,2041.29,740,1623.02
688506.SH,20250307,1470,3115.19,1416,2997.36,12573,26650.45,11989,25405.85,3195,6770.75,3310,7016.46,1005,2145.94,1529,3262.67,-5,22.53
688506.SH,20250306,1125,2436.25,1497,3239.42,10528,22776.65,10564,22858.15,1997,4319.22,1935,4181.13,887,1917.59,540,1171.01,-1487,-3183.55
688506.SH,20250305,920,2016.55,799,1748.61,6908,15125.72,6862,15027.38,1052,2300.58,1246,2726.96,146,317.33,118,257.22,1191,2620.9
688506.SH,20250304,932,2031.5,827,1801.62,7779,16955.75,7641,16661.13,1640,3572.42,1719,3744.99,505,1103.86,669,1455.78,642,1412.7
688506.SH,20250303,1576,3522.28,1385,3097.75,14056,31283.8,13711,30543.98,4190,9314.07,4715,10471.78,2114,4678.56,2123,4685.2,1178,2680.93
688506.SH,20250228,1420,3226.13,2062,4679.5,16685,37960.81,16791,38209.86,5510,12638.61,4170,9537.21,1276,2929.04,1867,4328.03,241,665.67
688506.SH,20250227,1290,2886.73,1198,2682.36,11187,25024.23,11621,25995.01,3005,6711.0,3124,6969.74,874,1946.35,412,921.2,2909,6521.58
688506.SH,20250226,1131,2476.63,1377,3017.45,11639,25486.65,11803,25873.96,4863,10702.03,3709,8135.9,2430,5303.07,3174,6941.06,1280,2820.63
688506.SH,20250225,1005,2146.28,1139,2431.67,8778,18747.54,9004,19249.08,2862,6129.21,2492,5335.7,805,1739.89,815,1746.48,-317,-699.15
688506.SH,20250224,1032,2170.61,1242,2611.99,9849,20700.28,10386,21853.53,2859,6012.9,2343,4920.22,1277,2682.83,1046,2180.87,-59,-121.39
688506.SH,20250221,5120,9987.23,5305,10313.09,16746,33620.05,16058,32250.47,7050,14084.25,7310,14562.64,2948,5921.89,3191,6487.22,7417,14933.01
688506.SH,20250220,3285,6078.62,3602,6667.13,3657,6777.8,3203,5934.46,1571,2906.03,1529,2838.16,191,355.27,369,677.96,72,153.35
688506.SH,20250219,4282,7865.28,4652,8540.98,5258,9660.8,5232,9609.2,1719,3158.56,1386,2549.27,352,644.05,341,629.25,-901,-1647.85
688506.SH,20250218,5629,10515.69,5471,10215.24,6801,12717.1,5835,10901.9,3138,5844.62,3432,6412.98,827,1540.37,1656,3087.66,4707,8789.16
688506.SH,20250217,3515,6384.83,4164,7557.41,3492,6344.61,3734,6782.88,2021,3665.23,1629,2957.66,787,1425.54,288,522.26,-1318,-2364.31
688506.SH,20250214,4732,8555.46,4833,8747.48,6445,11641.05,6426,11609.59,3176,5739.25,4268,7709.83,1877,3405.72,704,1274.58,-2913,-5228.23
688506.SH,20250213,4344,8146.64,4906,9204.98,5348,10033.75,5323,9979.31,3243,6074.88,2364,4441.05,468,878.8,809,1508.73,-3504,-6528.63
688506.SH,20250212,4529,8690.01,5533,10613.03,7385,14179.85,6732,12915.47,4272,8205.32,3887,7468.07,1178,2248.77,1212,2327.38,1239,2399.37
688506.SH,20250211,6748,12253.46,6679,12163.66,9963,18179.46,9247,16857.88,3647,6675.12,4308,7876.53,1049,1920.88,1174,2130.85,2734,5177.81
688506.SH,20250210,4926,8842.45,5847,10487.37,6571,11789.28,6703,12022.89,3304,5934.49,2707,4876.14,1054,1891.13,598,1070.95,-1902,-3408.87
688506.SH,20250207,4972,8976.7,4688,8464.98,7392,13355.18,5825,10517.86,5926,10711.69,4948,8935.51,1262,2289.36,4092,7414.6,-300,-491.9
688506.SH,20250206,6223,11147.58,6912,12382.35,7802,13970.7,7845,14045.0,3021,5415.96,3191,5708.31,1585,2829.39,684,1227.97,-4152,-7389.83
688506.SH,20250205,4309,7893.25,4402,8064.55,4502,8251.29,4742,8690.13,1623,2964.41,1356,2474.59,263,480.4,197,360.09,-1992,-3649.33
688506.SH,20250127,3527,6773.73,2909,5589.44,4089,7867.98,4272,8213.26,1008,1936.73,1296,2493.66,78,149.09,226,431.18,-139,-247.92
688506.SH,20250124,3859,7503.34,3908,7596.27,4263,8274.41,4198,8150.84,1858,3591.4,1585,3066.25,71,136.85,358,692.64,-512,-963.28
688506.SH,20250123,3131,6183.17,3091,6096.53,3838,7585.79,3836,7587.11,1452,2866.4,1596,3152.15,175,345.31,74,144.87,354,725.6
688506.SH,20250122,2928,5718.45,2803,5472.34,2578,5034.48,2322,4533.2,896,1748.67,1344,2626.53,144,281.11,77,150.65,1035,2030.86
688506.SH,20250121,2950,5779.83,2918,5717.41,3179,6226.76,3349,6561.86,1320,2580.35,1113,2174.89,343,672.87,413,805.67,-345,-660.93
688506.SH,20250120,2509,4928.52,2355,4629.48,4930,9766.99,4616,9147.83,2038,4061.49,2530,5023.66,478,942.8,453,898.82,553,1120.9
688506.SH,20250117,2880,5604.14,2942,5722.14,3771,7348.39,3338,6506.9,1242,2413.57,1297,2520.93,320,624.44,636,1240.57,587,1168.17
688506.SH,20250116,3305,6379.43,3040,5866.48,3616,6981.53,3036,5858.33,1151,2221.6,2198,4249.6,291,562.16,87,170.32,2274,4408.14
688506.SH,20250115,2365,4518.54,2590,4944.05,2266,4327.4,2501,4774.65,1264,2415.45,900,1727.48,465,898.25,368,713.45,-674,-1262.84
688506.SH,20250114,4558,8620.36,4636,8773.27,4234,8012.14,4137,7819.64,1565,2957.9,1571,2972.66,413,775.37,426,800.21,53,133.6
688506.SH,20250113,5144,9522.27,4691,8679.73,5396,9991.17,4747,8779.99,1655,3056.35,2558,4734.0,385,704.66,585,1080.73,2119,3927.65
688506.SH,20250110,5923,10829.24,5210,9541.23,6470,11835.58,6384,11685.57,3024,5538.91,3604,6574.49,900,1621.73,1120,2024.17,-2892,-5315.35
688506.SH,20250109,2287,4408.15,2374,4574.78,2751,5306.65,2703,5217.25,1286,2485.95,1259,2435.02,147,285.77,134,259.47,559,1086.36
688506.SH,20250108,2680,5050.75,2558,4821.46,2570,4843.31,2496,4708.97,1343,2535.49,1235,2331.5,34,63.92,338,631.53,977,1846.03
688506.SH,20250107,2746,5144.9,3055,5723.82,3158,5915.45,3056,5725.52,1099,2057.52,658,1232.72,127,238.25,362,674.06,-1075,-2016.14
688506.SH,20250106,3508,6776.62,3829,7398.28,3706,7169.2,3504,6778.2,1322,2563.12,1279,2475.32,229,439.06,153,296.2,380,733.69
688506.SH,20250103,4257,8119.53,4004,7639.55,3549,6761.36,3443,6566.94,1192,2269.54,1322,2517.86,407,777.83,635,1203.91,63,127.39
688506.SH,20250102,4896,9401.63,6010,11538.86,4475,8597.52,3834,7365.28,1343,2578.62,1057,2030.46,350,670.77,162,313.94,-1186,-2248.07
688506.SH,20241231,2915,5650.73,3478,6741.01,3215,6235.11,2737,5304.83,1310,2544.76,1096,2129.39,60,116.81,191,372.17,-83,-144.5
688506.SH,20241230,4668,9025.99,4767,9224.8,4774,9292.07,5303,10313.28,1611,3138.92,1250,2433.65,315,608.12,48,93.36,-184,-309.57
688506.SH,20241227,6183,11957.95,6747,13043.48,7116,13773.68,7251,14034.82,3001,5794.44,2355,4543.8,535,1031.95,482,935.92,3542,6846.85
688506.SH,20241226,2824,5226.3,3204,5926.45,2583,4776.93,2785,5151.58,1263,2336.34,816,1509.45,299,552.49,165,304.58,-977,-1799.53
688506.SH,20241225,5433,10071.02,4759,8827.22,4795,8893.55,5397,10005.51,1527,2840.98,1497,2774.28,504,938.26,606,1136.8,-1729,-3205.37
688506.SH,20241224,3720,7195.64,4413,8534.99,3380,6536.46,2733,5292.19,1160,2240.44,971,1879.81,246,479.26,388,744.81,699,1355.15
688506.SH,20241223,4402,8503.32,4120,7958.52,2725,5265.33,3139,6068.41,1020,1965.76,1259,2432.07,808,1562.57,436,837.98,-1493,-2882.6
688506.SH,20241220,3937,7781.15,3726,7360.61,3233,6389.88,4205,8313.14,1404,2776.85,883,1746.75,678,1343.56,439,870.94,-1217,-2402.97
688506.SH,20241219,774,1553.44,889,1785.58,4519,9108.72,4572,9217.31,1295,2607.3,854,1718.86,241,482.44,515,1030.14,-1316,-2648.0
688506.SH,20241218,677,1392.41,947,1945.44,6649,13664.59,6953,14290.89,1230,2530.48,823,1694.25,280,575.52,113,232.43,-16,-15.06
688506.SH,20241217,1261,2592.42,1401,2877.8,10874,22337.19,10214,20988.25,1692,3476.31,1747,3586.09,227,465.85,692,1419.63,1681,3468.4
688506.SH,20241216,4256,8510.0,4817,9626.51,17372,34978.34,17653,35572.59,5673,11436.65,4884,9837.28,617,1241.59,564,1130.2,-322,-566.75
688506.SH,20241213,3604,7449.18,4012,8313.41,36497,75584.71,40960,84897.74,17523,36363.47,11338,23496.3,6303,12711.91,7617,15401.82,-1544,-2844.7
688506.SH,20241212,1949,4120.41,2152,4544.3,15774,33320.77,16142,34108.73,4562,9638.57,3785,7990.36,401,842.76,608,1279.12,-1864,-3909.95
688506.SH,20241211,1248,2631.6,1835,3863.55,13102,27627.2,12216,25756.19,2469,5201.48,2421,5113.0,488,1029.98,834,1757.51,-1499,-3145.95
688506.SH,20241210,1392,3078.64,1646,3632.8,14268,31589.16,13743,30445.37,3720,8234.47,4218,9356.7,1890,4264.86,1664,3732.25,-2613,-5769.74
688506.SH,20241209,956,2130.23,852,1898.48,8946,19930.07,8748,19491.15,1416,3154.17,1717,3823.04,263,591.15,265,592.95,713,1599.62
688506.SH,20241206,865,1938.7,853,1911.0,7797,17477.19,8060,18068.74,1310,2935.38,1012,2270.16,451,1010.75,497,1112.11,912,2053.66
688506.SH,20241205,1251,2818.09,1415,3188.51,12488,28133.46,12007,27057.17,3811,8571.32,3378,7608.13,528,1194.4,1278,2863.47,188,421.2
688506.SH,20241204,902,2137.43,910,2153.39,9086,21517.79,9061,21455.17,2229,5271.47,2011,4759.92,223,530.02,458,1088.23,252,617.51
688506.SH,20241203,1160,2743.66,1025,2421.15,10530,24960.66,10832,25672.08,2654,6287.48,2639,6273.19,1084,2562.3,933,2187.69,1718,4091.39
688506.SH,20241202,1497,3426.24,1514,3465.31,13737,31400.8,13138,30031.37,3431,7816.34,3853,8778.33,1005,2301.4,1164,2669.76,1548,3526.97
688506.SH,20241129,998,2175.0,1051,2283.49,10396,22632.7,10365,22572.0,3005,6544.84,3315,7223.07,850,1851.15,518,1125.13,320,756.24
688506.SH,20241128,990,2179.63,1346,2963.0,12698,27950.93,11778,25939.69,4034,8868.61,2891,6358.51,484,1064.78,2192,4802.76,643,1435.99
688506.SH,20241127,1477,3120.51,1556,3291.6,12637,26725.51,12982,27473.2,4115,8738.67,3820,8104.06,1236,2605.04,1107,2320.88,1171,2403.1
688506.SH,20241126,864,1772.94,1010,2068.7,7433,15241.6,7996,16393.53,2885,5928.97,1763,3624.52,1059,2180.33,1471,3037.1,285,617.91
688506.SH,20241125,4590,9101.9,5222,10355.75,8892,17715.89,9397,18729.69,3778,7517.92,2849,5674.24,883,1768.2,676,1344.24,-825,-1603.75
688506.SH,20241122,4843,9480.5,5038,9860.79,5950,11651.83,5872,11502.78,1685,3310.57,2584,5077.02,1253,2463.16,237,465.47,-487,-951.68
688506.SH,20241121,2202,4401.08,2837,5670.6,9974,20044.12,8435,16956.09,2122,4267.55,2556,5137.42,448,904.39,917,1853.04,-251,-474.56
688506.SH,20241120,7024,13647.78,6931,13469.2,12216,23861.1,10441,20381.46,5442,10624.61,5492,10695.39,1336,2609.22,3154,6196.64,5145,10053.5
688506.SH,20241119,4875,8719.25,4285,7666.39,3211,5749.31,3071,5497.3,766,1369.49,1223,2191.34,0,0.0,273,483.03,551,1010.23
688506.SH,20241118,5235,9328.23,5079,9055.62,5506,9821.7,4773,8501.69,3087,5496.83,2791,4951.05,1475,2606.04,2659,4744.44,-1812,-3209.57
688506.SH,20241115,4276,7848.8,4275,7842.37,3036,5572.45,2847,5227.94,784,1436.03,1398,2568.48,528,971.66,103,190.15,-639,-1162.88
688506.SH,20241114,5368,9980.55,5452,10137.53,5149,9557.61,5291,9823.27,2325,4319.21,2522,4685.92,736,1374.02,314,584.66,-3658,-6771.12
688506.SH,20241113,5186,9933.28,4907,9391.43,4186,8037.09,4448,8533.47,1809,3467.8,1953,3752.17,446,848.45,319,609.56,-1258,-2358.09
688506.SH,20241112,6105,11964.43,5827,11419.37,6417,12621.36,6206,12209.35,3461,6807.05,3194,6268.21,1073,2102.53,1829,3598.43,2287,4542.08
688506.SH,20241111,6742,12848.2,7110,13546.37,6987,13316.35,7420,14136.09,3874,7369.14,3205,6116.13,1938,3704.77,1806,3439.87,-3748,-7117.54
688506.SH,20241108,4513,8953.28,4072,8077.17,8147,16244.67,8462,16866.97,2947,5867.77,2551,5076.91,734,1459.09,1256,2503.75,1057,2140.51
688506.SH,20241107,5306,10200.08,4488,8629.87,5883,11342.17,5581,10748.19,2819,5435.9,2967,5727.29,1241,2391.73,2214,4264.53,2588,5011.81
688506.SH,20241106,5257,10004.47,5078,9660.73,5726,10921.42,6285,11987.92,2998,5721.2,2828,5401.46,667,1279.11,458,876.09,890,1760.04
688506.SH,20241105,5210,9751.94,5172,9679.7,5075,9490.07,4979,9319.22,2405,4499.57,2363,4414.55,248,463.36,424,791.47,906,1711.8
688506.SH,20241104,4945,9403.35,4909,9331.32,4200,7993.01,4492,8552.96,1708,3253.09,1676,3190.57,355,675.61,132,250.21,296,587.96
688506.SH,20241101,5989,11161.72,6617,12334.18,6301,11736.01,6101,11368.72,2706,5044.37,2977,5548.15,1308,2442.11,610,1133.15,759,1414.8
688506.SH,20241031,5132,9282.54,5363,9698.87,5496,9928.78,4429,8006.37,1709,3087.25,2288,4135.32,879,1585.27,1136,2043.28,-154,-267.75
688506.SH,20241030,5540,9907.59,4464,7986.88,4582,8202.7,5345,9561.16,1685,3024.75,2164,3889.55,583,1052.82,418,750.28,-1068,-1887.3
688506.SH,20241029,4943,9041.87,4611,8436.39,3942,7211.23,4085,7473.55,1132,2074.86,1330,2435.78,383,704.34,374,686.59,-859,-1570.55
688506.SH,20241028,4280,8006.18,3747,7010.3,3688,6892.05,3882,7261.16,1655,3092.96,1823,3406.56,423,792.77,593,1105.95,-699,-1292.73
688506.SH,20241025,5539,10453.78,5361,10121.88,5365,10124.12,5659,10680.2,2015,3807.12,1801,3398.77,484,914.39,581,1098.57,-622,-1163.35
688506.SH,20241024,4541,8904.34,4123,8084.13,4192,8234.49,4868,9565.87,2350,4617.12,2197,4303.05,657,1279.43,551,1082.32,-1103,-2127.97
688506.SH,20241023,5144,10138.38,4550,8965.76,4338,8554.66,4918,9693.28,1433,2821.34,1291,2549.47,264,521.39,420,827.26,520,1048.52
688506.SH,20241022,4281,8470.52,4584,9065.63,7922,15855.42,7505,15019.46,2670,5338.07,2429,4861.14,640,1272.33,994,1990.12,511,1088.27
688506.SH,20241021,8560,16873.88,6720,13247.65,9646,19142.43,11042,21874.61,2268,4481.23,2767,5483.21,256,504.98,200,397.06,3090,6187.13
688506.SH,20241018,7337,14227.62,6337,12259.55,8987,17556.59,9431,18416.32,3150,6143.17,3873,7573.99,1123,2204.12,955,1881.65,4871,9630.79
688506.SH,20241017,5531,10478.69,4775,9045.21,4895,9276.94,5143,9745.01,691,1314.27,1267,2405.93,341,644.21,274,517.96,813,1556.04
688506.SH,20241016,5179,9776.6,4979,9400.15,4563,8613.57,3909,7379.69,1020,1926.35,1128,2131.01,68,128.18,814,1533.86,201,386.93
688506.SH,20241015,3700,7292.8,3576,7056.45,6412,12739.51,6140,12195.14,1323,2630.79,1753,3474.92,535,1065.06,501,1001.66,118,230.17
688506.SH,20241014,4738,9215.68,4874,9479.39,11162,22031.97,9970,19702.01,2231,4359.57,3150,6142.58,521,1010.01,658,1293.24,2010,4002.88
688506.SH,20241011,4293,8343.08,4877,9482.12,6451,12548.08,5441,10598.57,1146,2236.03,1858,3613.34,737,1435.05,451,868.22,905,1768.08
688506.SH,20241010,1922,3913.45,2195,4457.7,13823,28283.38,14364,29400.95,4181,8534.81,3802,7737.38,1650,3351.46,1215,2487.06,-776,-1377.01
688506.SH,20241009,2159,4639.14,1827,3910.89,20518,44202.56,19419,41764.12,6326,13563.5,7633,16470.3,2922,6313.04,3047,6572.94,1482,3652.19
688506.SH,20241008,1891,4103.49,1740,3782.78,21843,47594.53,24345,53082.67,11737,25840.62,10290,22609.75,5728,12625.68,4825,10689.13,4816,10220.29
688506.SH,20240930,9469,17544.95,8554,15755.29,9276,17040.51,11161,20654.73,5366,9953.96,5526,10288.43,3807,7059.33,2677,4900.28,4522,8471.74
688506.SH,20240927,1719,2679.74,2042,3194.84,1978,3093.27,2309,3615.81,1405,2198.44,1071,1671.14,608,962.72,288,452.39,-602,-955.18
688506.SH,20240926,5697,8292.75,5275,7672.91,4973,7225.73,4501,6561.09,2444,3548.8,2840,4123.2,440,639.3,938,1349.38,1961,2919.13
688506.SH,20240925,6918,10142.93,6837,10021.39,7003,10249.92,7359,10779.89,2964,4332.93,3108,4539.36,795,1168.56,377,553.69,-2097,-3065.71
688506.SH,20240924,10073,14295.31,12088,17168.97,12962,18439.61,11328,16132.25,5723,8103.65,4935,6977.56,1175,1669.66,1582,2229.45,-3095,-4350.23
688506.SH,20240923,3600,5575.03,3065,4743.86,4053,6272.57,3659,5669.32,1936,2997.65,2202,3405.22,459,708.23,1123,1735.07,-1380,-2121.6
688506.SH,20240920,4243,6648.05,4150,6498.23,3003,4708.47,3268,5126.99,755,1186.17,953,1499.18,1479,2335.5,1110,1753.79,-422,-667.26
688506.SH,20240919,3385,5519.82,3166,5163.16,2576,4196.66,2958,4825.57,836,1362.43,817,1328.55,148,243.66,3,5.28,123,197.32
688506.SH,20240918,3050,5019.59,3383,5569.83,3182,5243.69,2903,4782.01,918,1511.37,801,1319.82,0,0.0,62,102.99,1269,2094.67
688506.SH,20240913,5182,8552.8,5790,9558.55,4921,8127.27,4477,7397.77,2039,3377.68,1698,2809.21,403,671.29,580,963.49,121,209.3
688506.SH,20240912,5100,8369.5,5041,8274.96,4194,6899.25,4322,7103.1,1931,3182.21,1585,2617.62,175,282.42,451,737.7,762,1274.53
688506.SH,20240911,6981,10954.78,5907,9285.3,6271,9865.93,6561,10306.82,2197,3460.51,2946,4638.27,78,123.38,112,174.21,3401,5373.63
688506.SH,20240910,4895,7416.08,4252,6442.14,3162,4794.61,3272,4963.98,1212,1838.44,1950,2949.79,324,487.39,120,180.62,81,131.62
688506.SH,20240909,3788,5978.27,4043,6383.22,3836,6075.85,3219,5097.83,862,1376.19,1213,1933.05,190,299.36,201,315.57,732,1197.48
688506.SH,20240906,3412,5370.0,2946,4640.46,3250,5115.61,2973,4684.36,1512,2379.87,1659,2610.91,73,115.39,669,1045.14,1752,2756.67
688506.SH,20240905,6781,10501.76,6154,9547.26,5848,9042.12,5203,8064.43,1919,2978.99,2362,3640.23,586,899.88,1415,2170.83,-617,-964.69
688506.SH,20240904,4638,7377.2,3315,5272.08,3184,5063.16,3273,5206.96,1172,1866.16,2178,3465.03,236,376.27,465,738.73,1337,2140.84
688506.SH,20240903,3886,6402.76,3557,5849.88,3634,6008.0,3498,5765.83,1464,2419.82,1758,2921.65,252,416.45,424,709.69,828,1397.31
688506.SH,20240902,3438,5664.24,3427,5647.93,2443,4022.81,1984,3270.25,641,1053.74,573,942.68,185,306.6,722,1186.54,-1152,-1901.96
688506.SH,20240830,3257,5484.23,3044,5122.28,2351,3955.11,2706,4560.59,965,1626.83,823,1383.3,0,0.0,0,0.0,364,622.02
688506.SH,20240829,3929,6556.65,3244,5415.83,1920,3197.52,2081,3469.27,329,547.67,739,1227.24,100,166.06,214,355.56,-330,-540.34
688506.SH,20240828,2217,3766.33,2448,4160.51,1331,2261.8,1677,2853.47,652,1106.93,498,844.12,424,723.03,0,0.0,-815,-1377.7
688506.SH,20240827,3511,5990.49,3002,5125.86,3608,6164.16,3677,6286.04,1758,3004.4,1492,2543.71,24,41.76,728,1245.2,150,262.42
688506.SH,20240826,4076,6930.75,4319,7344.33,3958,6746.9,4258,7265.06,1101,1878.52,1374,2336.34,1002,1707.82,185,318.26,-1537,-2606.0
688506.SH,20240823,2231,4003.48,1710,3068.72,1492,2676.37,1703,3059.83,767,1374.43,865,1546.94,0,0.0,213,378.79,208,375.85
688506.SH,20240822,2187,3959.81,2413,4367.94,2126,3856.39,2238,4059.12,951,1725.07,970,1760.42,518,938.74,161,292.52,-132,-233.2
688506.SH,20240821,2391,4263.6,2252,4016.1,1958,3492.32,2051,3658.66,405,727.02,666,1192.88,315,565.25,101,180.55,230,419.46
688506.SH,20240820,2407,4242.61,2191,3865.32,2034,3585.99,1856,3270.62,353,621.55,774,1362.82,184,324.06,157,275.45,-137,-241.09
688506.SH,20240819,2231,4070.86,2336,4264.64,2187,3986.25,1977,3604.46,646,1177.26,907,1646.42,354,642.69,199,361.55,-316,-576.85
688506.SH,20240816,2614,4786.75,2326,4251.53,2957,5430.72,2920,5361.75,1079,1983.64,1348,2480.14,346,632.4,402,740.1,1296,2394.89
688506.SH,20240815,2506,4446.83,2060,3652.75,2324,4126.05,2644,4692.96,845,1499.22,801,1421.09,231,412.77,401,718.07,1544,2744.86
688506.SH,20240814,2198,3801.1,1972,3406.25,1324,2292.69,1436,2485.57,372,640.08,487,842.05,0,0.0,0,0.0,946,1648.14
688506.SH,20240813,1617,2775.58,1726,2961.07,1197,2054.07,1200,2059.49,455,779.78,343,588.87,0,0.0,0,0.0,-192,-324.3
688506.SH,20240812,1940,3345.79,1841,3175.57,1466,2531.12,1680,2901.58,648,1121.76,565,974.71,90,153.81,58,100.62,250,434.94
688506.SH,20240809,3139,5325.31,3279,5560.77,2561,4346.08,2048,3477.53,733,1248.89,1092,1857.75,488,828.96,502,853.19,-921,-1558.42
688506.SH,20240808,2438,4245.51,3036,5288.09,2371,4128.81,2154,3748.61,1189,2071.9,968,1690.65,214,374.54,54,93.41,-1385,-2397.36
688506.SH,20240807,2941,5139.67,3009,5257.71,2323,4063.41,2494,4361.01,1391,2434.81,1029,1801.56,798,1395.77,920,1613.38,65,119.17
688506.SH,20240806,3784,6592.9,3573,6229.4,3723,6490.69,4468,7788.29,1644,2872.21,1166,2032.55,270,468.31,215,373.87,22,37.63
688506.SH,20240805,5311,9566.26,5879,10602.81,6109,11024.29,5426,9793.63,1787,3227.65,1724,3106.21,263,473.14,441,788.69,709,1307.6
688506.SH,20240802,4819,8670.15,4907,8823.18,5380,9696.42,4206,7581.25,2117,3799.14,2993,5382.31,375,675.31,585,1054.27,848,1530.19
688506.SH,20240801,3650,6320.77,4073,7056.94,2340,4055.07,2330,4037.86,1211,2105.75,770,1338.08,0,0.0,28,48.71,36,60.44
688506.SH,20240731,6030,10130.25,6047,10177.59,5412,9140.19,5040,8489.5,1881,3167.16,2042,3432.46,224,366.2,419,704.25,3299,5526.43
688506.SH,20240730,5012,7990.14,5619,8958.46,3689,5878.76,3403,5424.97,959,1527.26,590,937.4,25,39.15,72,114.48,851,1356.71
688506.SH,20240729,4316,7071.35,6213,10183.58,4960,8135.63,3438,5640.05,1126,1853.68,769,1265.53,80,131.2,62,102.7,291,479.52
688506.SH,20240726,3809,6141.76,4229,6816.47,3035,4897.44,2584,4171.41,377,608.68,508,821.48,100,161.48,0,0.0,1034,1670.13
688506.SH,20240725,3323,5334.25,3435,5513.43,2126,3414.61,1895,3042.34,663,1064.05,785,1262.66,125,199.75,122,194.23,548,886.22
688506.SH,20240724,4558,7360.28,4735,7649.74,2696,4357.16,3010,4867.12,1191,1927.01,850,1373.73,265,430.83,115,184.7,792,1287.01
688506.SH,20240723,4383,7095.69,4752,7694.14,2762,4475.01,2449,3968.09,796,1286.4,712,1152.27,360,584.99,387,627.58,-942,-1519.41
688506.SH,20240722,6306,10326.14,5503,9014.92,4226,6920.98,5035,8246.67,1870,3070.31,1814,2973.42,93,154.58,142,236.99,1445,2364.2
688506.SH,20240719,5137,8319.9,4754,7699.47,3106,5030.1,3384,5478.89,917,1481.48,1093,1766.18,280,452.82,210,339.76,-1180,-1899.8
688506.SH,20240718,5197,8669.0,6019,10038.78,4711,7874.55,4341,7254.02,1760,2938.73,1444,2416.27,225,378.44,89,151.64,1678,2812.77
688506.SH,20240717,3274,5371.96,3111,5102.27,1983,3250.56,2101,3447.48,711,1164.44,965,1579.2,208,341.99,0,0.0,-768,-1251.46
688506.SH,20240716,4882,8075.15,4069,6729.59,2084,3445.09,2865,4738.77,744,1227.68,632,1043.33,98,161.05,241,397.28,229,383.68
688506.SH,20240715,5035,8520.27,4811,8134.02,3012,5090.32,2956,5003.93,819,1382.17,878,1485.49,305,515.93,526,885.24,763,1285.19
688506.SH,20240712,6951,11860.66,6723,11474.13,5491,9361.57,6157,10504.74,1932,3293.65,2015,3423.61,702,1195.13,181,308.53,2066,3507.76
688506.SH,20240711,7333,11877.5,6990,11318.59,7579,12276.4,7519,12193.0,3000,4875.74,3238,5259.84,603,993.05,768,1251.27,-975,-1584.97
688506.SH,20240710,4076,6949.97,3312,5647.66,2274,3870.49,3073,5237.26,741,1263.37,745,1264.64,39,65.74,0,0.0,1173,1996.87
688506.SH,20240709,6680,11281.21,5784,9774.46,4592,7757.17,5443,9194.04,1408,2382.14,1473,2491.19,304,515.36,284,476.18,21,41.09
688506.SH,20240708,5958,10492.88,6894,12159.12,5708,10066.97,4882,8609.22,1928,3394.15,1828,3213.81,1151,2046.59,1141,2018.45,77,135.84
688506.SH,20240705,5978,10756.48,6409,11561.17,4533,8181.29,4658,8407.83,2409,4343.71,2067,3707.47,577,1044.14,362,649.16,2363,4234.84
688506.SH,20240704,3501,6172.7,3610,6360.79,1890,3334.08,1903,3361.24,708,1247.52,790,1391.14,362,637.48,158,278.62,-1082,-1893.02
688506.SH,20240703,2514,4435.55,2539,4481.89,2165,3817.41,1650,2911.12,835,1466.15,1005,1770.87,322,570.71,642,1125.94,23,44.78
688506.SH,20240702,5423,9768.51,5745,10374.95,4725,8538.42,5262,9508.19,1811,3310.03,1273,2313.25,534,968.16,214,388.74,-1632,-2938.23
688506.SH,20240701,3453,6340.73,3264,5996.98,2104,3861.38,2144,3937.41,404,745.11,553,1012.84,0,0.0,0,0.0,583,1070.88
688506.SH,20240628,3796,6951.88,3616,6632.85,3256,5965.05,2506,4593.27,1165,2123.66,1850,3371.52,0,0.0,245,442.94,-1079,-1966.23
688506.SH,20240627,2985,5543.84,2756,5118.54,1947,3613.5,1538,2857.76,748,1388.92,1330,2465.53,125,230.81,181,335.24,-624,-1155.63
688506.SH,20240626,3621,6769.4,3933,7355.05,2247,4209.31,1953,3662.09,918,1725.14,1125,2110.21,525,986.32,300,562.83,-566,-1051.9
688506.SH,20240625,4490,8514.11,4879,9258.88,3408,6459.57,2531,4795.96,1170,2218.42,1493,2822.84,153,290.42,318,604.82,-1302,-2455.41
688506.SH,20240624,4061,7945.23,4364,8539.43,3039,5942.2,2473,4837.86,1068,2089.86,1334,2608.61,349,681.61,345,673.01,9,36.0
688506.SH,20240621,4355,8428.99,4259,8244.94,2938,5686.76,2632,5094.43,836,1617.48,1083,2094.88,150,289.52,304,588.5,28,60.26
688506.SH,20240620,4076,8013.51,4621,9087.36,4421,8718.9,3714,7333.25,1140,2255.57,1161,2292.86,535,1045.66,675,1320.17,-620,-1205.46
688506.SH,20240619,4812,9533.94,4372,8663.59,4415,8747.03,3764,7458.08,1669,3302.2,1668,3301.35,634,1252.26,1726,3412.41,793,1574.65
688506.SH,20240618,6200,12092.55,6015,11747.52,7132,13907.61,7880,15379.91,3677,7172.65,3677,7147.79,1347,2618.29,783,1515.88,-1534,-2974.42
688506.SH,20240617,3781,7537.58,3599,7179.43,12198,24480.62,12314,24733.34,3428,6875.74,3688,7384.56,1124,2258.03,930,1854.63,126,253.31
688506.SH,20240614,4712,9532.46,4248,8627.7,28645,58623.86,28269,57858.2,7506,15305.66,8615,17508.88,2931,5987.36,2662,5454.55,-2334,-4680.3
688506.SH,20240613,1675,3492.41,1420,2956.23,14289,29768.86,13654,28457.53,2635,5488.04,2184,4549.34,489,1019.87,1832,3806.08,1221,2554.98
688506.SH,20240612,1959,3965.47,1610,3258.08,13333,26984.98,12605,25523.31,2737,5532.65,2879,5814.58,1622,3266.15,2559,5153.28,167,383.27
688506.SH,20240611,2541,5146.72,1728,3508.11,12822,26291.27,12552,25729.91,4509,9273.42,5015,10285.31,419,856.33,996,2044.41,2332,4838.99
688506.SH,20240607,988,2026.98,1152,2364.82,8298,17034.83,7155,14704.0,2932,6011.76,2543,5205.32,887,1819.92,2255,4619.34,1290,2690.47
688506.SH,20240606,826,1689.49,1138,2325.34,7778,15908.41,8214,16799.17,3301,6762.01,2700,5529.79,1178,2407.41,1031,2113.03,-518,-1037.56
688506.SH,20240605,4315,8495.33,5413,10661.87,9059,18064.61,8056,16075.12,3241,6445.07,2881,5735.6,505,999.58,771,1531.98,1434,2830.89
688506.SH,20240604,7642,14409.24,8357,15758.19,9794,18489.74,8410,15885.22,3107,5858.67,4170,7864.11,1433,2699.23,1038,1949.37,3309,6232.49
688506.SH,20240603,8401,15359.14,8715,15959.38,11742,21464.3,9932,18152.58,3664,6685.56,4627,8425.17,1079,1970.24,1611,2942.11,502,891.62
688506.SH,20240531,4539,8034.63,4610,8164.27,5294,9382.56,5287,9365.94,3008,5333.95,2967,5264.21,815,1443.37,792,1400.09,2926,5192.33
688506.SH,20240530,4348,7586.24,3331,5814.46,3027,5282.56,3810,6650.76,1068,1867.82,1679,2929.2,750,1305.56,373,647.76,-534,-918.49
688506.SH,20240529,4089,7252.87,3814,6766.91,4008,7117.94,4057,7198.93,2252,4003.42,2726,4836.35,1533,2710.81,1285,2282.85,67,145.34
688506.SH,20240528,4184,7412.52,3459,6122.2,3063,5417.73,3649,6455.48,962,1696.61,1457,2573.85,422,741.39,66,116.72,1640,2912.25
688506.SH,20240527,5002,8886.33,3788,6735.62,4693,8338.04,5204,9252.88,1765,3140.97,2397,4259.02,738,1314.18,809,1432.01,-233,-417.26
688506.SH,20240524,2868,5205.0,3129,5682.11,2236,4062.86,2556,4639.94,1055,1918.67,1173,2134.77,698,1270.28,0,0.0,-1109,-2001.97
688506.SH,20240523,4779,8697.59,5074,9242.52,3754,6826.99,3207,5837.78,1463,2664.24,1510,2737.17,287,521.97,493,893.32,-548,-991.86
688506.SH,20240522,5338,9830.96,5125,9445.24,4273,7871.39,3840,7079.25,1929,3556.5,1812,3334.81,945,1733.99,1708,3133.54,295,550.85
688506.SH,20240521,6486,11852.46,6532,11932.71,5487,10025.71,5013,9158.41,1916,3501.69,2154,3936.02,110,202.06,301,554.79,941,1720.37
688506.SH,20240520,10368,18684.47,7253,13072.38,9578,17291.48,11490,20722.25,5964,10748.47,6054,10942.4,914,1666.63,2026,3654.02,-59,-136.68
688506.SH,20240517,3569,6826.19,2918,5587.02,3851,7371.78,3719,7118.12,1622,3107.47,2255,4316.52,223,428.23,372,712.01,911,1743.97
688506.SH,20240516,5219,9896.14,4077,7734.19,6303,11942.92,5816,11026.98,2164,4104.66,3418,6477.11,701,1331.55,1075,2037.0,-963,-1827.78
688506.SH,20240515,6194,12060.68,5801,11285.44,7407,14402.27,8120,15817.55,5140,10018.8,5023,9778.72,1152,2232.48,949,1832.52,573,1164.55
688506.SH,20240514,5556,10548.52,4631,8789.64,6742,12789.06,6689,12680.08,3666,6930.31,4796,9070.0,1717,3234.43,1565,2962.61,2037,3854.84
688506.SH,20240513,5764,11045.06,6385,12285.01,11280,21736.09,11552,22291.7,5835,11230.04,5607,10771.59,2713,5246.11,2048,3908.99,-3643,-7019.51
688506.SH,20240510,5209,10043.92,4993,9628.31,9322,17994.93,9221,17821.94,5835,11280.72,5618,10837.07,1155,2244.33,1689,3276.59,758,1432.64
688506.SH,20240509,5517,10005.57,4779,8680.95,7306,13244.44,7440,13486.13,3847,6964.52,3568,6460.33,659,1197.01,1542,2784.14,-1538,-2775.61
688506.SH,20240508,6224,11339.64,6714,12231.91,12795,23288.66,10886,19821.42,5648,10287.77,5587,10182.6,2395,4396.72,3875,7076.86,1781,3213.18
688506.SH,20240507,7253,12612.14,6966,12142.99,10163,17699.16,10836,18877.19,6947,12131.11,5507,9581.26,1591,2744.55,2645,4585.52,-2158,-3695.03
688506.SH,20240506,7097,12188.79,6785,11685.96,10751,18421.18,10119,17299.79,7050,12132.89,7121,12242.06,4337,7555.03,5210,9070.09,3086,5401.77
688506.SH,20240430,5381,8222.7,5331,8148.58,7636,11709.88,6495,9939.72,4008,6140.07,4596,7044.83,486,737.92,1090,1677.44,1174,1864.79
688506.SH,20240429,8077,12263.59,9598,14513.08,11150,16968.86,10194,15507.52,6194,9477.62,6187,9613.3,2707,4282.29,2148,3358.45,862,1215.65
688506.SH,20240426,3742,5347.9,3404,4862.9,3058,4366.61,3120,4459.48,1728,2468.49,1510,2154.04,307,441.38,801,1147.97,1418,2033.59
688506.SH,20240425,3263,4479.8,3631,4992.0,3380,4634.76,3303,4531.71,1778,2444.65,1368,1873.06,495,681.62,612,844.05,1833,2528.59
688506.SH,20240424,3378,4585.51,3289,4463.5,3228,4376.51,2931,3981.02,1689,2290.24,1527,2067.01,615,835.45,1164,1576.16,1835,2496.92
688506.SH,20240423,3425,4401.35,3652,4685.62,4273,5512.77,4209,5425.72,2168,2801.12,1780,2318.81,500,667.1,727,952.19,2319,3010.01
688506.SH,20240422,2426,2960.97,2193,2675.4,1907,2330.0,2056,2516.45,645,787.12,621,756.83,0,0.0,108,129.41,941,1156.12
688506.SH,20240419,3312,3920.11,3053,3611.0,1259,1488.77,1455,1723.33,332,392.46,441,522.44,47,55.43,0,0.0,381,452.5
688506.SH,20240418,3292,3919.33,2989,3557.63,1597,1893.76,2174,2582.61,751,895.98,687,821.22,210,252.39,0,0.0,413,497.37
688506.SH,20240417,2968,3517.13,3173,3759.16,2306,2720.98,2741,3240.63,1156,1362.68,948,1117.05,599,713.6,166,197.56,-284,-331.96
688506.SH,20240416,4252,5072.36,4403,5252.12,3686,4390.45,3892,4632.65,1327,1584.72,1180,1413.34,420,504.42,210,253.84,-607,-717.36
688506.SH,20240415,3852,4836.7,4111,5164.24,3320,4180.41,3145,3967.13,1338,1692.29,1368,1721.52,285,357.18,171,213.69,-1208,-1509.77
688506.SH,20240412,2333,3036.43,2378,3097.59,2627,3432.96,2777,3630.3,1846,2423.83,1255,1645.18,369,485.49,764,1005.65,751,971.48
688506.SH,20240411,2048,2607.33,2094,2669.11,1662,2118.54,2025,2582.15,850,1086.26,712,909.01,272,348.14,0,0.0,627,799.84
688506.SH,20240410,2625,3374.63,2556,3286.37,2203,2824.11,3033,3891.38,1638,2098.28,1650,2117.43,865,1115.24,92,117.08,-648,-821.48
688506.SH,20240409,2792,3515.11,2630,3308.76,2992,3785.59,3597,4553.48,2517,3205.07,1936,2457.65,161,200.25,301,386.13,-346,-441.13
688506.SH,20240408,4837,6157.44,4760,6057.68,3429,4371.44,3664,4669.36,1581,2007.75,1274,1620.85,73,94.35,222,283.09,372,489.83
688506.SH,20240403,3790,4671.34,3321,4096.38,2467,3042.15,2299,2832.44,750,923.25,784,965.22,189,234.46,792,977.16,799,995.08
688506.SH,20240402,3543,4233.61,2798,3344.95,1646,1966.02,1570,1874.27,654,780.82,652,778.8,590,701.39,1412,1683.82,1542,1844.08
688506.SH,20240401,2944,3577.87,2908,3542.76,2888,3509.27,3031,3682.4,2574,3130.52,1908,2314.42,833,1006.26,1392,1684.33,-2338,-2837.26
688506.SH,20240329,1554,1940.93,1380,1726.68,1192,1489.64,1280,1599.65,658,823.77,653,815.53,0,0.0,91,112.49,-15,-13.87
688506.SH,20240328,3005,3784.99,3091,3891.58,2083,2623.33,2186,2751.71,1634,2058.08,1217,1532.69,0,0.0,229,290.42,-14,-15.59
688506.SH,20240327,2871,3639.03,3144,3984.25,1839,2331.4,1437,1822.01,1176,1493.44,973,1234.25,119,150.91,452,574.27,479,613.11
688506.SH,20240326,5652,7116.33,5747,7236.49,2047,2576.42,2314,2915.27,839,1058.78,477,599.77,0,0.0,0,0.0,-1749,-2192.39
688506.SH,20240325,8166,10350.82,7815,9910.38,4855,6133.4,5181,6552.1,2241,2824.7,2444,3071.47,465,591.77,287,366.75,-1743,-2140.24
688506.SH,20240322,6017,7698.49,5140,6577.42,5304,6791.51,6224,7968.52,3296,4233.45,3026,3887.69,970,1249.76,1198,1539.58,-2133,-2730.83
688506.SH,20240321,4793,6497.45,6129,8295.12,3566,4840.09,3032,4122.85,1918,2600.36,1760,2388.98,1136,1535.21,492,666.16,-2511,-3392.54
688506.SH,20240320,4724,6606.84,4473,6254.7,3060,4277.49,3859,5397.57,1326,1856.43,790,1104.6,31,43.23,19,27.12,-918,-1272.83
688506.SH,20240319,2796,3863.88,2900,4007.08,2308,3189.55,2674,3702.94,1151,1598.74,1033,1433.5,484,676.32,132,184.97,-1319,-1822.69
688506.SH,20240318,3435,4763.07,3071,4259.41,2462,3412.17,2471,3427.7,1482,2057.69,1711,2371.74,98,135.98,223,310.07,37,52.11
688506.SH,20240315,4213,5779.36,4621,6353.21,5290,7262.52,4244,5827.54,3332,4558.47,3316,4544.31,1328,1818.21,1982,2693.5,2206,3059.27
688506.SH,20240314,6149,8341.29,7452,10090.98,6789,9228.25,7847,10708.05,7135,9759.2,6167,8453.79,4786,6602.98,3392,4678.92,-1269,-1607.94
688506.SH,20240313,5587,6677.0,4749,5684.21,4481,5363.89,4001,4791.24,3025,3616.38,3000,3587.64,705,855.12,2047,2449.32,4537,5422.65
688506.SH,20240312,4313,5032.47,3717,4339.76,2811,3280.03,3279,3823.26,1225,1432.54,1390,1623.42,332,387.78,296,346.39,2101,2464.06
688506.SH,20240311,5344,6194.25,5307,6150.5,3727,4340.12,4798,5597.89,2315,2727.31,1683,1978.37,778,904.01,374,438.93,717,865.82
688506.SH,20240308,5338,5949.76,4659,5188.06,3713,4148.6,4433,4948.01,1545,1721.95,1821,2034.87,484,538.43,166,187.79,-1784,-1999.09
688506.SH,20240307,4743,5233.74,4012,4430.33,3386,3739.08,3399,3752.96,1531,1681.88,2225,2447.82,866,963.61,888,987.21,311,322.23
688506.SH,20240306,2438,2819.19,2899,3349.28,1654,1910.13,1710,1975.62,680,784.76,715,825.7,987,1141.35,435,504.84,-563,-647.35
688506.SH,20240305,3332,3910.37,3223,3780.28,1996,2338.1,1991,2335.4,564,660.42,526,615.94,0,0.0,152,177.27,36,43.74
688506.SH,20240304,5505,6503.71,4607,5449.3,4308,5074.62,3969,4687.11,1596,1877.23,2074,2435.51,104,122.68,862,1006.32,2120,2497.68
688506.SH,20240301,7287,8593.21,7974,9391.54,5973,7039.57,6370,7531.91,2547,3014.46,2288,2703.76,911,1080.61,86,100.63,-1719,-2032.2
688506.SH,20240229,3761,4654.01,4402,5445.9,4586,5667.7,4242,5248.39,1162,1437.77,1027,1265.13,291,357.09,128,157.15,5,14.77
688506.SH,20240228,4880,6115.93,5340,6693.03,5547,6947.76,6660,8348.46,4252,5341.68,3783,4742.99,1736,2174.28,631,795.17,1221,1548.16
688506.SH,20240227,3724,4388.24,3937,4637.12,2847,3355.42,2792,3293.61,804,946.86,671,789.21,131,154.37,106,124.94,735,874.41
688506.SH,20240226,4928,5817.98,4574,5397.95,3665,4329.46,4554,5378.3,2238,2636.49,1921,2262.74,948,1114.01,730,858.96,1503,1817.12
688506.SH,20240223,4235,4788.62,3816,4315.67,2923,3317.39,2906,3293.75,875,997.58,952,1083.73,405,460.46,763,870.89,-1334,-1495.98
688506.SH,20240222,2982,3380.07,2603,2948.8,1395,1578.69,1417,1605.78,551,623.71,974,1105.06,106,121.78,39,44.61,-440,-489.95
688506.SH,20240221,3457,3961.16,3300,3777.33,2168,2468.88,1975,2258.27,636,726.76,1012,1153.36,193,220.78,168,188.63,-729,-818.57
688506.SH,20240220,3090,3602.39,3549,4133.51,2753,3212.95,2981,3481.17,979,1143.01,636,744.31,706,821.09,361,420.47,-511,-579.73
688506.SH,20240219,3073,3579.75,3143,3663.07,2212,2580.14,2051,2396.78,585,684.36,535,621.54,0,0.0,141,162.86,43,47.12
688506.SH,20240208,4023,4699.91,4652,5428.22,3728,4357.06,3603,4212.89,1414,1650.24,1396,1632.67,487,568.89,2,2.33,-455,-517.51
688506.SH,20240207,7346,8698.2,7713,9127.44,6420,7608.84,6844,8115.05,2638,3104.21,2496,2948.1,1100,1318.85,450,539.5,1442,1748.74
688506.SH,20240206,8435,9435.0,7930,8864.41,6099,6870.73,6449,7265.78,2385,2702.72,2836,3231.11,792,929.35,497,576.51,1468,1648.83
688506.SH,20240205,6019,6094.3,7613,7704.98,4628,4701.48,3935,4008.61,2012,2050.12,1091,1114.77,97,99.99,118,117.54,-1628,-1671.79
688506.SH,20240202,4755,5057.98,5447,5795.2,2243,2386.74,1999,2132.59,667,710.37,220,232.38,100,107.66,98,102.58,-1313,-1395.68
688506.SH,20240201,4765,5164.77,4043,4385.18,2803,3029.67,3215,3475.69,737,795.11,849,916.65,187,201.51,385,413.55,1401,1522.29
688506.SH,20240131,4639,5110.17,5054,5565.36,2222,2445.89,1758,1935.82,584,643.09,633,697.98,0,0.0,0,0.0,-407,-403.3
688506.SH,20240130,3903,4441.08,4050,4607.12,1692,1922.66,1879,2135.96,701,794.6,368,415.26,0,0.0,0,0.0,-92,-94.34
688506.SH,20240129,3950,4606.01,4303,5015.14,3248,3784.71,2791,3247.56,210,243.05,766,897.36,453,526.29,0,0.0,-1192,-1374.96
688506.SH,20240126,4774,5638.73,4614,5449.44,3436,4076.48,3634,4312.61,1006,1193.85,1191,1414.62,337,402.62,114,135.01,-642,-753.19
688506.SH,20240125,4590,5332.68,5853,6796.71,3219,3741.47,2606,3034.22,1158,1350.74,777,910.26,742,867.64,473,551.33,-750,-887.4
688506.SH,20240124,3258,3794.06,3332,3880.99,1832,2132.05,2086,2430.68,937,1092.29,652,756.53,293,339.91,250,290.1,536,627.91
688506.SH,20240123,5379,6214.81,6781,7826.7,4848,5603.58,3697,4277.25,1310,1519.19,1071,1241.3,319,366.41,307,358.74,2157,2512.01
688506.SH,20240122,4887,5669.9,5709,6609.36,3687,4279.0,3033,3540.3,956,1108.38,863,994.88,297,345.24,221,257.98,-1603,-1849.6
688506.SH,20240119,3535,4239.79,3442,4132.78,1882,2269.21,1853,2237.1,543,655.84,533,640.99,205,250.44,336,404.41,-194,-233.14
688506.SH,20240118,6918,8129.54,7187,8441.34,4530,5307.14,4036,4739.35,1265,1481.51,1148,1339.63,102,119.22,444,517.07,-1784,-2088.72
688506.SH,20240117,2192,2715.78,2095,2599.54,1311,1621.73,1370,1693.76,492,608.76,631,774.27,100,121.3,0,0.0,-982,-1212.31
688506.SH,20240116,3045,3850.01,3440,4349.38,2065,2608.41,1841,2327.55,693,875.67,686,864.75,538,677.82,374,470.24,148,190.84
688506.SH,20240115,5427,6940.52,6609,8457.88,4952,6344.48,4760,6102.18,1936,2493.21,998,1283.91,246,314.58,194,248.83,265,337.54
688506.SH,20240112,2690,3405.81,2498,3162.49,1371,1738.85,1472,1867.13,542,688.14,547,693.95,0,0.0,87,109.24,50,65.12
688506.SH,20240111,4227,5389.9,4091,5214.86,1797,2289.61,2288,2918.43,665,847.9,362,461.07,53,66.95,0,0.0,455,586.8
688506.SH,20240110,5355,6812.92,5065,6444.0,3097,3942.41,4092,5208.89,1204,1532.43,709,902.18,616,783.84,406,516.53,4,12.6
688506.SH,20240109,9054,11636.7,9951,12793.17,7827,10072.68,8475,10920.91,3826,4916.52,2457,3163.36,1360,1763.22,1183,1511.68,1124,1478.74
688506.SH,20240108,12024,15146.12,10308,12997.72,7497,9421.54,7198,9068.4,4049,5051.46,4975,6212.92,1650,2055.05,2739,3395.12,3675,4623.28
688506.SH,20240105,10997,14436.15,10495,13766.32,6114,8037.14,7092,9320.0,2783,3651.69,3019,3986.82,1917,2514.19,1206,1566.02,-1715,-2277.27
688506.SH,20240104,4324,5908.83,3801,5192.76,2063,2817.8,2744,3750.34,527,720.48,1208,1650.5,1096,1497.22,257,350.73,-443,-602.37
688506.SH,20240103,6857,9443.93,5142,7083.36,3543,4879.78,3963,5460.23,1308,1800.94,2097,2892.07,383,526.94,888,1215.93,1069,1471.9
688506.SH,20240102,5038,7164.25,5245,7458.87,4692,6675.5,4906,6980.64,2945,4193.95,2438,3472.74,1290,1836.49,1376,1957.95,1391,1989.39
688506.SH,20231229,5916,8292.58,5582,7826.46,4775,6686.56,3766,5275.05,1369,1917.42,2324,3250.15,168,234.7,557,779.59,1119,1578.68
688506.SH,20231228,6526,9083.5,5539,7721.71,4759,6628.92,4338,6053.67,2042,2855.24,3368,4689.55,1101,1537.55,1182,1640.28,56,74.34
688506.SH,20231227,4531,6426.5,4859,6887.75,4940,6993.78,4493,6363.53,1974,2793.25,2268,3218.05,1278,1831.5,1104,1575.71,-89,-118.97
688506.SH,20231226,6317,8837.53,8906,12510.5,9048,12693.74,9771,13664.42,7537,10575.56,4743,6666.85,1961,2763.55,1443,2028.61,1099,1565.92
688506.SH,20231225,7794,10281.32,8199,10814.55,7927,10464.5,8944,11816.14,5005,6613.57,3890,5138.95,759,1003.72,452,593.47,2421,3202.26
688506.SH,20231222,8077,10237.89,7172,9085.26,6086,7707.22,6345,8042.14,3360,4249.77,3099,3924.14,286,363.0,1192,1506.34,-905,-1137.83
688506.SH,20231221,6032,7524.61,7888,9864.55,8562,10695.89,9258,11584.87,7975,9988.38,5757,7186.6,1113,1398.3,779,971.16,-2736,-3433.55
688506.SH,20231220,6620,8241.61,6450,8038.27,4488,5593.4,5086,6334.09,2252,2813.06,2100,2617.85,487,602.39,210,260.24,-2738,-3411.22
688506.SH,20231219,6769,8733.24,7095,9171.9,6757,8735.67,5515,7156.4,3665,4744.99,3120,4023.33,749,981.78,2210,2844.06,-717,-892.01
688506.SH,20231218,6999,9231.25,6525,8613.51,6731,8896.54,7223,9542.13,2759,3637.71,3067,4038.26,1001,1315.13,675,886.74,-805,-1055.87
688506.SH,20231215,10044,13676.42,9159,12484.27,11123,15122.99,10647,14463.16,3334,4561.25,3782,5164.03,355,493.49,1267,1742.7,-160,-160.38
688506.SH,20231214,10883,15306.55,11590,16319.08,16804,23681.63,14988,21125.99,7349,10409.61,6770,9541.33,1141,1643.51,2830,4054.89,4528,6406.41
688506.SH,20231213,9330,13959.69,11883,17817.07,19337,29026.97,18577,27963.03,17080,25804.76,13059,19744.14,13753,21229.29,15981,24496.47,-9051,-14332.69
688506.SH,20231212,0,0.0,751,984.09,0,0.0,1409,1847.8,0,0.0,2457,3221.81,5921,7762.88,1304,1709.19,-5921,-7762.88
688506.SH,20231211,12068,13014.35,11712,12628.78,7778,8393.05,8114,8759.79,1734,1877.25,1341,1448.78,278,300.6,691,747.91,-1136,-1213.75
688506.SH,20231208,15332,16570.17,16123,17437.48,11355,12267.63,10539,11397.76,3049,3277.5,3219,3461.43,3865,4162.79,3720,3981.41,-175,-220.34
688506.SH,20231207,10450,11828.12,9263,10477.42,6018,6830.63,6154,6979.14,1951,2202.24,2506,2839.78,396,448.31,892,1012.97,-1404,-1572.37
688506.SH,20231206,8598,10258.54,9338,11164.71,7995,9522.36,7378,8832.21,4538,5440.73,4609,5502.04,1186,1444.35,992,1167.03,-2606,-3110.38
688506.SH,20231205,6620,7805.54,7638,9028.91,6004,7122.07,4997,5936.7,2395,2830.4,2726,3200.71,1005,1192.41,662,784.09,747,840.43
688506.SH,20231204,4760,5367.82,6407,7217.37,4346,4896.05,2885,3251.53,786,886.38,700,792.08,100,110.73,0,0.0,-1683,-1879.89
688506.SH,20231201,3894,4311.8,4116,4560.0,1664,1844.54,1741,1933.06,631,706.43,477,532.69,145,162.97,0,0.0,594,660.41
688506.SH,20231130,3516,3870.99,4327,4765.09,2732,3008.16,2116,2330.79,544,601.06,481,530.79,132,146.47,0,0.0,-917,-1001.89
688506.SH,20231129,5463,6007.93,5861,6443.42,3649,4006.98,3408,3747.28,1757,1932.67,1524,1671.25,246,269.61,322,355.24,-563,-607.62
688506.SH,20231128,4762,5182.52,4866,5298.23,4371,4747.96,4239,4604.63,1638,1781.04,2178,2366.64,707,770.55,194,212.58,-1247,-1358.35
688506.SH,20231127,6370,6961.49,5949,6522.19,5103,5571.74,4420,4834.1,2426,2645.96,2811,3054.73,471,519.57,1190,1287.75,366,403.67
688506.SH,20231124,4676,5176.89,4727,5229.68,5481,6063.87,4714,5227.19,2095,2315.5,2608,2878.08,100,113.0,301,334.31,-947,-1034.1
688506.SH,20231123,4597,5095.18,5019,5562.16,4038,4460.29,3492,3862.22,2249,2482.9,2517,2774.32,227,252.52,84,92.19,-1449,-1572.37
688506.SH,20231122,4990,5326.97,5230,5579.73,3472,3698.25,2978,3169.88,1240,1321.36,1508,1609.72,195,207.15,182,194.4,562,605.7
688506.SH,20231121,4388,4448.05,4172,4225.83,2298,2329.39,2048,2074.19,570,577.67,687,697.43,0,0.0,349,357.66,1125,1167.93
688506.SH,20231120,4716,4721.89,4445,4450.14,3153,3161.74,4199,4191.54,1153,1156.08,1044,1051.02,818,805.76,152,152.76,-292,-274.9
688506.SH,20231117,4524,4448.03,3346,3289.0,2660,2615.53,2540,2496.83,1199,1180.91,2200,2169.1,590,583.66,887,873.2,3423,3368.78
688506.SH,20231116,3360,3175.91,3251,3068.51,1121,1056.24,939,889.16,261,245.81,441,415.87,0,0.0,111,104.42,1112,1059.21
688506.SH,20231115,3751,3536.08,2998,2828.61,1465,1382.11,2104,1983.13,276,261.73,413,390.73,189,180.19,166,157.64,687,645.6
688506.SH,20231114,5419,5010.58,4162,3847.65,979,903.32,1974,1823.93,270,247.85,532,490.17,0,0.0,0,0.0,-668,-608.14
688506.SH,20231113,4308,3941.94,4201,3842.14,1682,1534.81,1710,1562.35,398,363.45,588,536.59,200,181.8,89,80.92,-1483,-1347.28
688506.SH,20231110,5169,4910.2,4527,4306.42,2262,2148.03,2649,2516.5,1083,1034.71,1344,1277.24,168,161.32,160,154.1,1230,1178.05
688506.SH,20231109,3827,3557.67,2952,2741.75,1400,1301.92,1991,1851.02,260,240.85,280,260.45,118,108.99,381,356.21,1164,1093.68
688506.SH,20231108,2927,2747.52,2084,1957.21,1919,1797.08,2347,2199.8,308,290.22,1263,1183.44,541,505.63,0,0.0,1658,1556.51
688506.SH,20231107,2381,2214.49,2495,2319.01,1780,1651.06,1295,1203.09,416,384.36,488,453.68,227,209.9,526,484.02,-56,-49.48
688506.SH,20231106,5142,4793.77,5327,4962.43,3152,2932.0,2718,2533.49,1553,1443.73,1803,1673.58,0,0.0,0,0.0,857,801.29
688506.SH,20231103,2801,2511.93,2810,2519.51,1271,1135.77,762,684.17,434,387.6,713,636.05,0,0.0,221,195.57,213,190.67
688506.SH,20231102,2812,2513.97,2677,2392.29,1014,905.65,1125,1005.97,287,256.74,301,269.01,0,0.0,10,9.09,240,218.2
688506.SH,20231101,3530,3120.55,3083,2730.87,2187,1928.77,2165,1907.39,748,660.79,1217,1071.86,0,0.0,0,0.0,32,31.56
688506.SH,20231031,3948,3511.79,3836,3415.8,2784,2483.07,3235,2894.26,1826,1641.94,1453,1298.38,73,66.54,108,94.91,233,223.66
688506.SH,20231030,6787,5848.76,6089,5244.52,2767,2380.01,3353,2889.24,481,415.7,795,684.4,202,173.68,0,0.0,393,342.14
688506.SH,20231027,6187,5272.1,5520,4702.86,3732,3175.15,4270,3633.62,1098,933.12,1226,1043.89,0,0.0,0,0.0,1047,907.31
688506.SH,20231026,6302,5129.79,5857,4765.99,2866,2325.45,3213,2613.69,971,791.51,1226,994.39,156,127.32,0,0.0,1828,1490.45
688506.SH,20231025,8494,6668.32,7576,5963.07,5769,4533.97,7353,5761.2,2028,1591.02,1664,1313.23,695,558.99,393,314.8,2141,1673.4
688506.SH,20231024,11859,9599.42,10611,8590.28,5263,4255.53,6358,5137.86,2192,1769.44,1769,1433.34,0,0.0,575,462.92,-3651,-2945.24
688506.SH,20231023,8702,7436.54,7998,6825.1,6682,5713.45,7181,6137.29,1734,1480.05,1945,1676.24,147,125.24,141,116.66,-2660,-2244.77
688506.SH,20231020,2560,2347.99,2663,2441.84,1991,1830.1,1633,1498.54,856,782.83,1258,1154.77,282,257.08,135,122.85,1180,1086.66
688506.SH,20231019,2277,2049.91,2367,2130.82,741,666.98,991,892.22,484,434.55,144,128.4,0,0.0,0,0.0,137,125.01
688506.SH,20231018,2024,1837.38,2093,1900.21,721,655.28,877,797.14,352,320.36,127,115.67,0,0.0,0,0.0,-169,-152.48
688506.SH,20231017,3214,2899.27,3448,3105.57,1836,1650.02,1815,1633.88,625,560.49,412,370.32,0,0.0,0,0.0,-606,-531.37
688506.SH,20231016,3731,3417.45,4328,3959.2,2675,2451.49,2466,2261.7,699,638.68,595,544.49,283,257.78,0,0.0,-1623,-1474.05
688506.SH,20231013,2316,2193.9,2236,2115.81,1390,1317.52,1169,1108.05,819,779.07,660,625.29,120,116.11,581,557.46,1015,976.53
688506.SH,20231012,3124,2962.09,3557,3373.91,2562,2442.58,2112,2013.74,921,879.82,386,369.53,167,159.63,721,686.93,478,468.33
688506.SH,20231011,3304,3077.36,3733,3475.46,1591,1482.98,1359,1269.67,660,619.18,548,512.75,195,180.56,111,102.19,-577,-534.57
688506.SH,20231010,2922,2728.51,2470,2308.59,1076,1002.02,902,842.48,346,321.11,205,190.16,0,0.4,767,710.81,1093,1022.29
688506.SH,20231009,4334,4057.44,4057,3797.25,1957,1828.43,1809,1693.14,865,810.64,1100,1026.51,1112,1037.28,1302,1216.9,-399,-360.96
688506.SH,20230928,3889,3716.55,3729,3559.55,2094,1999.63,1689,1614.58,962,916.67,1119,1069.81,276,262.86,684,651.77,226,231.51
688506.SH,20230927,3250,3130.3,3465,3336.62,1624,1561.0,1484,1426.08,976,937.22,586,561.07,540,514.01,855,818.76,493,490.62
688506.SH,20230926,2476,2413.65,2746,2677.29,1982,1932.66,1707,1667.24,924,903.64,1007,983.32,201,198.99,123,121.09,-208,-207.77
688506.SH,20230925,3632,3533.76,3880,3776.24,1499,1459.64,1427,1389.87,472,461.22,296,288.51,0,0.0,0,0.0,-17,-18.72
688506.SH,20230922,2868,2771.34,3473,3359.68,1514,1462.74,1749,1696.31,1197,1166.28,523,503.68,367,359.25,202,199.94,595,578.55
688506.SH,20230921,2790,2635.6,2905,2741.81,1154,1089.03,1238,1169.41,193,181.63,279,262.55,485,455.52,200,188.0,56,53.44
688506.SH,20230920,3169,3028.4,2634,2516.07,1394,1321.89,1848,1759.89,509,482.89,404,381.17,125,116.98,311,293.02,583,570.85
688506.SH,20230919,3127,2975.55,3107,2957.68,1560,1489.5,1425,1357.8,35,33.15,190,182.73,0,0.0,0,0.0,-84,-76.1
688506.SH,20230918,3039,2905.97,3080,2947.79,1912,1824.45,1984,1893.51,566,536.86,874,826.8,421,400.83,0,0.0,-777,-734.62
688506.SH,20230915,3696,3535.85,3847,3678.58,1734,1660.27,1722,1652.15,1212,1162.01,827,793.3,203,196.22,450,430.32,-44,-26.94
688506.SH,20230914,2715,2553.84,2382,2241.3,1594,1500.28,1379,1296.18,517,484.69,1199,1123.87,344,319.83,209,197.29,1316,1246.02
688506.SH,20230913,3971,3692.33,4273,3966.94,2393,2232.5,2256,2106.57,764,714.35,1309,1228.23,1334,1249.38,624,586.82,84,93.65
688506.SH,20230912,3460,3195.4,2696,2487.13,1382,1275.64,1276,1179.15,822,762.22,814,752.03,0,0.0,879,814.96,1503,1395.98
688506.SH,20230911,8887,8191.19,8480,7807.23,5828,5361.19,4631,4268.31,935,855.26,2268,2081.58,0,0.0,271,250.52,2299,2124.66
688506.SH,20230908,4420,3844.05,3363,2921.26,2417,2102.78,2865,2488.78,605,527.72,1328,1161.61,265,230.65,152,133.54,2198,1918.48
688506.SH,20230907,4469,3781.88,3741,3161.53,1444,1217.98,1651,1397.7,301,254.76,766,646.87,153,128.94,210,177.45,987,844.39
688506.SH,20230906,3560,3026.53,3538,3008.23,2544,2154.47,3295,2790.02,1393,1175.51,430,364.11,150,128.78,384,322.94,-128,-107.89
688506.SH,20230905,2554,2245.81,2524,2219.26,1112,976.31,1214,1067.62,1076,944.58,990,867.02,120,106.59,134,119.38,303,268.81
688506.SH,20230904,4420,3829.3,4820,4178.09,3852,3328.0,3784,3266.02,2098,1812.42,1506,1300.5,572,496.91,831,722.03,-1310,-1122.15
688506.SH,20230901,4442,3918.23,3895,3434.95,2923,2570.31,4766,4195.35,1062,936.07,825,727.09,1289,1139.24,231,206.47,590,516.67
688506.SH,20230831,1219,1119.13,1271,1166.44,765,700.43,893,819.2,880,806.74,700,640.67,0,0.0,0,0.0,-92,-83.39
688506.SH,20230830,2471,2317.75,2039,1912.99,2353,2204.67,2010,1888.72,1682,1578.62,1600,1505.68,717,662.65,1574,1456.29,660,616.68
688506.SH,20230829,2856,2583.87,2275,2057.24,1973,1789.4,2223,2017.37,609,561.22,1082,983.29,142,123.41,0,0.0,1523,1402.14
688506.SH,20230828,2226,1998.84,2929,2632.2,2555,2295.17,2628,2365.43,1740,1575.47,1084,977.65,609,547.27,489,441.48,-592,-558.59
688506.SH,20230825,1370,1229.42,2065,1853.72,1670,1500.22,1620,1454.98,857,770.17,212,191.11,0,0.0,0,0.0,-1270,-1139.45
688506.SH,20230824,2652,2396.87,2887,2598.55,2116,1901.46,2481,2242.15,2825,2560.11,1876,1698.86,275,246.41,623,565.29,1921,1737.52
688506.SH,20230823,1308,1132.64,1921,1666.15,1742,1514.59,1937,1684.91,1950,1701.1,1142,997.27,0,0.0,0,0.0,-2242,-1952.83
688506.SH,20230822,2925,2500.16,2766,2362.44,1739,1481.31,1908,1633.66,730,619.51,943,800.28,223,195.41,0,0.0,486,420.29
688506.SH,20230821,2954,2517.05,2410,2051.34,2072,1755.16,1893,1613.49,1309,1110.47,1573,1332.93,0,0.0,459,384.93,717,616.3
688506.SH,20230818,3022,2545.87,2934,2472.33,1446,1220.36,1288,1087.34,331,279.52,591,499.35,118,100.94,104,87.66,351,295.21
688506.SH,20230817,2194,1835.39,3213,2685.68,1313,1098.8,780,653.02,513,428.67,152,127.48,124,103.32,0,0.0,-188,-155.27
688506.SH,20230816,5262,4584.69,4772,4151.61,3933,3423.02,3165,2753.03,2268,1969.01,3224,2796.92,1212,1052.97,1514,1328.13,1471,1312.65
688506.SH,20230815,2185,1847.4,2336,1978.68,1733,1469.41,1155,981.5,858,730.38,725,612.25,295,251.11,855,725.86,602,512.46
688506.SH,20230814,4313,3643.25,4438,3746.77,2961,2504.4,2492,2109.8,636,538.75,705,599.52,9,7.26,283,237.57,-18,-9.12
688506.SH,20230811,1657,1365.96,2010,1657.13,700,576.72,421,347.01,67,54.99,28,23.19,36,29.66,0,0.0,-76,-61.01
688506.SH,20230810,3267,2712.46,2442,2027.27,1588,1317.0,2048,1698.62,143,118.61,249,206.55,200,164.12,460,379.75,-860,-707.6
688506.SH,20230809,4565,3855.69,4257,3601.72,2544,2155.84,3929,3326.69,2126,1805.3,1111,942.24,63,53.83,0,0.0,1380,1173.25
688506.SH,20230808,3235,2626.83,3737,3042.39,2369,1931.72,2519,2052.83,1424,1160.35,773,623.67,0,0.0,0,0.0,-336,-264.95
688506.SH,20230807,5777,4626.52,5750,4621.8,4930,3951.52,4550,3646.74,1618,1297.26,2732,2182.39,840,681.61,132,105.99,-1987,-1598.88
688506.SH,20230804,2558,2190.78,2075,1779.15,1556,1331.79,1726,1475.75,493,421.24,757,646.34,0,0.0,50,42.57,-1016,-866.85
688506.SH,20230803,2641,2330.88,2599,2296.93,2030,1792.81,2195,1941.39,1228,1089.16,1039,915.09,80,70.8,147,130.25,713,628.87
688506.SH,20230802,4160,3536.77,3570,3035.61,3247,2767.15,2476,2110.1,654,554.04,1434,1221.86,319,269.0,900,759.4,-397,-341.48
688506.SH,20230801,3051,2669.35,3863,3394.1,2296,2018.04,2218,1949.55,1665,1464.42,1033,903.36,261,232.4,158,137.21,-1452,-1276.8
688506.SH,20230731,4307,3853.66,5252,4690.87,3849,3433.99,4672,4169.29,2810,2510.55,1475,1321.13,434,383.1,0,0.0,-1284,-1137.32
688506.SH,20230728,3943,3645.35,5376,4973.56,5289,4889.33,5087,4709.51,3786,3487.86,2388,2191.82,1358,1286.28,1525,1433.94,1080,1037.45
688506.SH,20230727,3690,3274.6,3953,3505.03,2779,2469.54,3212,2852.55,2605,2310.74,1601,1422.72,435,384.29,744,658.87,439,405.53
688506.SH,20230726,4374,3789.94,4453,3867.09,3496,3023.3,4795,4150.83,2397,2071.41,1331,1142.15,462,403.11,149,127.69,363,320.13
688506.SH,20230725,3821,3349.52,4835,4237.0,1897,1659.75,3435,3007.17,1915,1685.25,1118,978.21,1885,1639.22,128,111.36,-1861,-1620.36
688506.SH,20230724,8179,7061.9,7536,6515.43,5032,4343.94,6172,5323.72,1809,1563.76,1428,1231.19,116,100.74,0,0.0,3420,2954.33
688506.SH,20230721,11686,9644.03,13236,10904.34,11560,9511.56,8852,7283.9,3253,2682.54,4032,3326.0,1200,986.5,1579,1310.39,-2079,-1703.14
688506.SH,20230720,4927,4353.27,5013,4430.56,3718,3289.0,3928,3478.01,1030,911.8,1491,1319.12,1077,962.21,322,288.59,-1471,-1305.36
688506.SH,20230719,1403,1312.05,1598,1496.5,1703,1589.27,1870,1754.48,1288,1202.51,1110,1042.6,892,832.01,708,642.27,177,141.28
688506.SH,20230718,721,655.35,830,754.6,726,661.67,1274,1163.42,1113,1020.02,553,505.46,417,379.39,321,292.96,440,409.85
688506.SH,20230717,1589,1447.41,1655,1508.58,1032,939.7,1478,1343.61,738,671.04,470,427.51,562,506.69,317,285.15,-833,-749.7
688506.SH,20230714,3304,3006.49,3851,3508.96,2554,2330.34,3120,2846.67,1964,1798.55,751,686.48,1106,1020.31,1206,1113.58,2155,1980.66
688506.SH,20230713,5125,4580.49,4645,4148.35,2376,2121.5,2957,2644.96,691,614.92,748,666.12,158,142.52,0,0.0,190,170.7
688506.SH,20230712,1756,1497.29,2262,1928.09,1692,1441.31,1309,1116.57,829,707.55,706,601.49,0,0.0,0,0.0,-526,-447.08
688506.SH,20230711,4031,3421.54,3062,2600.14,2439,2069.89,3995,3393.42,1275,1081.02,687,578.88,0,0.0,0,0.0,1086,925.35
688506.SH,20230710,4312,3665.18,3874,3285.65,3895,3298.35,4011,3396.48,2247,1910.65,1857,1578.48,158,132.34,870,745.91,-1362,-1122.82
688506.SH,20230707,8356,7391.63,7865,6941.63,5409,4783.26,5160,4574.7,2113,1872.0,3064,2719.93,724,638.29,513,448.92,-1923,-1716.63
688506.SH,20230706,7076,6001.19,8489,7192.13,4646,3933.88,5180,4396.58,2833,2398.14,1762,1496.33,1164,998.13,288,246.32,-3027,-2572.17
688506.SH,20230705,6733,5638.29,7865,6580.97,6405,5352.66,5372,4501.71,2864,2399.19,2405,2009.63,144,121.27,504,419.09,-1824,-1504.54
688506.SH,20230704,7600,6539.92,8129,6992.82,6814,5912.07,7492,6533.07,5135,4587.18,4501,4011.74,1247,1119.55,674,621.09,2530,2338.47
688506.SH,20230703,8136,6419.24,8854,7022.53,8948,7109.91,7109,5666.22,2331,1855.59,3639,2863.53,371,302.83,182,135.29,3918,3041.03
688506.SH,20230630,3079,2253.25,3042,2225.95,1711,1250.16,1451,1060.56,554,408.54,851,625.43,0,0.0,0,0.0,-296,-211.62
688506.SH,20230629,1593,1177.62,1743,1288.05,900,665.11,911,672.56,180,132.82,345,254.48,468,345.38,144,105.84,-669,-492.8
688506.SH,20230628,2770,2063.84,2648,1973.43,483,359.76,769,572.19,288,214.43,124,92.41,0,0.0,0,0.0,216,162.18
688506.SH,20230627,5033,3741.39,5352,3979.48,3160,2355.99,2928,2182.6,1224,916.86,1209,907.63,200,149.36,127,93.9,689,526.73
688506.SH,20230626,3476,2571.16,3568,2638.42,3221,2369.63,2771,2042.48,943,695.66,1181,869.56,0,0.0,119,85.99,-170,-112.22
688506.SH,20230621,5090,3947.02,5264,4082.59,3448,2662.8,3148,2435.96,1054,819.27,1179,910.55,0,0.0,0,0.0,1397,1090.25
688506.SH,20230620,3335,2536.29,3054,2323.9,1423,1082.4,1436,1092.23,408,311.19,812,615.56,164,123.25,29,21.45,758,579.28
688506.SH,20230619,3476,2656.69,3786,2893.08,2585,1974.17,2070,1581.53,794,605.78,999,762.02,0,0.0,0,0.0,544,421.49
688506.SH,20230616,5874,4563.68,6854,5321.92,5594,4344.02,4350,3376.86,1521,1173.29,2562,1974.13,957,732.12,178,140.2,831,660.8
688506.SH,20230615,3129,2290.45,3098,2266.99,1394,1019.93,1502,1099.65,674,495.22,597,438.96,0,0.0,0,0.0,54,41.0
688506.SH,20230614,5531,4027.21,4740,3452.29,3642,2651.98,3748,2727.76,712,515.99,1067,774.3,0,0.0,330,240.82,-644,-462.99
688506.SH,20230613,5062,3818.77,4445,3352.17,2304,1736.64,3479,2622.43,1076,809.47,493,371.08,274,206.24,300,225.45,-2017,-1517.73
688506.SH,20230612,2466,1912.74,2575,1996.59,1289,999.08,1424,1103.69,769,596.39,530,411.45,177,136.01,172,132.49,-851,-655.75
688506.SH,20230609,5576,4366.43,6395,5009.74,5314,4176.47,4713,3702.58,1483,1163.64,1265,994.23,0,0.0,0,0.0,754,595.86
688506.SH,20230608,6773,5079.22,6109,4583.6,4252,3180.74,4487,3357.58,1157,861.14,1434,1067.84,180,137.03,331,249.11,-2533,-1883.2
688506.SH,20230607,6980,5412.36,6438,4993.18,3071,2383.4,3218,2496.07,720,555.84,1115,862.34,0,0.0,0,0.0,139,108.69
688506.SH,20230606,10595,8276.99,9421,7380.4,8115,6324.6,8091,6310.88,2095,1655.0,3238,2525.33,84,66.77,139,106.76,-1859,-1413.52
688506.SH,20230605,3860,3107.42,4583,3687.15,2534,2037.62,2163,1742.08,1458,1172.5,1100,883.15,176,139.92,182,145.08,-473,-377.16
688506.SH,20230602,3992,3228.7,4338,3511.35,2719,2199.12,2472,2000.54,1013,821.27,944,762.27,219,178.98,188,153.9,29,22.17
688506.SH,20230601,8232,6631.72,7323,5898.18,4362,3501.46,4705,3780.43,1374,1104.09,1434,1147.88,0,0.0,506,410.78,382,326.87
688506.SH,20230531,7500,6273.08,6972,5836.43,6443,5393.39,5789,4847.69,1833,1534.3,3192,2672.3,294,251.63,116,95.98,1116,941.83
688506.SH,20230530,7538,6165.93,7295,5977.15,4403,3600.75,4628,3785.88,2056,1681.85,2872,2346.45,1677,1376.99,878,716.05,-1359,-1118.03
688506.SH,20230529,12327,10432.36,10897,9214.97,11975,10150.19,11842,10033.34,5535,4708.58,5870,5004.08,491,422.98,1720,1461.72,-4820,-4078.84
688506.SH,20230526,4532,4269.14,4227,3982.84,3410,3208.83,3060,2876.18,1787,1674.79,2421,2277.55,245,231.26,265,247.45,-1999,-1866.93
688506.SH,20230525,4059,3736.16,3719,3426.64,2575,2372.56,2881,2654.21,747,690.87,871,802.62,93,87.13,4,3.26,-194,-174.65
688506.SH,20230524,5181,4724.11,4597,4189.0,3819,3479.44,4051,3695.3,1104,1013.26,1377,1260.67,0,0.0,79,71.84,-2085,-1893.41
688506.SH,20230523,3494,3319.38,3166,3008.72,2596,2470.02,2903,2761.62,1186,1130.05,1313,1251.23,105,102.12,0,0.0,453,439.11
688506.SH,20230522,2871,2734.49,3083,2937.06,2113,2013.16,2061,1964.81,1075,1026.87,915,872.66,106,101.38,106,101.38,547,528.9
688506.SH,20230519,3565,3395.11,4189,3990.82,2627,2501.45,2395,2282.12,1767,1682.85,1387,1317.77,202,192.12,190,180.82,-1067,-1009.89
688506.SH,20230518,3755,3560.6,3995,3789.2,2565,2432.94,2355,2235.89,1210,1148.51,846,803.71,122,116.12,455,429.37,418,398.08
688506.SH,20230517,4458,4188.48,4104,3859.51,4015,3772.29,4208,3955.22,1234,1159.83,1515,1418.67,120,112.8,0,0.0,-356,-334.67
688506.SH,20230516,7757,7532.74,8433,8195.84,6336,6170.43,5352,5221.22,2307,2245.63,2412,2334.69,402,385.38,604,582.43,-983,-927.64
688506.SH,20230515,6385,6145.36,5770,5551.92,4965,4769.19,4247,4080.85,2359,2262.76,2370,2281.65,0,0.0,1323,1262.88,377,369.73
688506.SH,20230512,9450,9569.08,8480,8603.6,9357,9508.44,8987,9128.32,2870,2925.27,4008,4071.45,764,777.34,967,976.75,-3079,-3113.95
688506.SH,20230511,9350,8946.56,9975,9589.79,11504,11049.45,10824,10418.07,4752,4554.8,5449,5178.02,1414,1373.42,771,738.36,4445,4306.98
688506.SH,20230510,6694,5707.6,6465,5512.6,4247,3622.99,4399,3755.63,1408,1203.84,1513,1289.87,155,131.84,127,108.17,2116,1805.65
688506.SH,20230509,6858,5759.41,6889,5792.03,6110,5135.39,6592,5538.27,2561,2152.5,1905,1598.16,5,4.14,148,122.96,-442,-352.01
688506.SH,20230508,11319,10011.7,10553,9327.8,8908,7876.42,10761,9539.47,4633,4109.55,3115,2754.5,568,492.46,999,868.35,-2415,-2135.98
688506.SH,20230505,3971,3892.21,2993,2940.52,3635,3559.76,3299,3244.66,2255,2195.95,2299,2253.11,459,447.43,1730,1657.07,667,609.66
688506.SH,20230504,4188,4288.81,5441,5571.08,6350,6501.88,5803,5939.01,3208,3279.03,2880,2945.35,1431,1470.58,1054,1084.88,73,108.09
688506.SH,20230428,6883,6934.11,7315,7355.8,8751,8784.02,7965,8007.2,3275,3275.35,3410,3409.26,563,568.07,782,789.28,2324,2404.25
688506.SH,20230427,7700,7443.78,7246,6966.29,7292,7030.17,6600,6381.55,2354,2276.66,3511,3406.42,416,402.33,405,398.67,3838,3745.35
688506.SH,20230426,4890,4413.09,6004,5435.11,6007,5440.7,5096,4608.74,1954,1766.29,1597,1442.83,286,265.59,442,398.99,-58,-37.23
688506.SH,20230425,6114,5543.37,5693,5163.3,6818,6176.37,5946,5391.81,2567,2329.2,3476,3149.17,141,127.16,524,471.82,-607,-539.41
688506.SH,20230424,8106,7663.29,8137,7709.33,8525,8076.59,7581,7188.9,3653,3466.3,4252,4008.85,370,345.64,684,644.74,-896,-832.26
688506.SH,20230421,10124,9762.48,12190,11698.78,14885,14310.95,12547,12009.39,6725,6467.48,6182,6036.0,695,690.66,1509,1487.41,3360,3288.34
688506.SH,20230420,4566,3963.72,4658,4048.84,5376,4673.33,5351,4653.41,1707,1488.9,1640,1423.69,0,0.0,0,0.0,238,221.69
688506.SH,20230419,5730,4903.73,5470,4691.32,8018,6857.17,7102,6074.27,2113,1795.46,3017,2560.99,0,0.0,274,229.79,757,667.76
688506.SH,20230418,6914,5932.52,8631,7434.89,10685,9194.84,8502,7315.97,3435,2978.42,3824,3286.54,416,361.36,493,429.73,267,238.86
688506.SH,20230417,8471,7165.26,8714,7381.2,11055,9356.8,9446,7982.88,3768,3166.2,5277,4455.2,829,698.88,687,567.86,2762,2379.81
688506.SH,20230414,7108,5961.55,9492,7983.86,10713,9004.59,9036,7593.77,4962,4165.59,3872,3227.05,1051,862.55,1434,1189.61,-1431,-1145.64
688506.SH,20230413,7738,6515.61,10071,8520.15,11374,9634.12,12479,10537.62,7188,6097.26,3770,3198.17,882,738.1,863,729.15,1955,1656.38
688506.SH,20230412,7477,5995.21,7167,5750.54,8320,6682.56,6793,5450.27,3250,2606.44,4271,3427.04,0,0.0,816,656.36,-1147,-907.15
688506.SH,20230411,9803,8233.44,10466,8813.82,11234,9478.75,10308,8748.59,4709,4012.89,4624,3897.22,521,451.64,869,717.08,-2262,-1928.03
688506.SH,20230410,6849,5641.83,6875,5699.75,10598,8757.42,10718,8857.02,6621,5522.65,7107,5887.83,1525,1249.5,892,726.8,3096,2521.97
688506.SH,20230407,7786,5848.82,10282,7731.2,9635,7241.37,9928,7468.72,6987,5261.62,4288,3217.73,642,472.26,551,406.43,-508,-353.31
688506.SH,20230406,5698,4000.74,7430,5208.37,7845,5494.29,7818,5482.24,4813,3380.97,2989,2101.09,875,617.09,995,701.4,916,628.91
688506.SH,20230404,4677,2926.44,4573,2874.93,3578,2246.27,3645,2288.25,2179,1376.85,1307,818.17,237,151.99,1145,720.2,208,137.55
688506.SH,20230403,5416,3444.33,4724,3011.75,4062,2589.77,5190,3300.88,2207,1407.34,2377,1512.14,806,508.71,200,125.36,-2491,-1570.21
688506.SH,20230331,4281,2798.61,4715,3085.49,3619,2370.6,3471,2274.85,1967,1290.42,1968,1288.44,778,509.49,490,320.35,-1807,-1178.71
688506.SH,20230330,3256,2218.94,4141,2824.32,3004,2056.94,3320,2276.31,2466,1697.68,1301,898.01,346,238.5,311,213.42,-615,-415.05
688506.SH,20230329,2128,1421.32,2556,1709.66,1718,1150.2,2488,1671.71,1004,674.29,484,325.46,878,593.36,200,132.34,-299,-200.71
688506.SH,20230328,2707,1823.02,2946,1981.84,3443,2312.47,3050,2046.65,1719,1151.77,1486,999.13,0,0.0,388,259.63,-2272,-1513.77
688506.SH,20230327,5884,4100.7,5919,4125.06,3208,2230.86,4230,2948.71,1746,1211.42,952,663.24,673,469.95,410,275.91,-1773,-1242.87
688506.SH,20230324,3791,2608.28,3952,2718.75,3188,2187.62,2627,1803.46,1338,916.32,1345,918.1,156,108.85,549,380.77,-1005,-686.64
688506.SH,20230323,7253,5060.46,6387,4459.55,4696,3276.07,5250,3665.76,3052,2127.1,3179,2207.85,300,210.6,485,341.08,-1909,-1326.58
688506.SH,20230322,4990,3679.45,4622,3401.96,3450,2541.29,3405,2508.98,1220,899.76,1815,1341.91,200,145.6,17,13.26,-2110,-1545.18
688506.SH,20230321,5049,3849.83,5321,4067.92,3331,2546.23,3474,2655.12,2051,1569.11,1527,1160.05,0,0.0,109,82.08,-424,-311.72
688506.SH,20230320,8219,6190.89,7544,5701.54,6622,5007.02,6575,4959.08,1692,1280.05,2414,1817.35,0,0.0,0,0.0,-483,-340.9
688506.SH,20230317,7428,5726.06,6381,4919.37,6616,5098.92,8098,6247.47,5383,4156.42,4278,3295.73,58,45.35,728,564.18,832,660.19
688506.SH,20230316,9184,7406.15,10155,8201.51,10210,8248.07,10058,8118.78,5402,4356.39,5247,4236.96,1871,1520.97,1208,974.33,365,324.0
688506.SH,20230315,9657,7560.52,11873,9313.76,10262,8031.48,8911,7009.32,5423,4243.75,5543,4285.64,1242,974.58,257,201.61,-1289,-976.88
688506.SH,20230314,8830,6379.25,9790,7086.18,10626,7674.34,10159,7366.3,4750,3457.42,4302,3121.45,3108,2380.25,3063,2317.32,770,461.45
688506.SH,20230313,5222,3466.86,5358,3565.15,4319,2893.27,4351,2903.71,1961,1312.87,1394,930.45,225,150.31,623,424.0,518,358.04
688506.SH,20230310,3866,2500.7,3050,1977.91,2140,1386.66,2111,1367.12,873,564.7,1719,1107.04,0,0.0,0,0.0,-70,-47.07
688506.SH,20230309,2554,1689.01,2660,1761.69,1422,940.61,1289,853.57,322,214.19,347,228.56,0,0.0,0,0.0,-230,-149.59
688506.SH,20230308,3105,2056.83,2757,1827.99,1442,956.33,1493,988.96,190,127.24,487,323.45,0,0.0,0,0.0,185,124.0
688506.SH,20230307,2813,1922.41,2525,1729.09,1934,1318.63,2080,1421.05,1230,839.21,1372,930.11,0,0.0,0,0.0,-1494,-1020.94
688506.SH,20230306,3613,2508.21,3822,2653.52,2020,1398.01,2479,1713.81,1438,996.16,1348,937.37,579,402.32,0,0.0,-672,-457.47
688506.SH,20230303,2913,2033.62,3115,2177.3,2401,1676.86,2125,1483.6,786,549.52,1109,773.18,400,279.48,151,105.4,-272,-182.65
688506.SH,20230302,6148,4299.79,7462,5219.62,4774,3336.37,5153,3602.16,1616,1126.3,2130,1485.33,2716,1901.3,509,356.64,-4788,-3337.84
688506.SH,20230301,4491,3211.26,5451,3904.06,3740,2680.3,3564,2558.78,2779,2000.29,2307,1654.5,625,452.7,313,227.22,-2026,-1438.55
688506.SH,20230228,5122,3725.33,6678,4869.14,4788,3495.43,3466,2529.46,1048,767.3,828,598.44,12,8.96,0,0.0,-1819,-1315.62
688506.SH,20230227,3934,2921.65,4983,3698.32,5101,3784.94,3896,2887.15,2451,1816.7,2404,1784.83,502,366.89,704,519.88,-504,-347.51
688506.SH,20230224,6257,4701.74,5944,4467.87,6895,5186.05,5615,4225.09,2129,1605.25,3343,2515.29,0,0.0,378,284.79,716,532.19
688506.SH,20230223,4311,3112.94,4300,3107.82,4523,3261.4,3168,2285.59,592,425.57,1928,1384.51,0,0.0,30,21.99,1630,1185.04
688506.SH,20230222,9241,6652.82,11232,8082.72,12393,8968.33,9337,6756.67,4874,3542.94,5263,3828.58,151,109.13,827,605.26,5460,3976.48
688506.SH,20230221,7008,4811.5,6545,4507.87,3972,2723.38,4112,2824.7,1993,1371.93,2207,1502.02,121,81.2,228,153.43,1212,836.95
688506.SH,20230220,10101,7053.95,9545,6682.01,7530,5275.14,8099,5656.45,3344,2334.16,3331,2324.79,0,0.0,0,0.0,-1574,-1079.03
688506.SH,20230217,11602,8307.19,8359,5991.37,5919,4255.53,8455,6068.1,3487,2504.03,4178,2995.69,136,97.94,152,109.55,-1525,-1087.49
688506.SH,20230216,11136,8231.92,8970,6618.21,11118,8214.09,12954,9586.57,5892,4343.41,5204,3821.69,345,255.46,1363,1018.42,-5764,-4249.08
688506.SH,20230215,6292,4916.99,7580,5923.93,7199,5630.71,6060,4739.74,2752,2145.21,2594,2021.77,0,0.0,10,7.48,-1832,-1422.03
688506.SH,20230214,12615,9995.81,12641,10014.12,9619,7619.25,11192,8885.57,5953,4730.86,5600,4434.58,2458,1937.37,1212,949.02,2104,1695.38
688506.SH,20230213,10827,8268.15,10831,8276.05,8196,6259.83,7806,5966.53,3287,2511.86,3649,2783.44,517,393.72,541,407.54,-2821,-2144.77
688506.SH,20230210,8801,6719.19,7410,5665.78,7017,5358.52,6835,5218.92,2369,1806.83,3824,2907.97,391,301.24,509,393.11,-2309,-1748.84
688506.SH,20230209,10995,8434.95,9059,6962.72,10021,7691.84,9253,7112.03,5647,4335.16,7159,5480.86,229,175.29,1422,1081.63,-1507,-1161.69
688506.SH,20230208,7397,5985.56,8588,6964.98,10346,8378.77,9338,7548.55,6790,5505.59,6264,5065.2,629,496.39,972,787.59,1602,1309.24
688506.SH,20230207,12691,9924.16,13935,10922.41,12364,9702.98,13741,10839.83,8856,7010.08,7576,5946.98,1342,1072.01,0,0.0,-863,-693.08
688506.SH,20230206,14056,10912.39,12502,9734.02,13938,10828.59,13351,10374.44,4578,3554.26,5995,4633.12,178,138.55,900,692.21,2423,1930.92
688506.SH,20230203,13368,10632.34,14324,11413.78,12784,10175.6,14248,11352.17,10037,8002.28,9586,7611.23,3074,2432.73,1104,865.76,-2949,-2330.57
688506.SH,20230202,13340,10797.48,15839,12856.03,17850,14435.85,18819,15238.37,11601,9370.14,7882,6332.07,3001,2430.17,3251,2607.18,639,534.27
688506.SH,20230201,13920,9775.48,15706,11075.72,14106,9821.34,15125,10549.16,10032,7008.68,8566,5918.27,1795,1266.8,456,329.15,7668,5528.91
688506.SH,20230131,11868,7554.97,13655,8715.94,13384,8549.46,12436,7950.43,7962,5105.22,7518,4796.77,912,582.79,517,329.3,57,66.8
688506.SH,20230130,13091,7742.47,13616,8091.77,16423,9633.73,17819,10474.39,13097,7702.77,11892,6933.24,1827,1111.71,1111,691.28,8841,5307.47
688506.SH,20230120,22354,11850.46,16828,8927.79,17645,9358.58,19453,10326.85,6954,3694.27,10683,5657.35,863,457.12,851,448.43,2598,1393.96
688506.SH,20230119,14354,8004.57,13872,7756.38,15781,8810.24,15074,8424.67,8053,4500.85,10011,5576.14,1583,898.77,812,457.24,-2959,-1612.06
688506.SH,20230118,17097,9324.86,17365,9516.93,20797,11413.83,23850,13058.3,14650,8032.62,11146,6098.8,1411,773.76,1593,871.05,-1077,-593.55
688506.SH,20230117,17365,9697.06,17179,9621.66,21909,12285.33,22487,12587.93,14161,7956.13,12925,7246.46,707,391.07,1552,873.54,-5618,-3087.86
688506.SH,20230116,18059,9517.38,20946,11064.41,28651,14993.16,25703,13482.54,16704,8786.08,15812,8289.34,2677,1427.85,3629,1888.18,167,88.98
688506.SH,20230113,20827,9575.36,21968,10079.86,26489,12168.62,21072,9670.67,11089,5069.62,14319,6596.39,964,453.91,2011,920.58,1206,486.45
688506.SH,20230112,27473,11622.62,20556,8708.5,25642,10831.0,28417,12008.44,12870,5428.24,17176,7228.15,2123,892.8,1959,829.57,7187,3033.11
688506.SH,20230111,18887,7658.3,19498,7905.79,24508,9941.8,28807,11666.78,19316,7823.09,15061,6113.16,2684,1085.32,2027,822.78,1281,520.59
688506.SH,20230110,18132,7270.2,21941,8848.52,26910,10825.34,27184,10994.4,25386,10228.25,21346,8558.8,2954,1219.01,2910,1141.09,7473,3187.44
688506.SH,20230109,40587,15150.28,39008,14508.1,58063,21501.15,43851,16218.69,39856,14593.01,44670,16486.57,8178,2930.04,19155,6961.13,17368,6505.42
688506.SH,20230106,48904,15508.5,150704,47560.03,78937,24919.85,53249,16751.49,76527,24038.37,18629,5896.31,18213,5741.11,0,0.0,-21765,-6974.36
