ts_code,trade_date,open,high,low,close,pre_close,change,pct_chg,vol,amount
601128.SH,20251231,7.04,7.06,7.03,7.04,7.05,-0.01,-0.1418,238514.18,168021.24
601128.SH,20251230,7.06,7.07,7.03,7.05,7.06,-0.01,-0.1416,198330.01,139747.803
601128.SH,20251229,7.05,7.07,7.02,7.06,7.06,0.0,0.0,295684.9,208271.126
601128.SH,20251226,7.08,7.09,7.04,7.06,7.08,-0.02,-0.2825,257396.2,181799.029
601128.SH,20251225,7.07,7.1,7.06,7.08,7.07,0.01,0.1414,281946.82,199555.948
601128.SH,20251224,7.14,7.14,7.05,7.07,7.13,-0.06,-0.8415,363223.19,256972.286
601128.SH,20251223,7.16,7.25,7.12,7.13,7.16,-0.03,-0.419,257319.64,184570.27
601128.SH,20251222,7.22,7.24,7.16,7.16,7.24,-0.08,-1.105,259905.66,186732.469
601128.SH,20251219,7.23,7.27,7.18,7.24,7.23,0.01,0.1383,287853.64,207789.844
601128.SH,20251218,7.1,7.26,7.08,7.23,7.11,0.12,1.6878,544803.07,392369.312
601128.SH,20251217,7.09,7.14,7.03,7.11,7.11,0.0,0.0,340847.18,241761.619
601128.SH,20251216,7.04,7.11,7.02,7.11,7.04,0.07,0.9943,393111.78,277877.19
601128.SH,20251215,7.0,7.06,6.99,7.04,7.03,0.01,0.1422,335541.97,235763.287
601128.SH,20251212,7.1,7.11,6.99,7.03,7.1,-0.07,-0.9859,431333.47,303191.302
601128.SH,20251211,7.05,7.11,7.01,7.1,7.04,0.06,0.8523,436086.62,308119.749
601128.SH,20251210,7.12,7.15,6.99,7.04,7.13,-0.09,-1.2623,581604.45,409560.743
601128.SH,20251209,7.13,7.18,7.1,7.13,7.13,0.0,0.0,355448.55,253908.084
601128.SH,20251208,7.11,7.16,7.07,7.13,7.11,0.02,0.2813,369779.82,263237.342
601128.SH,20251205,7.26,7.27,7.09,7.11,7.25,-0.14,-1.931,588399.93,419437.923
601128.SH,20251204,7.3,7.33,7.23,7.25,7.3,-0.05,-0.6849,320643.02,233402.617
601128.SH,20251203,7.25,7.33,7.24,7.3,7.26,0.04,0.551,438717.21,320139.619
601128.SH,20251202,7.25,7.29,7.21,7.26,7.24,0.02,0.2762,256306.61,185728.445
601128.SH,20251201,7.13,7.27,7.13,7.24,7.13,0.11,1.5428,456651.99,329584.321
601128.SH,20251128,7.16,7.17,7.12,7.13,7.16,-0.03,-0.419,239655.4,171221.219
601128.SH,20251127,7.14,7.19,7.1,7.16,7.14,0.02,0.2801,215658.87,154368.14
601128.SH,20251126,7.17,7.2,7.13,7.14,7.14,0.0,0.0,273607.98,196031.09
601128.SH,20251125,7.06,7.18,7.04,7.14,7.05,0.09,1.2766,333235.35,237644.135
601128.SH,20251124,7.01,7.09,6.96,7.05,7.01,0.04,0.5706,361985.41,254601.8
601128.SH,20251121,7.13,7.17,7.0,7.01,7.13,-0.12,-1.683,433025.81,306303.563
601128.SH,20251120,7.1,7.21,7.07,7.13,7.1,0.03,0.4225,347757.91,248835.093
601128.SH,20251119,7.08,7.15,7.07,7.1,7.08,0.02,0.2825,206171.12,146668.532
601128.SH,20251118,7.12,7.15,7.06,7.08,7.12,-0.04,-0.5618,311843.67,221367.237
601128.SH,20251117,7.21,7.23,7.11,7.12,7.23,-0.11,-1.5214,396687.57,283354.365
601128.SH,20251114,7.23,7.3,7.21,7.23,7.23,0.0,0.0,348545.05,253438.739
601128.SH,20251113,7.26,7.28,7.16,7.23,7.25,-0.02,-0.2759,316977.38,228358.072
601128.SH,20251112,7.25,7.32,7.24,7.25,7.25,0.0,0.0,330720.09,240676.339
601128.SH,20251111,7.23,7.26,7.21,7.25,7.25,0.0,0.0,224478.32,162379.181
601128.SH,20251110,7.17,7.27,7.14,7.25,7.18,0.07,0.9749,290875.41,210155.428
601128.SH,20251107,7.24,7.3,7.18,7.18,7.24,-0.06,-0.8287,330226.91,238518.189
601128.SH,20251106,7.17,7.25,7.15,7.24,7.19,0.05,0.6954,384167.17,277373.101
601128.SH,20251105,7.23,7.27,7.16,7.19,7.23,-0.04,-0.5533,442317.75,318193.341
601128.SH,20251104,7.11,7.28,7.08,7.23,7.1,0.13,1.831,917853.3,661497.969
601128.SH,20251103,7.05,7.12,7.0,7.1,7.05,0.05,0.7092,644486.26,455769.812
601128.SH,20251031,7.05,7.09,6.93,7.05,7.04,0.01,0.142,790291.41,552709.387
601128.SH,20251030,6.97,7.24,6.97,7.04,6.92,0.12,1.7341,1123544.69,800532.611
601128.SH,20251029,7.0,7.01,6.88,6.92,7.0,-0.08,-1.1429,433717.75,299833.329
601128.SH,20251028,7.04,7.08,6.95,7.0,7.04,-0.04,-0.5682,382895.19,268450.965
601128.SH,20251027,7.08,7.09,7.01,7.04,7.09,-0.05,-0.7052,405952.67,286021.76
601128.SH,20251024,7.18,7.2,7.08,7.09,7.2,-0.11,-1.5278,339221.89,242145.121
601128.SH,20251023,7.16,7.22,7.12,7.2,7.16,0.04,0.5587,341844.54,245347.064
601128.SH,20251022,7.08,7.16,7.07,7.16,7.08,0.08,1.1299,347350.62,247519.353
601128.SH,20251021,7.09,7.12,7.04,7.08,7.11,-0.03,-0.4219,395242.03,279587.481
601128.SH,20251020,7.12,7.13,6.98,7.11,7.13,-0.02,-0.2805,417316.01,294401.513
601128.SH,20251017,7.11,7.2,7.08,7.13,7.12,0.01,0.1404,417644.93,298516.608
601128.SH,20251016,7.05,7.13,7.02,7.12,7.05,0.07,0.9929,373591.62,264594.882
601128.SH,20251015,7.06,7.08,6.96,7.05,7.07,-0.02,-0.2829,491740.62,345062.322
601128.SH,20251014,6.89,7.07,6.85,7.07,6.9,0.17,2.4638,532398.3,371930.878
601128.SH,20251013,6.83,6.96,6.79,6.9,6.86,0.04,0.5831,448161.03,308040.545
601128.SH,20251010,6.79,6.89,6.78,6.86,6.79,0.07,1.0309,388288.86,266337.971
601128.SH,20251009,6.83,6.86,6.77,6.79,6.84,-0.05,-0.731,465406.7,316894.623
601128.SH,20250930,6.93,6.95,6.81,6.84,6.95,-0.11,-1.5827,483176.55,331243.261
601128.SH,20250929,6.94,6.98,6.88,6.95,6.95,0.0,0.0,454916.95,315165.262
601128.SH,20250926,6.97,6.97,6.86,6.95,6.96,-0.01,-0.1437,506521.19,349964.668
601128.SH,20250925,7.09,7.1,6.95,6.96,7.11,-0.15,-2.1097,415384.22,290321.371
601128.SH,20250924,7.0,7.13,6.95,7.11,7.0,0.11,1.5714,412644.73,291085.084
601128.SH,20250923,6.94,7.03,6.91,7.0,6.95,0.05,0.7194,445426.26,311331.827
601128.SH,20250922,7.05,7.05,6.92,6.95,7.06,-0.11,-1.5581,428556.31,298596.101
601128.SH,20250919,7.0,7.09,6.99,7.06,7.02,0.04,0.5698,398749.32,280982.868
601128.SH,20250918,7.27,7.28,6.98,7.02,7.25,-0.23,-3.1724,937315.94,664361.808
601128.SH,20250917,7.38,7.42,7.25,7.25,7.39,-0.14,-1.8945,651783.51,477323.796
601128.SH,20250916,7.55,7.57,7.36,7.39,7.52,-0.13,-1.7287,450014.28,334690.738
601128.SH,20250915,7.58,7.59,7.51,7.52,7.59,-0.07,-0.9223,271265.79,204526.756
601128.SH,20250912,7.62,7.66,7.56,7.59,7.63,-0.04,-0.5242,304037.98,231573.918
601128.SH,20250911,7.56,7.65,7.5,7.63,7.58,0.05,0.6596,421483.09,319427.343
601128.SH,20250910,7.59,7.6,7.52,7.58,7.61,-0.03,-0.3942,252556.8,190918.987
601128.SH,20250909,7.51,7.62,7.48,7.61,7.52,0.09,1.1968,467739.82,353837.313
601128.SH,20250908,7.42,7.57,7.4,7.52,7.42,0.1,1.3477,431073.47,323696.536
601128.SH,20250905,7.58,7.58,7.47,7.57,7.6,-0.03,-0.3947,381238.59,287095.905
601128.SH,20250904,7.52,7.61,7.41,7.6,7.51,0.09,1.1984,565729.24,425416.698
601128.SH,20250903,7.63,7.63,7.5,7.51,7.62,-0.11,-1.4436,308907.3,233105.305
601128.SH,20250902,7.49,7.65,7.48,7.62,7.51,0.11,1.4647,520063.38,394715.632
601128.SH,20250901,7.53,7.58,7.42,7.51,7.52,-0.01,-0.133,439440.67,329504.614
601128.SH,20250829,7.54,7.66,7.52,7.52,7.54,-0.02,-0.2653,445842.89,338278.099
601128.SH,20250828,7.5,7.59,7.44,7.54,7.51,0.03,0.3995,366202.61,274847.876
601128.SH,20250827,7.67,7.67,7.51,7.51,7.67,-0.16,-2.086,487965.45,369944.913
601128.SH,20250826,7.69,7.71,7.65,7.67,7.68,-0.01,-0.1302,374921.71,288054.04
601128.SH,20250825,7.58,7.69,7.55,7.68,7.6,0.08,1.0526,481159.48,367802.082
601128.SH,20250822,7.68,7.69,7.53,7.6,7.69,-0.09,-1.1704,523109.15,396468.721
601128.SH,20250821,7.66,7.72,7.61,7.69,7.66,0.03,0.3916,348860.5,267460.517
601128.SH,20250820,7.54,7.69,7.52,7.66,7.57,0.09,1.1889,506677.72,386376.987
601128.SH,20250819,7.58,7.6,7.5,7.57,7.59,-0.02,-0.2635,491673.08,370533.144
601128.SH,20250818,7.6,7.66,7.55,7.59,7.62,-0.03,-0.3937,527484.11,401316.373
601128.SH,20250815,7.69,7.7,7.46,7.62,7.66,-0.04,-0.5222,792478.83,598582.383
601128.SH,20250814,7.72,7.78,7.65,7.66,7.72,-0.06,-0.7772,446111.3,343482.217
601128.SH,20250813,7.86,7.88,7.68,7.72,7.88,-0.16,-2.0305,719459.61,558636.798
601128.SH,20250812,7.91,7.99,7.85,7.88,7.91,-0.03,-0.3793,468884.78,370379.716
601128.SH,20250811,7.8,7.94,7.77,7.91,7.8,0.11,1.4103,666247.39,524066.91
601128.SH,20250808,7.87,7.87,7.77,7.8,7.87,-0.07,-0.8895,564213.9,440827.817
601128.SH,20250807,7.72,7.94,7.7,7.87,7.68,0.19,2.474,875184.37,686538.134
601128.SH,20250806,7.65,7.74,7.6,7.68,7.66,0.02,0.2611,469954.98,360352.346
601128.SH,20250805,7.47,7.67,7.45,7.66,7.46,0.2,2.681,598536.7,454991.684
601128.SH,20250804,7.37,7.53,7.36,7.46,7.42,0.04,0.5391,293707.33,219382.66
601128.SH,20250801,7.39,7.47,7.32,7.42,7.39,0.03,0.406,240510.05,178039.62
601128.SH,20250731,7.48,7.5,7.32,7.39,7.48,-0.09,-1.2032,475477.32,350574.316
601128.SH,20250730,7.43,7.57,7.43,7.48,7.45,0.03,0.4027,365911.86,274613.161
601128.SH,20250729,7.59,7.61,7.43,7.45,7.55,-0.1,-1.3245,418787.38,314008.132
601128.SH,20250728,7.62,7.65,7.51,7.55,7.58,-0.03,-0.3958,450897.07,341005.254
601128.SH,20250725,7.38,7.7,7.38,7.58,7.37,0.21,2.8494,896608.34,677973.623
601128.SH,20250724,7.41,7.46,7.35,7.37,7.41,-0.04,-0.5398,427933.48,316121.11
601128.SH,20250723,7.37,7.51,7.36,7.41,7.39,0.02,0.2706,472641.59,352102.78
601128.SH,20250722,7.36,7.42,7.24,7.39,7.32,0.07,0.9563,557076.11,409125.926
601128.SH,20250721,7.42,7.46,7.32,7.32,7.42,-0.1,-1.3477,443011.54,326263.415
601128.SH,20250718,7.4,7.45,7.38,7.42,7.41,0.01,0.135,369805.35,274026.091
601128.SH,20250717,7.41,7.46,7.37,7.41,7.41,0.0,0.0,253769.49,187842.328
601128.SH,20250716,7.5,7.52,7.35,7.41,7.51,-0.1,-1.3316,441910.3,327300.132
601128.SH,20250715,7.6,7.65,7.5,7.51,7.59,-0.08,-1.054,320662.01,241825.425
601128.SH,20250714,7.48,7.64,7.48,7.59,7.49,0.1,1.3351,543278.54,411958.519
601128.SH,20250711,7.68,7.71,7.49,7.49,7.66,-0.17,-2.2193,799484.11,606815.223
601128.SH,20250710,7.59,7.71,7.59,7.66,7.58,0.08,1.0554,531425.97,406978.547
601128.SH,20250709,7.54,7.62,7.52,7.58,7.54,0.04,0.5305,359550.31,272442.259
601128.SH,20250708,7.56,7.61,7.49,7.54,7.56,-0.02,-0.2646,375442.88,282871.059
601128.SH,20250707,7.6,7.63,7.51,7.56,7.6,-0.04,-0.5263,302217.25,228797.48
601128.SH,20250704,7.55,7.69,7.53,7.6,7.55,0.05,0.6623,467490.84,356394.687
601128.SH,20250703,7.53,7.63,7.51,7.55,7.53,0.02,0.2656,238561.52,180365.032
601128.SH,20250702,7.51,7.59,7.5,7.53,7.51,0.02,0.2663,311775.84,235429.588
601128.SH,20250701,7.38,7.53,7.38,7.51,7.37,0.14,1.8996,373089.2,278695.66
601128.SH,20250630,7.44,7.45,7.3,7.37,7.46,-0.09,-1.2064,583670.32,429403.499
601128.SH,20250627,7.64,7.74,7.41,7.46,7.65,-0.19,-2.4837,723523.78,546918.632
601128.SH,20250626,7.56,7.66,7.48,7.65,7.56,0.09,1.1905,626182.86,474981.949
601128.SH,20250625,7.57,7.59,7.45,7.56,7.56,0.0,0.0,527012.68,396414.797
601128.SH,20250624,7.62,7.66,7.48,7.56,7.64,-0.08,-1.0471,641848.64,485473.214
601128.SH,20250623,7.63,7.69,7.54,7.64,7.64,0.0,0.0,436716.9,333288.175
601128.SH,20250620,7.5,7.67,7.44,7.64,7.5,0.14,1.8667,506838.97,384683.009
601128.SH,20250619,7.56,7.59,7.46,7.5,7.56,-0.06,-0.7937,297074.04,222991.294
601128.SH,20250618,7.53,7.59,7.47,7.56,7.53,0.03,0.3984,253172.86,190774.048
601128.SH,20250617,7.5,7.66,7.5,7.53,7.5,0.03,0.4,375337.55,283684.947
601128.SH,20250616,7.4,7.5,7.35,7.5,7.39,0.11,1.4885,329286.06,245070.398
601128.SH,20250613,7.42,7.49,7.36,7.39,7.43,-0.04,-0.5384,449931.53,333565.81
601128.SH,20250612,7.34,7.45,7.31,7.43,7.34,0.09,1.2262,402398.24,297161.04
601128.SH,20250611,7.24,7.37,7.18,7.34,7.25,0.09,1.2414,450776.31,327492.439
601128.SH,20250610,7.27,7.35,7.21,7.25,7.23,0.02,0.2766,435764.44,317278.426
601128.SH,20250609,7.3,7.36,7.1,7.23,7.24,-0.01,-0.1381,546157.51,394184.703
601128.SH,20250606,6.99,7.25,6.99,7.24,6.98,0.26,3.7249,783298.26,559114.573
601128.SH,20250605,7.13,7.19,6.97,6.98,7.05,-0.07,-0.9929,788578.83,557205.439
601128.SH,20250604,8.0,8.03,7.89,8.0,8.0,0.0,0.0,489263.85,389638.152
601128.SH,20250603,7.93,8.04,7.88,8.0,7.92,0.08,1.0101,569481.53,454284.037
601128.SH,20250530,7.92,8.0,7.89,7.92,7.91,0.01,0.1264,562763.42,446672.514
601128.SH,20250529,7.92,7.97,7.88,7.91,7.92,-0.01,-0.1263,417539.55,330620.065
601128.SH,20250528,7.83,7.94,7.8,7.92,7.81,0.11,1.4085,475356.55,374605.54
601128.SH,20250527,7.76,7.89,7.74,7.81,7.75,0.06,0.7742,449338.2,351687.931
601128.SH,20250526,7.8,7.85,7.73,7.75,7.8,-0.05,-0.641,274169.23,213419.743
601128.SH,20250523,7.89,7.96,7.8,7.8,7.9,-0.1,-1.2658,341070.59,268550.498
601128.SH,20250522,7.78,7.91,7.76,7.9,7.78,0.12,1.5424,378504.62,297101.479
601128.SH,20250521,7.71,7.82,7.7,7.78,7.7,0.08,1.039,388859.06,302021.872
601128.SH,20250520,7.71,7.78,7.65,7.7,7.7,0.0,0.0,310401.25,239171.276
601128.SH,20250519,7.7,7.74,7.68,7.7,7.7,0.0,0.0,262051.56,201966.848
601128.SH,20250516,7.72,7.78,7.67,7.7,7.73,-0.03,-0.3881,293599.16,226395.098
601128.SH,20250515,7.75,7.82,7.7,7.73,7.75,-0.02,-0.2581,350809.39,272647.796
601128.SH,20250514,7.77,7.8,7.7,7.75,7.78,-0.03,-0.3856,454984.59,353121.135
601128.SH,20250513,7.55,7.78,7.5,7.78,7.56,0.22,2.9101,618318.15,474364.659
601128.SH,20250512,7.5,7.63,7.47,7.56,7.51,0.05,0.6658,340963.86,258274.764
601128.SH,20250509,7.43,7.55,7.43,7.51,7.45,0.06,0.8054,369138.34,276952.67
601128.SH,20250508,7.3,7.51,7.29,7.45,7.31,0.14,1.9152,429674.27,318131.278
601128.SH,20250507,7.28,7.32,7.25,7.31,7.25,0.06,0.8276,300935.53,219309.92
601128.SH,20250506,7.31,7.32,7.21,7.25,7.26,-0.01,-0.1377,360631.71,261318.859
601128.SH,20250430,7.4,7.4,7.25,7.26,7.4,-0.14,-1.8919,343630.99,251385.352
601128.SH,20250429,7.36,7.46,7.33,7.4,7.37,0.03,0.4071,305176.19,225351.211
601128.SH,20250428,7.26,7.42,7.25,7.37,7.26,0.11,1.5152,416173.57,306749.929
601128.SH,20250425,7.21,7.27,7.18,7.26,7.21,0.05,0.6935,264792.6,191459.998
601128.SH,20250424,7.15,7.22,7.15,7.21,7.15,0.06,0.8392,209550.88,150805.735
601128.SH,20250423,7.2,7.21,7.15,7.15,7.21,-0.06,-0.8322,198211.7,142310.07
601128.SH,20250422,7.15,7.24,7.15,7.21,7.15,0.06,0.8392,255214.57,183820.351
601128.SH,20250421,7.28,7.29,7.15,7.15,7.26,-0.11,-1.5152,395025.6,284585.212
601128.SH,20250418,7.21,7.3,7.2,7.26,7.22,0.04,0.554,254599.29,184803.427
601128.SH,20250417,7.22,7.26,7.17,7.22,7.24,-0.02,-0.2762,200420.85,144588.609
601128.SH,20250416,7.15,7.24,7.14,7.24,7.18,0.06,0.8357,419547.21,302261.913
601128.SH,20250415,6.99,7.18,6.96,7.18,6.9,0.28,4.058,751491.26,534382.595
601128.SH,20250414,6.91,6.93,6.89,6.9,6.9,0.0,0.0,206772.4,142826.772
601128.SH,20250411,6.87,6.91,6.84,6.9,6.89,0.01,0.1451,390658.1,268469.237
601128.SH,20250410,6.9,6.94,6.83,6.89,6.87,0.02,0.2911,297421.79,205210.162
601128.SH,20250409,6.84,6.88,6.76,6.87,6.88,-0.01,-0.1453,298763.52,203932.282
601128.SH,20250408,6.73,6.89,6.73,6.88,6.73,0.15,2.2288,438404.03,298786.316
601128.SH,20250407,6.85,6.91,6.62,6.73,7.06,-0.33,-4.6742,1038595.98,705967.976
601128.SH,20250403,7.05,7.08,7.01,7.06,7.06,0.0,0.0,264717.63,186366.933
601128.SH,20250402,7.02,7.11,7.02,7.06,7.02,0.04,0.5698,333377.21,235829.226
601128.SH,20250401,6.97,7.07,6.96,7.02,6.97,0.05,0.7174,323028.39,226591.127
601128.SH,20250331,6.99,7.12,6.97,6.97,6.96,0.01,0.1437,674844.99,474666.474
601128.SH,20250328,7.1,7.1,6.81,6.96,7.17,-0.21,-2.9289,980811.96,685086.634
601128.SH,20250327,7.26,7.26,7.16,7.17,7.26,-0.09,-1.2397,346624.16,249387.148
601128.SH,20250326,7.31,7.32,7.23,7.26,7.33,-0.07,-0.955,228071.88,165653.017
601128.SH,20250325,7.26,7.34,7.25,7.33,7.28,0.05,0.6868,272145.25,198662.077
601128.SH,20250324,7.24,7.29,7.22,7.28,7.26,0.02,0.2755,238704.03,173181.846
601128.SH,20250321,7.23,7.3,7.21,7.26,7.27,-0.01,-0.1376,255027.31,184797.482
601128.SH,20250320,7.28,7.34,7.24,7.27,7.29,-0.02,-0.2743,250661.65,182607.796
601128.SH,20250319,7.12,7.3,7.1,7.29,7.1,0.19,2.6761,596604.7,430599.452
601128.SH,20250318,7.13,7.16,7.09,7.1,7.12,-0.02,-0.2809,220435.31,156738.994
601128.SH,20250317,7.12,7.21,7.09,7.12,7.12,0.0,0.0,421234.84,301733.845
601128.SH,20250314,7.03,7.12,7.02,7.12,7.04,0.08,1.1364,469255.92,332915.026
601128.SH,20250313,6.94,7.05,6.94,7.04,6.97,0.07,1.0043,398104.24,279233.783
601128.SH,20250312,6.9,7.0,6.86,6.97,6.92,0.05,0.7225,313945.56,217985.533
601128.SH,20250311,6.83,6.93,6.82,6.92,6.87,0.05,0.7278,259555.88,178721.806
601128.SH,20250310,6.92,6.93,6.84,6.87,6.93,-0.06,-0.8658,290074.82,199180.086
601128.SH,20250307,6.98,7.01,6.91,6.93,6.99,-0.06,-0.8584,336413.98,233818.905
601128.SH,20250306,6.97,7.03,6.95,6.99,6.97,0.02,0.2869,441638.18,308589.329
601128.SH,20250305,6.9,6.98,6.85,6.97,6.9,0.07,1.0145,417597.87,289576.903
601128.SH,20250304,6.87,6.95,6.85,6.9,6.88,0.02,0.2907,306111.33,211474.067
601128.SH,20250303,6.85,6.9,6.75,6.88,6.84,0.04,0.5848,451972.56,309106.289
601128.SH,20250228,6.88,6.9,6.83,6.84,6.89,-0.05,-0.7257,367538.62,252167.815
601128.SH,20250227,6.87,6.89,6.82,6.89,6.86,0.03,0.4373,386199.9,264839.867
601128.SH,20250226,6.89,6.93,6.83,6.86,6.89,-0.03,-0.4354,465963.33,320490.165
601128.SH,20250225,6.99,7.0,6.88,6.89,6.99,-0.1,-1.4306,460187.23,319283.742
601128.SH,20250224,7.11,7.12,6.99,6.99,7.1,-0.11,-1.5493,491779.62,345907.27
601128.SH,20250221,7.2,7.21,7.09,7.1,7.2,-0.1,-1.3889,336996.8,240026.849
601128.SH,20250220,7.18,7.21,7.14,7.2,7.18,0.02,0.2786,263557.86,188894.55
601128.SH,20250219,7.26,7.3,7.15,7.18,7.29,-0.11,-1.5089,509241.48,367217.008
601128.SH,20250218,7.18,7.34,7.17,7.29,7.18,0.11,1.532,471200.08,343047.053
601128.SH,20250217,7.27,7.28,7.16,7.18,7.26,-0.08,-1.1019,341196.83,245396.107
601128.SH,20250214,7.31,7.33,7.22,7.26,7.33,-0.07,-0.955,392143.8,284708.793
601128.SH,20250213,7.28,7.39,7.27,7.33,7.29,0.04,0.5487,368819.06,270933.426
601128.SH,20250212,7.29,7.32,7.23,7.29,7.3,-0.01,-0.137,212540.33,154476.942
601128.SH,20250211,7.28,7.39,7.28,7.3,7.28,0.02,0.2747,361064.78,264337.366
601128.SH,20250210,7.32,7.34,7.27,7.28,7.33,-0.05,-0.6821,243808.19,177945.82
601128.SH,20250207,7.34,7.38,7.25,7.33,7.34,-0.01,-0.1362,367932.2,269573.526
601128.SH,20250206,7.31,7.42,7.28,7.34,7.32,0.02,0.2732,339021.8,248616.213
601128.SH,20250205,7.44,7.49,7.31,7.32,7.41,-0.09,-1.2146,335306.87,248088.986
601128.SH,20250127,7.31,7.49,7.31,7.41,7.32,0.09,1.2295,349141.93,259711.464
601128.SH,20250124,7.23,7.34,7.13,7.32,7.26,0.06,0.8264,282947.15,205429.513
601128.SH,20250123,7.18,7.31,7.15,7.26,7.12,0.14,1.9663,295883.33,214248.049
601128.SH,20250122,7.2,7.22,7.12,7.12,7.21,-0.09,-1.2483,234914.91,167896.417
601128.SH,20250121,7.33,7.34,7.19,7.21,7.31,-0.1,-1.368,207913.4,150624.11
601128.SH,20250120,7.29,7.44,7.29,7.31,7.26,0.05,0.6887,279871.28,205774.363
601128.SH,20250117,7.29,7.36,7.25,7.26,7.29,-0.03,-0.4115,204018.5,148822.918
601128.SH,20250116,7.19,7.33,7.15,7.29,7.15,0.14,1.958,360268.5,261733.617
601128.SH,20250115,7.16,7.28,7.13,7.15,7.14,0.01,0.1401,258010.63,185553.577
601128.SH,20250114,7.0,7.17,6.96,7.14,6.97,0.17,2.439,302383.3,214444.194
601128.SH,20250113,7.1,7.13,6.94,6.97,7.15,-0.18,-2.5175,564679.34,396148.733
601128.SH,20250110,7.32,7.35,7.14,7.15,7.33,-0.18,-2.4557,428134.0,308515.652
601128.SH,20250109,7.48,7.49,7.33,7.33,7.45,-0.12,-1.6107,342871.8,253368.467
601128.SH,20250108,7.26,7.51,7.24,7.45,7.26,0.19,2.6171,463064.33,341412.893
601128.SH,20250107,7.28,7.32,7.18,7.26,7.3,-0.04,-0.5479,270293.1,195780.473
601128.SH,20250106,7.18,7.31,7.1,7.3,7.2,0.1,1.3889,295248.1,213148.83
601128.SH,20250103,7.31,7.36,7.18,7.2,7.28,-0.08,-1.0989,411154.8,297497.398
601128.SH,20250102,7.59,7.64,7.26,7.28,7.57,-0.29,-3.8309,523366.05,387071.938
601128.SH,20241231,7.66,7.75,7.56,7.57,7.67,-0.1,-1.3038,458792.26,351215.404
601128.SH,20241230,7.45,7.69,7.43,7.67,7.45,0.22,2.953,528935.37,401159.351
601128.SH,20241227,7.44,7.48,7.31,7.45,7.44,0.01,0.1344,446984.85,331105.396
601128.SH,20241226,7.51,7.52,7.42,7.44,7.52,-0.08,-1.0638,220663.28,164383.022
601128.SH,20241225,7.51,7.58,7.44,7.52,7.53,-0.01,-0.1328,382857.44,287348.347
601128.SH,20241224,7.49,7.59,7.46,7.53,7.5,0.03,0.4,274621.9,207005.254
601128.SH,20241223,7.36,7.56,7.32,7.5,7.34,0.16,2.1798,467953.61,350511.778
601128.SH,20241220,7.38,7.4,7.33,7.34,7.37,-0.03,-0.4071,189120.1,139154.174
601128.SH,20241219,7.37,7.39,7.28,7.37,7.38,-0.01,-0.1355,270015.83,198217.29
601128.SH,20241218,7.4,7.49,7.37,7.38,7.4,-0.02,-0.2703,284866.39,211430.909
601128.SH,20241217,7.4,7.49,7.36,7.4,7.41,-0.01,-0.135,266984.93,198315.722
601128.SH,20241216,7.58,7.64,7.35,7.41,7.6,-0.19,-2.5,650024.38,483871.512
601128.SH,20241213,7.7,7.73,7.58,7.6,7.73,-0.13,-1.6818,281792.16,215104.213
601128.SH,20241212,7.63,7.73,7.61,7.73,7.65,0.08,1.0458,354743.18,272615.704
601128.SH,20241211,7.68,7.74,7.57,7.65,7.69,-0.04,-0.5202,268452.61,204875.269
601128.SH,20241210,7.8,7.85,7.58,7.69,7.69,0.0,0.0,359880.67,277073.742
601128.SH,20241209,7.68,7.83,7.65,7.69,7.7,-0.01,-0.1299,280480.21,216983.796
601128.SH,20241206,7.57,7.71,7.55,7.7,7.58,0.12,1.5831,317803.32,243500.41
601128.SH,20241205,7.51,7.63,7.48,7.58,7.51,0.07,0.9321,203616.35,153995.109
601128.SH,20241204,7.58,7.58,7.45,7.51,7.58,-0.07,-0.9235,230537.62,173445.776
601128.SH,20241203,7.5,7.6,7.48,7.58,7.54,0.04,0.5305,223296.92,168507.43
601128.SH,20241202,7.58,7.61,7.41,7.54,7.61,-0.07,-0.9198,314056.8,235810.443
601128.SH,20241129,7.52,7.67,7.52,7.61,7.5,0.11,1.4667,319272.13,243071.623
601128.SH,20241128,7.51,7.54,7.43,7.5,7.51,-0.01,-0.1332,191442.07,143414.608
601128.SH,20241127,7.45,7.54,7.33,7.51,7.47,0.04,0.5355,217423.5,162186.164
601128.SH,20241126,7.34,7.5,7.26,7.47,7.34,0.13,1.7711,275142.4,203766.191
601128.SH,20241125,7.38,7.47,7.27,7.34,7.38,-0.04,-0.542,263668.4,193936.87
601128.SH,20241122,7.6,7.7,7.37,7.38,7.65,-0.27,-3.5294,343519.94,258148.561
601128.SH,20241121,7.47,7.7,7.45,7.65,7.47,0.18,2.4096,476852.68,362539.474
601128.SH,20241120,7.54,7.7,7.45,7.47,7.57,-0.1,-1.321,441067.89,333265.029
601128.SH,20241119,7.48,7.62,7.29,7.57,7.53,0.04,0.5312,533661.86,401491.429
601128.SH,20241118,7.66,7.76,7.48,7.53,7.56,-0.03,-0.3968,882651.85,672383.319
601128.SH,20241115,7.42,7.65,7.38,7.56,7.45,0.11,1.4765,562599.37,424665.197
601128.SH,20241114,7.39,7.55,7.31,7.45,7.49,-0.04,-0.534,595355.6,444265.034
601128.SH,20241113,7.06,7.49,7.05,7.49,7.08,0.41,5.791,1070107.04,786994.314
601128.SH,20241112,7.1,7.17,7.05,7.08,7.08,0.0,0.0,352665.74,250632.632
601128.SH,20241111,7.13,7.15,7.06,7.08,7.17,-0.09,-1.2552,297352.45,210702.337
601128.SH,20241108,7.24,7.26,7.12,7.17,7.24,-0.07,-0.9669,427891.6,307189.639
601128.SH,20241107,7.07,7.26,7.03,7.24,7.11,0.13,1.8284,549756.71,393839.638
601128.SH,20241106,7.12,7.13,7.05,7.11,7.14,-0.03,-0.4202,306041.1,216834.376
601128.SH,20241105,7.1,7.16,7.04,7.14,7.11,0.03,0.4219,372925.13,265301.613
601128.SH,20241104,6.98,7.11,6.95,7.11,6.98,0.13,1.8625,323790.2,227397.295
601128.SH,20241101,6.92,7.05,6.92,6.98,6.96,0.02,0.2874,328083.94,229316.871
601128.SH,20241031,6.93,7.02,6.87,6.96,6.95,0.01,0.1439,293688.84,203835.369
601128.SH,20241030,7.08,7.14,6.89,6.95,7.1,-0.15,-2.1127,461291.9,322091.119
601128.SH,20241029,7.14,7.33,7.08,7.1,7.09,0.01,0.141,537057.21,385720.641
601128.SH,20241028,7.13,7.16,7.01,7.09,7.13,-0.04,-0.561,413893.6,292739.392
601128.SH,20241025,7.22,7.27,7.12,7.13,7.17,-0.04,-0.5579,442707.38,318084.292
601128.SH,20241024,7.19,7.22,7.14,7.17,7.23,-0.06,-0.8299,204423.02,146678.085
601128.SH,20241023,7.23,7.26,7.18,7.23,7.23,0.0,0.0,303328.83,218651.509
601128.SH,20241022,7.31,7.35,7.15,7.23,7.32,-0.09,-1.2295,360253.08,260106.284
601128.SH,20241021,7.34,7.37,7.23,7.32,7.34,-0.02,-0.2725,319542.03,233357.89
601128.SH,20241018,7.29,7.47,7.12,7.34,7.29,0.05,0.6859,493916.21,360629.97
601128.SH,20241017,7.37,7.44,7.29,7.29,7.37,-0.08,-1.0855,369533.56,271594.509
601128.SH,20241016,7.19,7.42,7.16,7.37,7.25,0.12,1.6552,461935.68,339285.743
601128.SH,20241015,7.45,7.57,7.25,7.25,7.5,-0.25,-3.3333,442584.6,326508.758
601128.SH,20241014,7.39,7.57,7.36,7.5,7.32,0.18,2.459,584567.71,436604.28
601128.SH,20241011,7.43,7.54,7.23,7.32,7.47,-0.15,-2.008,355142.18,262574.245
601128.SH,20241010,7.23,7.62,7.2,7.47,7.23,0.24,3.3195,778501.29,580064.987
601128.SH,20241009,7.34,7.44,7.06,7.23,7.48,-0.25,-3.3422,951888.69,690585.883
601128.SH,20241008,8.01,8.07,7.24,7.48,7.35,0.13,1.7687,1243292.68,947580.053
601128.SH,20240930,7.05,7.43,6.91,7.35,6.96,0.39,5.6034,1010384.94,725436.914
601128.SH,20240927,6.99,7.09,6.82,6.96,6.92,0.04,0.578,396638.33,274901.501
601128.SH,20240926,6.73,6.92,6.65,6.92,6.72,0.2,2.9762,441308.22,299978.6
601128.SH,20240925,6.67,6.92,6.66,6.72,6.65,0.07,1.0526,628436.95,426913.066
601128.SH,20240924,6.27,6.68,6.26,6.65,6.24,0.41,6.5705,730883.64,475241.915
601128.SH,20240923,6.16,6.28,6.15,6.24,6.19,0.05,0.8078,182478.3,113733.798
601128.SH,20240920,6.1,6.21,6.08,6.19,6.1,0.09,1.4754,254191.0,156756.836
601128.SH,20240919,6.11,6.15,6.05,6.1,6.12,-0.02,-0.3268,300831.7,183397.537
601128.SH,20240918,6.15,6.17,6.02,6.12,6.14,-0.02,-0.3257,157478.77,95825.068
601128.SH,20240913,6.27,6.32,6.13,6.14,6.29,-0.15,-2.3847,247083.1,153467.017
601128.SH,20240912,6.15,6.33,6.13,6.29,6.15,0.14,2.2764,333115.8,208815.424
601128.SH,20240911,6.22,6.23,6.13,6.15,6.21,-0.06,-0.9662,260421.29,160581.412
601128.SH,20240910,6.2,6.24,6.17,6.21,6.19,0.02,0.3231,215008.5,133287.644
601128.SH,20240909,6.26,6.27,6.16,6.19,6.27,-0.08,-1.2759,237718.77,147176.128
601128.SH,20240906,6.31,6.37,6.27,6.27,6.32,-0.05,-0.7911,191097.86,120769.013
601128.SH,20240905,6.27,6.33,6.26,6.32,6.28,0.04,0.6369,169674.65,106822.754
601128.SH,20240904,6.35,6.39,6.25,6.28,6.39,-0.11,-1.7214,384794.6,242485.288
601128.SH,20240903,6.58,6.58,6.35,6.39,6.53,-0.14,-2.144,468722.64,300113.27
601128.SH,20240902,6.48,6.63,6.45,6.53,6.46,0.07,1.0836,410334.22,269065.011
601128.SH,20240830,6.45,6.54,6.39,6.46,6.43,0.03,0.4666,378187.55,244962.657
601128.SH,20240829,6.53,6.54,6.38,6.43,6.53,-0.1,-1.5314,380738.79,245186.096
601128.SH,20240828,6.57,6.61,6.49,6.53,6.58,-0.05,-0.7599,290086.28,189706.25
601128.SH,20240827,6.62,6.69,6.57,6.58,6.63,-0.05,-0.7541,351361.56,232382.885
601128.SH,20240826,6.64,6.66,6.54,6.63,6.64,-0.01,-0.1506,310358.04,204441.191
601128.SH,20240823,6.74,6.79,6.61,6.64,6.75,-0.11,-1.6296,449194.9,299811.937
601128.SH,20240822,6.81,6.84,6.71,6.75,6.84,-0.09,-1.3158,392363.45,265638.823
601128.SH,20240821,6.96,6.98,6.79,6.84,6.9,-0.06,-0.8696,456753.64,313421.032
601128.SH,20240820,6.91,6.96,6.84,6.9,6.91,-0.01,-0.1447,290808.53,200260.705
601128.SH,20240819,6.74,6.93,6.73,6.91,6.75,0.16,2.3704,359414.3,247159.578
601128.SH,20240816,6.65,6.77,6.59,6.75,6.6,0.15,2.2727,330458.49,221407.842
601128.SH,20240815,6.53,6.67,6.51,6.6,6.53,0.07,1.072,280583.7,185423.544
601128.SH,20240814,6.7,6.74,6.52,6.53,6.68,-0.15,-2.2455,263736.45,174214.551
601128.SH,20240813,6.64,6.71,6.55,6.68,6.59,0.09,1.3657,276674.05,183971.112
601128.SH,20240812,6.7,6.73,6.56,6.59,6.7,-0.11,-1.6418,411077.4,271615.122
601128.SH,20240809,6.78,6.96,6.66,6.7,6.81,-0.11,-1.6153,573650.47,390082.901
601128.SH,20240808,6.71,6.85,6.46,6.81,6.91,-0.1,-1.4472,792676.31,527143.172
601128.SH,20240807,7.01,7.04,6.84,6.91,7.02,-0.11,-1.567,312123.36,216089.534
601128.SH,20240806,7.04,7.1,6.95,7.02,7.04,-0.02,-0.2841,158992.22,111245.365
601128.SH,20240805,7.11,7.19,7.0,7.04,7.13,-0.09,-1.2623,227918.2,161290.192
601128.SH,20240802,7.16,7.21,7.11,7.13,7.17,-0.04,-0.5579,220294.67,157684.898
601128.SH,20240801,7.25,7.27,7.16,7.17,7.25,-0.08,-1.1034,247234.48,177956.536
601128.SH,20240731,7.19,7.27,7.11,7.25,7.2,0.05,0.6944,234834.77,169459.491
601128.SH,20240730,7.28,7.34,7.15,7.2,7.29,-0.09,-1.2346,206557.19,148787.119
601128.SH,20240729,7.27,7.33,7.2,7.29,7.25,0.04,0.5517,122892.33,89479.355
601128.SH,20240726,7.32,7.35,7.2,7.25,7.32,-0.07,-0.9563,213043.8,154398.71
601128.SH,20240725,7.42,7.5,7.26,7.32,7.45,-0.13,-1.745,248341.83,182264.618
601128.SH,20240724,7.45,7.54,7.41,7.45,7.5,-0.05,-0.6667,197748.17,147729.731
601128.SH,20240723,7.42,7.52,7.42,7.5,7.46,0.04,0.5362,230110.01,172048.183
601128.SH,20240722,7.55,7.57,7.39,7.46,7.57,-0.11,-1.4531,166113.38,123981.313
601128.SH,20240719,7.68,7.69,7.5,7.57,7.68,-0.11,-1.4323,203986.94,154357.243
601128.SH,20240718,7.66,7.7,7.59,7.68,7.68,0.0,0.0,127510.76,97544.316
601128.SH,20240717,7.7,7.73,7.62,7.68,7.72,-0.04,-0.5181,257293.89,197465.967
601128.SH,20240716,7.76,7.83,7.69,7.72,7.76,-0.04,-0.5155,264599.54,205073.492
601128.SH,20240715,7.8,7.81,7.73,7.76,7.81,-0.05,-0.6402,168243.69,130644.553
601128.SH,20240712,7.72,7.87,7.71,7.81,7.75,0.06,0.7742,231670.44,180877.738
601128.SH,20240711,7.8,7.83,7.63,7.75,7.78,-0.03,-0.3856,276213.32,213235.983
601128.SH,20240710,7.91,7.96,7.67,7.78,7.92,-0.14,-1.7677,291175.5,226493.022
601128.SH,20240709,7.65,7.93,7.59,7.92,7.61,0.31,4.0736,331643.06,257751.804
601128.SH,20240708,7.58,7.65,7.49,7.61,7.56,0.05,0.6614,302846.06,229728.987
601128.SH,20240705,7.69,7.7,7.48,7.56,7.64,-0.08,-1.0471,261188.7,197889.904
601128.SH,20240704,7.82,7.87,7.6,7.64,7.87,-0.23,-2.9225,403463.74,311855.673
601128.SH,20240703,7.89,7.97,7.77,7.87,7.92,-0.05,-0.6313,237843.13,186439.644
601128.SH,20240702,7.8,7.93,7.77,7.92,7.84,0.08,1.0204,307438.16,241951.842
601128.SH,20240701,7.57,7.88,7.57,7.84,7.57,0.27,3.5667,292225.71,226799.687
601128.SH,20240628,7.46,7.61,7.35,7.57,7.46,0.11,1.4745,390231.78,293785.831
601128.SH,20240627,7.31,7.56,7.3,7.46,7.33,0.13,1.7735,326083.73,243069.052
601128.SH,20240626,7.3,7.43,7.29,7.33,7.3,0.03,0.411,218877.85,160980.64
601128.SH,20240625,7.24,7.44,7.24,7.3,7.26,0.04,0.551,244280.44,179378.045
601128.SH,20240624,7.33,7.35,7.17,7.26,7.33,-0.07,-0.955,227391.49,164762.572
601128.SH,20240621,7.25,7.36,7.24,7.33,7.26,0.07,0.9642,200904.93,146821.764
601128.SH,20240620,7.32,7.43,7.2,7.26,7.28,-0.02,-0.2747,216706.61,157684.443
601128.SH,20240619,7.29,7.34,7.24,7.28,7.25,0.03,0.4138,190820.63,139093.162
601128.SH,20240618,7.35,7.36,7.21,7.25,7.27,-0.02,-0.2751,178277.35,129645.041
601128.SH,20240617,7.4,7.48,7.23,7.27,7.43,-0.16,-2.1534,263051.2,192419.374
601128.SH,20240614,7.3,7.47,7.28,7.43,7.3,0.13,1.7808,233419.47,172215.719
601128.SH,20240613,7.43,7.44,7.23,7.3,7.41,-0.11,-1.4845,185319.68,135726.25
601128.SH,20240612,7.44,7.45,7.31,7.41,7.41,0.0,0.0,218040.92,160729.214
601128.SH,20240611,7.49,7.53,7.35,7.41,7.53,-0.12,-1.5936,290245.94,215441.572
601128.SH,20240607,7.52,7.57,7.44,7.53,7.49,0.04,0.534,188042.3,141066.705
601128.SH,20240606,7.55,7.56,7.41,7.49,7.52,-0.03,-0.3989,253927.45,190418.875
601128.SH,20240605,7.72,7.73,7.5,7.52,7.69,-0.17,-2.2107,252739.03,191601.763
601128.SH,20240604,7.62,7.72,7.52,7.69,7.59,0.1,1.3175,248057.56,189683.802
601128.SH,20240603,7.83,7.83,7.51,7.59,7.79,-0.2,-2.5674,382657.43,291400.64
601128.SH,20240531,7.68,7.85,7.63,7.79,7.64,0.15,1.9634,335939.75,260767.673
601128.SH,20240530,7.73,7.85,7.6,7.64,7.72,-0.08,-1.0363,297792.7,229763.735
601128.SH,20240529,7.77,7.88,7.67,7.72,7.76,-0.04,-0.5155,287183.14,223468.996
601128.SH,20240528,8.76,8.84,8.69,8.79,8.76,0.03,0.3425,291088.74,255537.515
601128.SH,20240527,8.71,8.83,8.66,8.76,8.67,0.09,1.0381,253933.0,222247.47
601128.SH,20240524,8.75,8.84,8.64,8.67,8.75,-0.08,-0.9143,225457.53,197072.657
601128.SH,20240523,8.76,8.85,8.69,8.75,8.81,-0.06,-0.681,225341.21,197549.276
601128.SH,20240522,8.98,9.05,8.76,8.81,8.93,-0.12,-1.3438,519074.12,459481.843
601128.SH,20240521,8.73,9.01,8.72,8.93,8.82,0.11,1.2472,428809.91,381388.743
601128.SH,20240520,8.86,8.9,8.74,8.82,8.9,-0.08,-0.8989,301849.39,265972.264
601128.SH,20240517,8.8,8.9,8.67,8.9,8.8,0.1,1.1364,312278.29,274477.884
601128.SH,20240516,8.64,8.86,8.58,8.8,8.67,0.13,1.4994,358202.32,313484.757
601128.SH,20240515,8.44,8.78,8.42,8.67,8.46,0.21,2.4823,339740.9,292954.653
601128.SH,20240514,8.38,8.54,8.36,8.46,8.34,0.12,1.4388,333089.79,281899.664
601128.SH,20240513,8.23,8.41,8.15,8.34,8.26,0.08,0.9685,316998.31,262712.242
601128.SH,20240510,8.16,8.3,8.1,8.26,8.17,0.09,1.1016,264942.43,216971.089
601128.SH,20240509,8.12,8.34,8.11,8.17,8.13,0.04,0.492,331678.67,272607.619
601128.SH,20240508,7.92,8.17,7.9,8.13,7.93,0.2,2.5221,469825.41,380018.701
601128.SH,20240507,7.9,7.97,7.83,7.93,7.87,0.06,0.7624,342487.04,270669.935
601128.SH,20240506,7.99,8.08,7.81,7.87,7.95,-0.08,-1.0063,523252.04,414185.824
601128.SH,20240430,7.71,8.15,7.67,7.95,7.5,0.45,6.0,918097.88,729677.887
601128.SH,20240429,7.45,7.56,7.38,7.5,7.46,0.04,0.5362,443813.01,332432.261
601128.SH,20240426,7.5,7.53,7.35,7.46,7.56,-0.1,-1.3228,290144.71,215530.851
601128.SH,20240425,7.46,7.58,7.42,7.56,7.45,0.11,1.4765,193831.67,145255.364
601128.SH,20240424,7.52,7.61,7.38,7.45,7.5,-0.05,-0.6667,285556.82,213069.146
601128.SH,20240423,7.57,7.58,7.46,7.5,7.56,-0.06,-0.7937,201198.29,151138.629
601128.SH,20240422,7.59,7.67,7.46,7.56,7.56,0.0,0.0,195815.22,147965.67
601128.SH,20240419,7.56,7.62,7.52,7.56,7.57,-0.01,-0.1321,191363.28,145045.752
601128.SH,20240418,7.52,7.65,7.48,7.57,7.52,0.05,0.6649,334750.92,253444.856
601128.SH,20240417,7.45,7.55,7.37,7.52,7.45,0.07,0.9396,268339.87,200156.766
601128.SH,20240416,7.53,7.56,7.41,7.45,7.5,-0.05,-0.6667,269895.58,202196.006
601128.SH,20240415,7.33,7.54,7.26,7.5,7.28,0.22,3.022,456384.57,340753.199
601128.SH,20240412,7.31,7.37,7.26,7.28,7.3,-0.02,-0.274,159700.17,116954.112
601128.SH,20240411,7.31,7.33,7.22,7.3,7.32,-0.02,-0.2732,207141.27,150809.76
601128.SH,20240410,7.36,7.42,7.29,7.32,7.38,-0.06,-0.813,188155.38,138234.731
601128.SH,20240409,7.29,7.4,7.27,7.38,7.3,0.08,1.0959,221738.41,163116.314
601128.SH,20240408,7.26,7.34,7.23,7.3,7.29,0.01,0.1372,246130.46,179737.725
601128.SH,20240403,7.33,7.48,7.24,7.29,7.31,-0.02,-0.2736,342393.82,250690.923
601128.SH,20240402,7.18,7.33,7.14,7.31,7.18,0.13,1.8106,438772.67,319548.872
601128.SH,20240401,7.1,7.21,7.1,7.18,7.14,0.04,0.5602,284960.22,203724.354
601128.SH,20240329,7.0,7.14,6.99,7.14,7.03,0.11,1.5647,290638.4,205352.524
601128.SH,20240328,7.1,7.12,7.0,7.03,7.12,-0.09,-1.264,276536.39,195047.631
601128.SH,20240327,7.08,7.19,7.04,7.12,7.09,0.03,0.4231,397492.03,283841.248
601128.SH,20240326,6.93,7.09,6.93,7.09,6.91,0.18,2.6049,473184.81,333112.041
601128.SH,20240325,6.76,6.97,6.76,6.91,6.77,0.14,2.0679,453680.08,312762.324
601128.SH,20240322,6.92,6.92,6.7,6.77,6.94,-0.17,-2.4496,413249.58,280787.849
601128.SH,20240321,6.89,6.95,6.86,6.94,6.88,0.06,0.8721,233674.88,161454.976
601128.SH,20240320,6.83,6.89,6.83,6.88,6.85,0.03,0.438,165923.91,113855.591
601128.SH,20240319,6.85,6.9,6.82,6.85,6.88,-0.03,-0.436,213036.36,145996.996
601128.SH,20240318,6.84,6.88,6.79,6.88,6.84,0.04,0.5848,265388.73,181103.608
601128.SH,20240315,6.81,6.86,6.79,6.84,6.79,0.05,0.7364,232228.21,158702.851
601128.SH,20240314,6.79,6.83,6.77,6.79,6.8,-0.01,-0.1471,163800.81,111421.757
601128.SH,20240313,6.84,6.86,6.75,6.8,6.84,-0.04,-0.5848,275623.56,187272.689
601128.SH,20240312,6.92,6.93,6.82,6.84,6.95,-0.11,-1.5827,433424.79,297395.461
601128.SH,20240311,6.92,6.95,6.84,6.95,6.91,0.04,0.5789,230281.48,158531.132
601128.SH,20240308,6.92,6.96,6.88,6.91,6.91,0.0,0.0,156164.88,107898.743
601128.SH,20240307,6.88,7.0,6.88,6.91,6.89,0.02,0.2903,223660.37,155328.867
601128.SH,20240306,6.95,6.99,6.89,6.89,6.94,-0.05,-0.7205,226004.66,156954.932
601128.SH,20240305,6.86,6.97,6.86,6.94,6.92,0.02,0.289,263739.37,182750.753
601128.SH,20240304,6.92,6.96,6.82,6.92,6.95,-0.03,-0.4317,258580.66,177791.0
601128.SH,20240301,7.02,7.04,6.89,6.95,7.06,-0.11,-1.5581,293568.05,204227.153
601128.SH,20240229,7.0,7.06,6.98,7.06,7.01,0.05,0.7133,229012.24,160689.554
601128.SH,20240228,7.07,7.13,7.01,7.01,7.06,-0.05,-0.7082,231229.08,163440.078
601128.SH,20240227,7.01,7.09,6.99,7.06,7.03,0.03,0.4267,237270.96,166948.682
601128.SH,20240226,7.15,7.15,7.02,7.03,7.15,-0.12,-1.6783,271393.11,191941.601
601128.SH,20240223,7.17,7.24,7.12,7.15,7.18,-0.03,-0.4178,285967.7,204759.641
601128.SH,20240222,7.22,7.28,7.12,7.18,7.22,-0.04,-0.554,312657.3,223912.776
601128.SH,20240221,7.15,7.39,7.12,7.22,7.16,0.06,0.838,343915.72,249983.168
601128.SH,20240220,7.18,7.23,7.11,7.16,7.24,-0.08,-1.105,292185.12,209190.257
601128.SH,20240219,7.3,7.3,7.06,7.24,7.22,0.02,0.277,391166.08,279916.293
601128.SH,20240208,7.24,7.41,7.19,7.22,7.3,-0.08,-1.0959,616090.99,450847.978
601128.SH,20240207,7.04,7.3,7.03,7.3,7.08,0.22,3.1073,678107.85,488693.318
601128.SH,20240206,6.89,7.1,6.85,7.08,6.91,0.17,2.4602,342503.92,240415.839
601128.SH,20240205,6.82,6.99,6.76,6.91,6.82,0.09,1.3196,409444.5,281236.902
601128.SH,20240202,6.85,6.9,6.69,6.82,6.85,-0.03,-0.438,280573.36,191562.577
601128.SH,20240201,6.85,6.96,6.81,6.85,6.87,-0.02,-0.2911,245925.97,168868.51
601128.SH,20240131,6.87,6.99,6.8,6.87,6.91,-0.04,-0.5789,266725.82,184060.496
601128.SH,20240130,6.93,7.04,6.85,6.91,6.95,-0.04,-0.5755,237319.85,165035.919
601128.SH,20240129,6.97,7.05,6.93,6.95,6.95,0.0,0.0,324363.0,226899.308
601128.SH,20240126,6.83,7.0,6.81,6.95,6.8,0.15,2.2059,343854.65,238412.54
601128.SH,20240125,6.77,6.86,6.73,6.8,6.77,0.03,0.4431,237196.46,160855.965
601128.SH,20240124,6.69,6.81,6.6,6.77,6.67,0.1,1.4993,237629.0,159384.292
601128.SH,20240123,6.58,6.72,6.52,6.67,6.61,0.06,0.9077,208711.24,138463.003
601128.SH,20240122,6.72,6.76,6.55,6.61,6.73,-0.12,-1.7831,249006.0,166227.021
601128.SH,20240119,6.73,6.8,6.68,6.73,6.76,-0.03,-0.4438,170686.42,115214.041
601128.SH,20240118,6.73,6.78,6.59,6.76,6.77,-0.01,-0.1477,339774.99,226906.109
601128.SH,20240117,6.8,6.89,6.77,6.77,6.79,-0.02,-0.2946,305104.03,208849.848
601128.SH,20240116,6.72,6.8,6.69,6.79,6.72,0.07,1.0417,239243.01,161868.492
601128.SH,20240115,6.72,6.75,6.64,6.72,6.7,0.02,0.2985,182657.4,122502.622
601128.SH,20240112,6.56,6.74,6.54,6.7,6.55,0.15,2.2901,297147.58,198531.558
601128.SH,20240111,6.46,6.6,6.44,6.55,6.48,0.07,1.0802,246432.14,161231.508
601128.SH,20240110,6.4,6.52,6.39,6.48,6.42,0.06,0.9346,279505.52,180550.508
601128.SH,20240109,6.33,6.45,6.28,6.42,6.35,0.07,1.1024,216627.63,138191.568
601128.SH,20240108,6.41,6.41,6.28,6.35,6.4,-0.05,-0.7813,261107.38,165802.859
601128.SH,20240105,6.28,6.49,6.25,6.4,6.28,0.12,1.9108,362952.89,232283.598
601128.SH,20240104,6.3,6.33,6.25,6.28,6.31,-0.03,-0.4754,211247.31,132827.679
601128.SH,20240103,6.35,6.37,6.26,6.31,6.34,-0.03,-0.4732,206779.0,130578.082
601128.SH,20240102,6.37,6.41,6.33,6.34,6.39,-0.05,-0.7825,237908.0,151740.735
601128.SH,20231229,6.41,6.45,6.33,6.39,6.42,-0.03,-0.4673,221746.63,141509.002
601128.SH,20231228,6.32,6.44,6.31,6.42,6.31,0.11,1.7433,210066.05,134141.939
601128.SH,20231227,6.3,6.34,6.24,6.31,6.32,-0.01,-0.1582,198681.2,124936.57
601128.SH,20231226,6.37,6.4,6.31,6.32,6.37,-0.05,-0.7849,96373.99,61143.061
601128.SH,20231225,6.43,6.44,6.33,6.37,6.44,-0.07,-1.087,126476.04,80661.992
601128.SH,20231222,6.49,6.53,6.41,6.44,6.49,-0.05,-0.7704,169684.56,109526.964
601128.SH,20231221,6.48,6.53,6.39,6.49,6.48,0.01,0.1543,164772.29,106374.374
601128.SH,20231220,6.53,6.55,6.46,6.48,6.52,-0.04,-0.6135,142890.91,93063.039
601128.SH,20231219,6.6,6.62,6.45,6.52,6.6,-0.08,-1.2121,289309.99,188077.728
601128.SH,20231218,6.66,6.68,6.56,6.6,6.67,-0.07,-1.0495,178020.95,117956.473
601128.SH,20231215,6.73,6.76,6.66,6.67,6.74,-0.07,-1.0386,137225.61,91941.243
601128.SH,20231214,6.79,6.8,6.73,6.74,6.76,-0.02,-0.2959,105268.17,71169.955
601128.SH,20231213,6.83,6.84,6.76,6.76,6.83,-0.07,-1.0249,116331.0,79044.052
601128.SH,20231212,6.77,6.84,6.76,6.83,6.8,0.03,0.4412,96088.58,65440.504
601128.SH,20231211,6.71,6.82,6.65,6.8,6.74,0.06,0.8902,179235.45,120691.584
601128.SH,20231208,6.75,6.8,6.69,6.74,6.75,-0.01,-0.1481,215522.02,145454.165
601128.SH,20231207,6.71,6.77,6.67,6.75,6.71,0.04,0.5961,159340.3,107138.604
601128.SH,20231206,6.71,6.75,6.62,6.71,6.71,0.0,0.0,138423.59,92801.217
601128.SH,20231205,6.76,6.78,6.7,6.71,6.76,-0.05,-0.7396,121256.58,81788.803
601128.SH,20231204,6.84,6.85,6.74,6.76,6.84,-0.08,-1.1696,177406.86,120025.427
601128.SH,20231201,6.79,6.84,6.78,6.84,6.78,0.06,0.885,154096.94,105005.414
601128.SH,20231130,6.78,6.82,6.74,6.78,6.76,0.02,0.2959,171006.11,116098.363
601128.SH,20231129,6.85,6.86,6.73,6.76,6.85,-0.09,-1.3139,196590.96,133052.218
601128.SH,20231128,6.92,6.93,6.84,6.85,6.92,-0.07,-1.0116,195191.13,134222.404
601128.SH,20231127,6.98,7.01,6.88,6.92,6.98,-0.06,-0.8596,224095.75,154978.99
601128.SH,20231124,6.94,6.99,6.92,6.98,6.94,0.04,0.5764,175757.79,122441.858
601128.SH,20231123,6.89,6.96,6.86,6.94,6.88,0.06,0.8721,222637.76,154418.078
601128.SH,20231122,6.9,6.95,6.87,6.88,6.91,-0.03,-0.4342,172872.3,119329.277
601128.SH,20231121,6.94,6.99,6.9,6.91,6.96,-0.05,-0.7184,225892.67,156937.257
601128.SH,20231120,6.91,6.98,6.89,6.96,6.9,0.06,0.8696,135272.24,93935.77
601128.SH,20231117,6.93,6.95,6.88,6.9,6.95,-0.05,-0.7194,196068.83,135395.297
601128.SH,20231116,6.95,6.98,6.93,6.95,6.98,-0.03,-0.4298,135568.46,94338.988
601128.SH,20231115,7.02,7.03,6.95,6.98,7.0,-0.02,-0.2857,212559.73,148363.119
601128.SH,20231114,6.96,7.04,6.92,7.0,6.99,0.01,0.1431,257766.05,179915.047
601128.SH,20231113,7.04,7.05,6.95,6.99,7.04,-0.05,-0.7102,285666.69,199250.747
601128.SH,20231110,7.11,7.17,7.01,7.04,7.13,-0.09,-1.2623,266409.95,188192.259
601128.SH,20231109,7.11,7.17,7.08,7.13,7.11,0.02,0.2813,259816.59,185131.036
601128.SH,20231108,7.16,7.19,7.04,7.11,7.18,-0.07,-0.9749,308625.88,219426.238
601128.SH,20231107,7.21,7.23,7.16,7.18,7.21,-0.03,-0.4161,203022.5,145785.853
601128.SH,20231106,7.29,7.32,7.2,7.21,7.26,-0.05,-0.6887,268706.77,194513.232
601128.SH,20231103,7.36,7.38,7.26,7.26,7.34,-0.08,-1.0899,230452.01,167922.759
601128.SH,20231102,7.42,7.51,7.33,7.34,7.42,-0.08,-1.0782,179786.45,133285.992
601128.SH,20231101,7.4,7.43,7.36,7.42,7.36,0.06,0.8152,138296.62,102369.729
601128.SH,20231031,7.36,7.41,7.3,7.36,7.36,0.0,0.0,147429.61,108562.971
601128.SH,20231030,7.5,7.5,7.25,7.36,7.5,-0.14,-1.8667,309493.22,227525.336
601128.SH,20231027,7.39,7.58,7.39,7.5,7.37,0.13,1.7639,330545.05,247538.611
601128.SH,20231026,7.22,7.4,7.21,7.37,7.26,0.11,1.5152,172089.55,126466.115
601128.SH,20231025,7.28,7.33,7.11,7.26,7.13,0.13,1.8233,205704.21,148947.934
601128.SH,20231024,7.15,7.18,7.07,7.13,7.13,0.0,0.0,186517.0,132773.678
601128.SH,20231023,7.3,7.36,7.08,7.13,7.35,-0.22,-2.9932,226802.52,163437.821
601128.SH,20231020,7.32,7.36,7.23,7.35,7.32,0.03,0.4098,115100.51,84226.818
601128.SH,20231019,7.38,7.4,7.28,7.32,7.4,-0.08,-1.0811,142052.25,104240.973
601128.SH,20231018,7.38,7.45,7.36,7.4,7.4,0.0,0.0,111153.91,82180.59
601128.SH,20231017,7.4,7.43,7.38,7.4,7.41,-0.01,-0.135,77186.0,57170.575
601128.SH,20231016,7.42,7.46,7.35,7.41,7.47,-0.06,-0.8032,182936.98,135558.597
601128.SH,20231013,7.39,7.48,7.33,7.47,7.43,0.04,0.5384,215714.93,160354.562
601128.SH,20231012,7.39,7.49,7.34,7.43,7.3,0.13,1.7808,192272.49,142798.419
601128.SH,20231011,7.39,7.5,7.3,7.3,7.37,-0.07,-0.9498,174198.2,128087.351
601128.SH,20231010,7.33,7.4,7.29,7.37,7.34,0.03,0.4087,147217.38,108344.568
601128.SH,20231009,7.32,7.38,7.25,7.34,7.32,0.02,0.2732,176462.81,129516.595
601128.SH,20230928,7.36,7.39,7.31,7.32,7.32,0.0,0.0,180950.0,132877.83
601128.SH,20230927,7.46,7.46,7.31,7.32,7.4,-0.08,-1.0811,247679.37,182223.7
601128.SH,20230926,7.42,7.52,7.37,7.4,7.43,-0.03,-0.4038,183517.0,136030.26
601128.SH,20230925,7.41,7.5,7.39,7.43,7.44,-0.01,-0.1344,274035.37,204266.717
601128.SH,20230922,7.49,7.5,7.33,7.44,7.46,-0.02,-0.2681,265818.91,196602.505
601128.SH,20230921,7.6,7.61,7.44,7.46,7.58,-0.12,-1.5831,199062.7,148912.569
601128.SH,20230920,7.53,7.62,7.48,7.58,7.53,0.05,0.664,227370.0,172245.187
601128.SH,20230919,7.44,7.58,7.44,7.53,7.47,0.06,0.8032,241754.46,182082.717
601128.SH,20230918,7.38,7.51,7.31,7.47,7.36,0.11,1.4946,295146.8,218842.788
601128.SH,20230915,7.3,7.4,7.27,7.36,7.28,0.08,1.0989,257368.53,189249.594
601128.SH,20230914,7.19,7.33,7.18,7.28,7.19,0.09,1.2517,214499.72,156338.676
601128.SH,20230913,7.17,7.26,7.13,7.19,7.16,0.03,0.419,170403.0,122799.404
601128.SH,20230912,7.16,7.2,7.12,7.16,7.16,0.0,0.0,174529.3,125084.04
601128.SH,20230911,7.21,7.25,7.15,7.16,7.2,-0.04,-0.5556,173359.0,124528.453
601128.SH,20230908,7.24,7.29,7.19,7.2,7.23,-0.03,-0.4149,76802.85,55460.87
601128.SH,20230907,7.18,7.34,7.17,7.23,7.19,0.04,0.5563,172936.66,125830.128
601128.SH,20230906,7.18,7.24,7.16,7.19,7.2,-0.01,-0.1389,79179.0,57081.809
601128.SH,20230905,7.25,7.27,7.16,7.2,7.27,-0.07,-0.9629,102547.23,73782.048
601128.SH,20230904,7.2,7.35,7.18,7.27,7.2,0.07,0.9722,231600.63,168940.72
601128.SH,20230901,7.07,7.25,7.07,7.2,7.09,0.11,1.5515,212643.03,153061.224
601128.SH,20230831,7.09,7.21,7.07,7.09,7.1,-0.01,-0.1408,207311.29,147753.904
601128.SH,20230830,7.26,7.27,7.09,7.1,7.32,-0.22,-3.0055,319179.79,228182.671
601128.SH,20230829,7.42,7.42,7.15,7.32,7.42,-0.1,-1.3477,349673.44,254174.19
601128.SH,20230828,7.78,7.82,7.4,7.42,7.35,0.07,0.9524,500064.36,374734.266
601128.SH,20230825,7.16,7.38,7.13,7.35,7.15,0.2,2.7972,395190.51,288933.313
601128.SH,20230824,7.18,7.23,7.09,7.15,7.19,-0.04,-0.5563,179471.32,128293.851
601128.SH,20230823,7.17,7.29,7.16,7.19,7.19,0.0,0.0,150873.37,109216.277
601128.SH,20230822,7.16,7.22,7.12,7.19,7.18,0.01,0.1393,176980.24,126878.593
601128.SH,20230821,7.33,7.35,7.16,7.18,7.33,-0.15,-2.0464,245980.84,177787.657
601128.SH,20230818,7.19,7.41,7.17,7.33,7.17,0.16,2.2315,447290.52,328437.239
601128.SH,20230817,7.2,7.2,7.11,7.17,7.21,-0.04,-0.5548,161657.07,115675.36
601128.SH,20230816,7.17,7.25,7.12,7.21,7.2,0.01,0.1389,176208.35,126889.242
601128.SH,20230815,7.07,7.24,7.06,7.2,7.05,0.15,2.1277,295188.08,211771.91
601128.SH,20230814,7.06,7.12,7.02,7.05,7.1,-0.05,-0.7042,154331.69,108793.252
601128.SH,20230811,7.17,7.23,7.09,7.1,7.19,-0.09,-1.2517,152399.25,108787.613
601128.SH,20230810,7.17,7.21,7.15,7.19,7.2,-0.01,-0.1389,91943.11,66033.828
601128.SH,20230809,7.11,7.23,7.11,7.2,7.14,0.06,0.8403,123283.02,88614.111
601128.SH,20230808,7.16,7.17,7.1,7.14,7.16,-0.02,-0.2793,107315.91,76578.727
601128.SH,20230807,7.23,7.23,7.13,7.16,7.23,-0.07,-0.9682,125190.22,89709.656
601128.SH,20230804,7.24,7.32,7.19,7.23,7.21,0.02,0.2774,223968.18,162461.587
601128.SH,20230803,7.1,7.22,7.06,7.21,7.12,0.09,1.264,239342.48,171332.894
601128.SH,20230802,7.13,7.14,7.03,7.12,7.14,-0.02,-0.2801,246431.48,174576.585
601128.SH,20230801,7.17,7.23,7.11,7.14,7.18,-0.04,-0.5571,221899.63,158808.108
601128.SH,20230731,7.1,7.2,7.09,7.18,7.08,0.1,1.4124,420000.72,300204.174
601128.SH,20230728,6.85,7.12,6.84,7.08,6.88,0.2,2.907,464619.71,327049.147
601128.SH,20230727,6.85,6.92,6.83,6.88,6.85,0.03,0.438,154224.07,106248.949
601128.SH,20230726,6.84,6.87,6.82,6.85,6.84,0.01,0.1462,134840.94,92301.468
601128.SH,20230725,6.77,6.85,6.76,6.84,6.73,0.11,1.6345,264737.23,180603.011
601128.SH,20230724,6.8,6.8,6.7,6.73,6.81,-0.08,-1.1747,172076.99,116053.507
601128.SH,20230721,6.81,6.83,6.78,6.81,6.81,0.0,0.0,102783.83,69987.453
601128.SH,20230720,6.85,6.85,6.8,6.81,6.82,-0.01,-0.1466,71386.0,48747.029
601128.SH,20230719,6.76,6.84,6.75,6.82,6.77,0.05,0.7386,114750.01,78130.556
601128.SH,20230718,6.78,6.79,6.73,6.77,6.78,-0.01,-0.1475,68844.95,46484.711
601128.SH,20230717,6.79,6.81,6.72,6.78,6.8,-0.02,-0.2941,99001.5,66940.462
601128.SH,20230714,6.82,6.84,6.79,6.8,6.82,-0.02,-0.2933,66547.0,45317.822
601128.SH,20230713,6.81,6.84,6.8,6.82,6.78,0.04,0.59,103841.73,70881.272
601128.SH,20230712,6.8,6.85,6.78,6.78,6.82,-0.04,-0.5865,123241.17,83853.076
601128.SH,20230711,6.8,6.85,6.74,6.82,6.79,0.03,0.4418,215776.06,146441.268
601128.SH,20230710,6.85,6.87,6.73,6.79,6.85,-0.06,-0.8759,228168.78,154724.266
601128.SH,20230707,6.79,6.86,6.78,6.85,6.79,0.06,0.8837,168412.0,115131.737
601128.SH,20230706,6.81,6.84,6.77,6.79,6.81,-0.02,-0.2937,125470.26,85285.071
601128.SH,20230705,6.82,6.83,6.78,6.81,6.83,-0.02,-0.2928,74453.17,50648.467
601128.SH,20230704,6.93,6.93,6.8,6.83,6.92,-0.09,-1.3006,146944.26,100530.174
601128.SH,20230703,6.81,6.95,6.8,6.92,6.82,0.1,1.4663,233083.02,160747.025
601128.SH,20230630,6.69,6.87,6.68,6.82,6.7,0.12,1.791,207295.46,141244.782
601128.SH,20230629,6.73,6.73,6.65,6.7,6.73,-0.03,-0.4458,105775.01,70715.635
601128.SH,20230628,6.71,6.75,6.69,6.73,6.72,0.01,0.1488,84287.9,56604.361
601128.SH,20230627,6.65,6.75,6.6,6.72,6.63,0.09,1.3575,145911.46,97735.695
601128.SH,20230626,6.69,6.69,6.59,6.63,6.7,-0.07,-1.0448,187076.58,123907.282
601128.SH,20230621,6.77,6.81,6.7,6.7,6.77,-0.07,-1.034,182998.32,123215.146
601128.SH,20230620,6.75,6.84,6.71,6.77,6.76,0.01,0.1479,193493.3,131279.423
601128.SH,20230619,6.86,6.87,6.72,6.76,6.86,-0.1,-1.4577,264727.02,179006.201
601128.SH,20230616,6.91,6.95,6.8,6.86,6.91,-0.05,-0.7236,301609.6,206482.231
601128.SH,20230615,6.94,6.98,6.88,6.91,6.91,0.0,0.0,176735.0,122126.781
601128.SH,20230614,7.06,7.06,6.89,6.91,7.04,-0.13,-1.8466,188342.39,130932.641
601128.SH,20230613,6.97,7.08,6.97,7.04,6.99,0.05,0.7153,116773.38,82266.138
601128.SH,20230612,6.97,7.0,6.92,6.99,6.97,0.02,0.2869,121362.84,84565.21
601128.SH,20230609,6.99,7.02,6.94,6.97,7.01,-0.04,-0.5706,174681.36,121898.772
601128.SH,20230608,6.86,7.03,6.83,7.01,6.82,0.19,2.7859,308696.29,214365.344
601128.SH,20230607,6.81,6.88,6.8,6.82,6.83,-0.01,-0.1464,120334.6,82190.785
601128.SH,20230606,6.89,6.92,6.8,6.83,6.88,-0.05,-0.7267,198029.09,135900.319
601128.SH,20230605,6.84,6.93,6.81,6.88,6.8,0.08,1.1765,259103.36,178491.914
601128.SH,20230602,7.01,7.08,7.0,7.05,7.03,0.02,0.2845,301862.45,212725.22
601128.SH,20230601,7.08,7.13,7.01,7.03,7.09,-0.06,-0.8463,269206.11,189961.048
601128.SH,20230531,7.16,7.2,7.08,7.09,7.2,-0.11,-1.5278,164749.51,117213.694
601128.SH,20230530,7.21,7.23,7.08,7.2,7.23,-0.03,-0.4149,207478.04,148389.15
601128.SH,20230529,7.22,7.27,7.17,7.23,7.2,0.03,0.4167,196832.43,142203.353
601128.SH,20230526,7.19,7.22,7.15,7.2,7.18,0.02,0.2786,120307.06,86514.647
601128.SH,20230525,7.27,7.28,7.12,7.18,7.29,-0.11,-1.5089,283675.24,203987.138
601128.SH,20230524,7.32,7.37,7.28,7.29,7.34,-0.05,-0.6812,179651.1,131232.302
601128.SH,20230523,7.4,7.43,7.33,7.34,7.4,-0.06,-0.8108,157578.89,116021.893
601128.SH,20230522,7.41,7.43,7.37,7.4,7.39,0.01,0.1353,118599.75,87691.088
601128.SH,20230519,7.41,7.44,7.36,7.39,7.43,-0.04,-0.5384,167098.78,123578.943
601128.SH,20230518,7.48,7.54,7.4,7.43,7.47,-0.04,-0.5355,265061.65,197581.493
601128.SH,20230517,7.51,7.56,7.45,7.47,7.53,-0.06,-0.7968,150104.47,112291.158
601128.SH,20230516,7.53,7.64,7.5,7.53,7.57,-0.04,-0.5284,143671.29,108718.712
601128.SH,20230515,7.5,7.57,7.36,7.57,7.53,0.04,0.5312,290788.56,216728.183
601128.SH,20230512,7.52,7.61,7.46,7.53,7.51,0.02,0.2663,210480.46,158850.624
601128.SH,20230511,7.53,7.57,7.43,7.51,7.49,0.02,0.267,247691.2,185974.75
601128.SH,20230510,7.75,7.77,7.47,7.49,7.81,-0.32,-4.0973,515542.38,390142.871
601128.SH,20230509,7.94,8.02,7.77,7.81,7.9,-0.09,-1.1392,546297.9,431394.127
601128.SH,20230508,7.79,7.97,7.7,7.9,7.77,0.13,1.6731,565364.63,445004.765
601128.SH,20230505,7.89,8.01,7.71,7.77,7.9,-0.13,-1.6456,316369.68,247863.138
601128.SH,20230504,7.77,7.94,7.66,7.9,7.81,0.09,1.1524,307875.74,241630.589
601128.SH,20230428,7.78,7.87,7.74,7.81,7.78,0.03,0.3856,153939.05,120241.513
601128.SH,20230427,7.72,7.81,7.65,7.78,7.72,0.06,0.7772,224834.57,174216.565
601128.SH,20230426,7.83,7.83,7.58,7.72,7.87,-0.15,-1.906,313055.85,239932.193
601128.SH,20230425,7.72,7.89,7.71,7.87,7.72,0.15,1.943,300881.43,235042.362
601128.SH,20230424,7.8,7.86,7.68,7.72,7.76,-0.04,-0.5155,255943.07,198437.053
601128.SH,20230421,7.84,7.95,7.75,7.76,7.84,-0.08,-1.0204,279969.65,219652.849
601128.SH,20230420,7.89,7.89,7.71,7.84,7.86,-0.02,-0.2545,259496.57,201911.895
601128.SH,20230419,7.88,7.99,7.85,7.86,7.87,-0.01,-0.1271,279613.71,221433.22
601128.SH,20230418,7.71,7.94,7.71,7.87,7.75,0.12,1.5484,374547.83,294867.478
601128.SH,20230417,7.66,7.84,7.6,7.75,7.67,0.08,1.043,442147.82,340000.65
601128.SH,20230414,7.66,7.7,7.54,7.67,7.66,0.01,0.1305,263822.79,201488.407
601128.SH,20230413,7.58,7.7,7.52,7.66,7.58,0.08,1.0554,246152.69,187663.777
601128.SH,20230412,7.62,7.67,7.55,7.58,7.62,-0.04,-0.5249,201965.03,153460.434
601128.SH,20230411,7.56,7.65,7.49,7.62,7.6,0.02,0.2632,310992.14,236060.943
601128.SH,20230410,7.46,7.66,7.35,7.6,7.39,0.21,2.8417,490309.17,371295.724
601128.SH,20230407,7.45,7.45,7.38,7.39,7.43,-0.04,-0.5384,146116.0,108126.605
601128.SH,20230406,7.45,7.49,7.37,7.43,7.49,-0.06,-0.8011,218028.52,161873.904
601128.SH,20230404,7.48,7.52,7.42,7.49,7.5,-0.01,-0.1333,144726.35,107938.962
601128.SH,20230403,7.46,7.59,7.44,7.5,7.45,0.05,0.6711,261743.61,197083.661
601128.SH,20230331,7.63,7.63,7.42,7.45,7.65,-0.2,-2.6144,291770.28,218526.217
601128.SH,20230330,7.38,7.68,7.32,7.65,7.35,0.3,4.0816,371862.8,279932.334
601128.SH,20230329,7.37,7.45,7.33,7.35,7.36,-0.01,-0.1359,166607.03,122617.127
601128.SH,20230328,7.3,7.43,7.3,7.36,7.27,0.09,1.238,298449.7,220234.084
601128.SH,20230327,7.34,7.43,7.24,7.27,7.32,-0.05,-0.6831,305656.89,222670.864
601128.SH,20230324,7.48,7.48,7.31,7.32,7.48,-0.16,-2.139,339086.24,249472.572
601128.SH,20230323,7.46,7.6,7.4,7.48,7.48,0.0,0.0,183130.27,137230.261
601128.SH,20230322,7.5,7.57,7.44,7.48,7.47,0.01,0.1339,165362.18,123860.034
601128.SH,20230321,7.43,7.53,7.4,7.47,7.44,0.03,0.4032,241342.96,180124.41
601128.SH,20230320,7.42,7.63,7.4,7.44,7.39,0.05,0.6766,259321.38,194895.905
601128.SH,20230317,7.51,7.54,7.36,7.39,7.47,-0.08,-1.071,243376.56,180935.174
601128.SH,20230316,7.55,7.59,7.42,7.47,7.58,-0.11,-1.4512,224131.89,168407.224
601128.SH,20230315,7.54,7.66,7.54,7.58,7.5,0.08,1.0667,178677.11,136051.259
601128.SH,20230314,7.6,7.73,7.48,7.5,7.65,-0.15,-1.9608,294170.59,222914.569
601128.SH,20230313,7.59,7.68,7.57,7.65,7.62,0.03,0.3937,197584.0,150826.982
601128.SH,20230310,7.75,7.76,7.6,7.62,7.8,-0.18,-2.3077,192955.1,147729.814
601128.SH,20230309,7.81,7.91,7.77,7.8,7.77,0.03,0.3861,124863.58,97714.136
601128.SH,20230308,7.75,7.84,7.68,7.77,7.78,-0.01,-0.1285,149374.88,115649.722
601128.SH,20230307,7.88,8.0,7.76,7.78,7.89,-0.11,-1.3942,180818.43,142367.207
601128.SH,20230306,7.97,8.08,7.87,7.89,7.95,-0.06,-0.7547,166225.94,132084.834
601128.SH,20230303,7.89,8.02,7.84,7.95,7.87,0.08,1.0165,238448.49,189180.325
601128.SH,20230302,7.83,7.9,7.77,7.87,7.83,0.04,0.5109,124019.52,97269.651
601128.SH,20230301,7.71,7.87,7.68,7.83,7.71,0.12,1.5564,209207.19,163245.061
601128.SH,20230228,7.7,7.74,7.63,7.71,7.69,0.02,0.2601,180534.8,138691.717
601128.SH,20230227,7.76,7.78,7.65,7.69,7.78,-0.09,-1.1568,163172.66,125705.627
601128.SH,20230224,7.79,7.79,7.7,7.78,7.79,-0.01,-0.1284,153327.42,118815.377
601128.SH,20230223,7.85,7.89,7.74,7.79,7.86,-0.07,-0.8906,164945.52,128594.783
601128.SH,20230222,7.84,7.88,7.78,7.86,7.89,-0.03,-0.3802,150354.97,117766.095
601128.SH,20230221,7.89,7.93,7.77,7.89,7.86,0.03,0.3817,219699.66,172617.12
601128.SH,20230220,7.82,7.92,7.75,7.86,7.79,0.07,0.8986,202167.46,158348.674
601128.SH,20230217,7.74,7.85,7.71,7.79,7.77,0.02,0.2574,202946.59,157835.649
601128.SH,20230216,7.87,7.94,7.71,7.77,7.87,-0.1,-1.2706,272132.21,212883.492
601128.SH,20230215,7.85,7.95,7.78,7.87,7.88,-0.01,-0.1269,269221.09,211891.239
601128.SH,20230214,7.82,7.92,7.79,7.88,7.78,0.1,1.2853,325938.91,256595.901
601128.SH,20230213,7.79,7.85,7.69,7.78,7.83,-0.05,-0.6386,466512.91,361557.274
601128.SH,20230210,7.64,7.86,7.61,7.83,7.65,0.18,2.3529,696272.52,540276.856
601128.SH,20230209,7.27,7.7,7.26,7.65,7.27,0.38,5.227,931089.28,704347.785
601128.SH,20230208,7.31,7.36,7.26,7.27,7.35,-0.08,-1.0884,208132.06,152042.707
601128.SH,20230207,7.25,7.35,7.23,7.35,7.23,0.12,1.6598,384636.41,280623.373
601128.SH,20230206,7.22,7.24,7.17,7.23,7.24,-0.01,-0.1381,199543.0,143876.396
601128.SH,20230203,7.28,7.3,7.22,7.24,7.3,-0.06,-0.8219,203768.21,147559.071
601128.SH,20230202,7.36,7.37,7.28,7.3,7.35,-0.05,-0.6803,226043.36,165126.948
601128.SH,20230201,7.38,7.38,7.31,7.35,7.38,-0.03,-0.4065,307442.54,225493.623
601128.SH,20230131,7.45,7.45,7.36,7.38,7.42,-0.04,-0.5391,237375.54,175647.137
601128.SH,20230130,7.48,7.53,7.42,7.42,7.43,-0.01,-0.1346,299537.97,223339.82
601128.SH,20230120,7.4,7.45,7.38,7.43,7.39,0.04,0.5413,227274.5,168492.327
601128.SH,20230119,7.48,7.51,7.38,7.39,7.53,-0.14,-1.8592,323416.33,239775.005
601128.SH,20230118,7.45,7.58,7.43,7.53,7.47,0.06,0.8032,309565.09,232496.741
601128.SH,20230117,7.39,7.5,7.37,7.47,7.39,0.08,1.0825,318837.46,237541.913
601128.SH,20230116,7.52,7.58,7.38,7.39,7.51,-0.12,-1.5979,639611.59,475703.123
601128.SH,20230113,7.47,7.53,7.39,7.51,7.44,0.07,0.9409,227747.04,169987.617
601128.SH,20230112,7.55,7.57,7.4,7.44,7.55,-0.11,-1.457,305548.57,227533.107
601128.SH,20230111,7.5,7.59,7.45,7.55,7.5,0.05,0.6667,285966.41,215479.04
601128.SH,20230110,7.56,7.58,7.45,7.5,7.55,-0.05,-0.6623,179822.72,134912.693
601128.SH,20230109,7.65,7.65,7.54,7.55,7.63,-0.08,-1.0485,153974.42,116751.934
601128.SH,20230106,7.72,7.72,7.56,7.63,7.72,-0.09,-1.1658,232552.89,177314.562
601128.SH,20230105,7.71,7.75,7.62,7.72,7.71,0.01,0.1297,257662.58,198344.617
601128.SH,20230104,7.7,7.74,7.62,7.71,7.67,0.04,0.5215,236648.86,182063.627
601128.SH,20230103,7.55,7.7,7.51,7.67,7.55,0.12,1.5894,298470.85,228273.117
601128.SH,20221230,7.47,7.57,7.45,7.55,7.47,0.08,1.071,259475.45,195254.201
601128.SH,20221229,7.36,7.5,7.27,7.47,7.4,0.07,0.9459,193911.39,143644.56
601128.SH,20221228,7.29,7.48,7.27,7.4,7.28,0.12,1.6484,195063.12,144208.056
601128.SH,20221227,7.26,7.35,7.23,7.28,7.24,0.04,0.5525,128379.4,93573.57
601128.SH,20221226,7.19,7.25,7.15,7.24,7.17,0.07,0.9763,126193.0,90847.11
601128.SH,20221223,7.16,7.23,7.14,7.17,7.21,-0.04,-0.5548,108394.31,77791.994
601128.SH,20221222,7.35,7.36,7.18,7.21,7.31,-0.1,-1.368,121427.41,87986.224
601128.SH,20221221,7.35,7.38,7.27,7.31,7.32,-0.01,-0.1366,107119.03,78399.707
601128.SH,20221220,7.4,7.47,7.27,7.32,7.42,-0.1,-1.3477,133962.59,98548.936
601128.SH,20221219,7.49,7.56,7.39,7.42,7.47,-0.05,-0.6693,183618.61,136989.177
601128.SH,20221216,7.43,7.54,7.43,7.47,7.47,0.0,0.0,154013.78,115120.355
601128.SH,20221215,7.54,7.56,7.42,7.47,7.53,-0.06,-0.7968,188555.7,141173.261
601128.SH,20221214,7.58,7.63,7.52,7.53,7.59,-0.06,-0.7905,160956.06,121734.621
601128.SH,20221213,7.53,7.63,7.53,7.59,7.55,0.04,0.5298,135282.5,102684.301
601128.SH,20221212,7.58,7.63,7.49,7.55,7.57,-0.02,-0.2642,206130.01,156121.181
601128.SH,20221209,7.64,7.69,7.55,7.57,7.61,-0.04,-0.5256,209999.91,159613.955
601128.SH,20221208,7.51,7.68,7.48,7.61,7.51,0.1,1.3316,195075.44,148236.522
601128.SH,20221207,7.64,7.7,7.51,7.51,7.69,-0.18,-2.3407,212084.08,160706.234
601128.SH,20221206,7.6,7.76,7.56,7.69,7.62,0.07,0.9186,213297.32,163157.526
601128.SH,20221205,7.51,7.66,7.48,7.62,7.5,0.12,1.6,249478.62,189468.149
601128.SH,20221202,7.53,7.55,7.41,7.5,7.5,0.0,0.0,196076.82,146634.632
601128.SH,20221201,7.63,7.74,7.48,7.5,7.58,-0.08,-1.0554,347199.5,262539.326
601128.SH,20221130,7.79,7.79,7.51,7.58,7.72,-0.14,-1.8135,290553.48,221005.81
601128.SH,20221129,7.65,7.87,7.62,7.72,7.61,0.11,1.4455,437651.39,338343.908
601128.SH,20221128,7.64,7.66,7.47,7.61,7.74,-0.13,-1.6796,324953.19,244904.426
601128.SH,20221125,7.6,7.76,7.52,7.74,7.54,0.2,2.6525,307865.34,236392.951
601128.SH,20221124,7.46,7.56,7.4,7.54,7.4,0.14,1.8919,323510.23,243019.465
601128.SH,20221123,7.33,7.49,7.32,7.4,7.34,0.06,0.8174,322382.38,239407.076
601128.SH,20221122,7.22,7.41,7.22,7.34,7.22,0.12,1.662,318136.08,233285.666
601128.SH,20221121,7.22,7.27,7.14,7.22,7.23,-0.01,-0.1383,220452.74,158733.596
601128.SH,20221118,7.14,7.3,7.14,7.23,7.13,0.1,1.4025,327267.64,235981.211
601128.SH,20221117,7.11,7.15,7.01,7.13,7.13,0.0,0.0,289623.13,205880.746
601128.SH,20221116,7.15,7.18,7.11,7.13,7.17,-0.04,-0.5579,230291.37,164396.666
601128.SH,20221115,7.13,7.22,7.07,7.17,7.13,0.04,0.561,388394.7,277361.971
601128.SH,20221114,7.18,7.28,7.11,7.13,7.17,-0.04,-0.5579,628845.89,452062.517
601128.SH,20221111,7.05,7.25,7.0,7.17,7.02,0.15,2.1368,689269.2,490674.486
601128.SH,20221110,7.0,7.07,6.96,7.02,7.01,0.01,0.1427,195544.17,137187.999
601128.SH,20221109,7.04,7.13,7.0,7.01,7.05,-0.04,-0.5674,242157.78,170507.706
601128.SH,20221108,6.96,7.08,6.95,7.05,6.97,0.08,1.1478,400469.42,281451.349
601128.SH,20221107,7.1,7.1,6.87,6.97,7.1,-0.13,-1.831,660258.23,458820.262
601128.SH,20221104,7.04,7.19,7.04,7.1,7.04,0.06,0.8523,409734.89,291647.135
601128.SH,20221103,7.03,7.09,6.97,7.04,7.08,-0.04,-0.565,228322.14,160545.557
601128.SH,20221102,7.14,7.16,6.96,7.08,7.18,-0.1,-1.3928,343372.69,241813.566
601128.SH,20221101,6.99,7.18,6.99,7.18,6.98,0.2,2.8653,305904.95,217499.596
601128.SH,20221031,7.21,7.23,6.94,6.98,7.21,-0.23,-3.19,456472.97,322109.651
601128.SH,20221028,7.15,7.44,7.06,7.21,7.11,0.1,1.4065,578131.45,420251.345
601128.SH,20221027,7.22,7.26,7.04,7.11,7.23,-0.12,-1.6598,441201.35,314044.874
601128.SH,20221026,7.4,7.46,7.17,7.23,7.4,-0.17,-2.2973,394093.02,287348.126
601128.SH,20221025,7.48,7.63,7.36,7.4,7.52,-0.12,-1.5957,261066.54,195060.526
601128.SH,20221024,7.72,7.77,7.48,7.52,7.72,-0.2,-2.5907,256767.82,195067.252
601128.SH,20221021,7.7,7.73,7.64,7.72,7.66,0.06,0.7833,143060.49,110091.562
601128.SH,20221020,7.76,7.78,7.62,7.66,7.78,-0.12,-1.5424,230359.04,177082.941
601128.SH,20221019,7.9,7.97,7.7,7.78,7.93,-0.15,-1.8916,262088.84,204197.403
601128.SH,20221018,8.21,8.28,7.86,7.93,8.2,-0.27,-3.2927,353264.19,281927.932
601128.SH,20221017,8.0,8.36,7.99,8.2,8.16,0.04,0.4902,368277.65,303066.278
601128.SH,20221014,7.97,8.22,7.9,8.16,7.83,0.33,4.2146,612928.2,495897.509
601128.SH,20221013,7.95,7.96,7.74,7.83,7.97,-0.14,-1.7566,192844.15,150740.622
601128.SH,20221012,7.98,8.02,7.86,7.97,7.99,-0.02,-0.2503,219981.28,174720.396
601128.SH,20221011,7.85,8.01,7.81,7.99,7.86,0.13,1.6539,221058.99,175682.576
601128.SH,20221010,7.96,8.02,7.81,7.86,7.96,-0.1,-1.2563,279743.59,220429.333
601128.SH,20220930,7.84,8.08,7.84,7.96,7.88,0.08,1.0152,225058.87,179243.517
601128.SH,20220929,7.87,8.05,7.85,7.88,7.85,0.03,0.3822,222629.43,176987.638
601128.SH,20220928,7.72,7.91,7.7,7.85,7.76,0.09,1.1598,289317.33,227003.67
601128.SH,20220927,7.77,7.82,7.63,7.76,7.77,-0.01,-0.1287,206472.54,159747.915
601128.SH,20220926,7.73,7.87,7.68,7.77,7.81,-0.04,-0.5122,303075.0,235615.422
601128.SH,20220923,7.74,7.88,7.73,7.81,7.75,0.06,0.7742,293859.11,229693.613
601128.SH,20220922,7.64,7.8,7.6,7.75,7.67,0.08,1.043,250531.88,193478.788
601128.SH,20220921,7.52,7.71,7.41,7.67,7.47,0.2,2.6774,280602.02,213422.884
601128.SH,20220920,7.64,7.65,7.44,7.47,7.62,-0.15,-1.9685,274299.04,205921.23
601128.SH,20220919,7.67,7.73,7.57,7.62,7.56,0.06,0.7937,277161.09,212154.711
601128.SH,20220916,7.63,7.83,7.56,7.56,7.68,-0.12,-1.5625,528590.27,405805.547
601128.SH,20220915,7.55,7.82,7.55,7.68,7.9,-0.22,-2.7848,1112987.49,856483.251
601128.SH,20220914,7.9,8.0,7.84,7.9,8.01,-0.11,-1.3733,812578.67,641695.025
601128.SH,20220913,8.2,8.29,7.99,8.01,8.1,-0.09,-1.1111,903166.85,732586.406
601128.SH,20220909,7.97,8.12,7.93,8.1,7.97,0.13,1.6311,333698.84,269297.515
601128.SH,20220908,7.8,7.99,7.78,7.97,7.79,0.18,2.3107,245757.53,194559.886
601128.SH,20220907,7.85,7.89,7.77,7.79,7.88,-0.09,-1.1421,214703.11,167737.433
601128.SH,20220906,7.87,7.95,7.84,7.88,7.89,-0.01,-0.1267,187263.47,147621.242
601128.SH,20220905,7.77,7.9,7.75,7.89,7.78,0.11,1.4139,227696.82,178551.539
601128.SH,20220902,7.78,7.84,7.74,7.78,7.82,-0.04,-0.5115,169097.59,131464.437
601128.SH,20220901,7.82,7.88,7.76,7.82,7.81,0.01,0.128,243212.55,190737.103
601128.SH,20220831,7.76,7.9,7.73,7.81,7.8,0.01,0.1282,249265.61,194837.601
601128.SH,20220830,7.74,7.85,7.69,7.8,7.77,0.03,0.3861,182308.16,141575.542
601128.SH,20220829,7.68,7.79,7.63,7.77,7.73,0.04,0.5175,181916.94,140386.595
601128.SH,20220826,7.73,7.75,7.64,7.73,7.72,0.01,0.1295,186263.56,143623.557
601128.SH,20220825,7.7,7.74,7.58,7.72,7.7,0.02,0.2597,183663.3,140709.827
601128.SH,20220824,7.76,7.78,7.68,7.7,7.73,-0.03,-0.3881,203273.27,156965.776
601128.SH,20220823,7.77,7.84,7.72,7.73,7.8,-0.07,-0.8974,222897.87,172510.098
601128.SH,20220822,7.7,7.83,7.68,7.8,7.73,0.07,0.9056,265691.55,206597.603
601128.SH,20220819,7.63,7.79,7.57,7.73,7.61,0.12,1.5769,305982.34,236492.749
601128.SH,20220818,7.69,7.71,7.56,7.61,7.69,-0.08,-1.0403,262126.99,199776.863
601128.SH,20220817,7.58,7.71,7.51,7.69,7.55,0.14,1.8543,295348.59,225090.858
601128.SH,20220816,7.65,7.7,7.45,7.55,7.62,-0.07,-0.9186,371282.35,280006.921
601128.SH,20220815,7.6,7.65,7.52,7.62,7.6,0.02,0.2632,273720.24,208570.617
601128.SH,20220812,7.58,7.63,7.52,7.6,7.61,-0.01,-0.1314,276054.75,209166.432
601128.SH,20220811,7.61,7.68,7.54,7.61,7.61,0.0,0.0,339203.61,257603.863
601128.SH,20220810,7.62,7.73,7.59,7.61,7.62,-0.01,-0.1312,141312.38,107972.242
601128.SH,20220809,7.55,7.66,7.52,7.62,7.6,0.02,0.2632,181420.88,137730.617
601128.SH,20220808,7.49,7.65,7.48,7.6,7.48,0.12,1.6043,201063.57,152817.297
601128.SH,20220805,7.39,7.5,7.37,7.48,7.3,0.18,2.4658,309647.55,230648.748
601128.SH,20220804,7.34,7.38,7.22,7.3,7.29,0.01,0.1372,193902.83,141314.534
601128.SH,20220803,7.43,7.52,7.29,7.29,7.48,-0.19,-2.5401,229263.12,169641.049
601128.SH,20220802,7.53,7.53,7.36,7.48,7.56,-0.08,-1.0582,212809.08,158565.689
601128.SH,20220801,7.7,7.72,7.55,7.56,7.72,-0.16,-2.0725,299286.97,227501.695
601128.SH,20220729,7.79,7.82,7.72,7.72,7.77,-0.05,-0.6435,162812.22,126292.658
601128.SH,20220728,7.78,7.89,7.72,7.77,7.76,0.01,0.1289,206637.25,161638.362
601128.SH,20220727,7.85,7.89,7.73,7.76,7.71,0.05,0.6485,222679.04,173341.854
601128.SH,20220726,7.65,7.81,7.58,7.71,7.59,0.12,1.581,278800.2,215541.233
601128.SH,20220725,7.6,7.63,7.52,7.59,7.6,-0.01,-0.1316,211345.26,160158.287
601128.SH,20220722,7.61,7.67,7.55,7.6,7.5,0.1,1.3333,210932.9,160783.268
601128.SH,20220721,7.81,7.81,7.5,7.5,7.84,-0.34,-4.3367,324742.22,246688.767
601128.SH,20220720,7.77,7.88,7.69,7.84,7.79,0.05,0.6418,177864.7,138878.495
601128.SH,20220719,7.53,7.82,7.5,7.79,7.52,0.27,3.5904,335658.31,259789.495
601128.SH,20220718,7.57,7.72,7.5,7.52,7.6,-0.08,-1.0526,276367.59,208972.178
601128.SH,20220715,7.76,7.88,7.6,7.6,7.76,-0.16,-2.0619,313576.14,242007.877
601128.SH,20220714,7.76,7.85,7.47,7.76,7.75,0.01,0.129,535061.8,412532.404
601128.SH,20220713,7.93,7.95,7.61,7.75,7.96,-0.21,-2.6382,354083.92,274059.565
601128.SH,20220712,7.93,8.06,7.9,7.96,7.92,0.04,0.5051,251809.29,201164.622
601128.SH,20220711,7.89,8.02,7.82,7.92,7.92,0.0,0.0,252479.75,200393.424
601128.SH,20220708,7.85,7.94,7.75,7.92,7.85,0.07,0.8917,276781.9,217834.766
601128.SH,20220707,7.64,7.9,7.6,7.85,7.68,0.17,2.2135,356754.24,278958.438
601128.SH,20220706,7.66,7.73,7.59,7.68,7.71,-0.03,-0.3891,243167.71,186265.316
601128.SH,20220705,7.7,7.73,7.62,7.71,7.7,0.01,0.1299,349820.07,268754.272
601128.SH,20220704,7.8,7.85,7.61,7.7,7.81,-0.11,-1.4085,375999.61,289285.751
601128.SH,20220701,7.65,7.85,7.61,7.81,7.64,0.17,2.2251,313271.26,243234.006
601128.SH,20220630,7.54,7.75,7.53,7.64,7.54,0.1,1.3263,374858.81,287025.462
601128.SH,20220629,7.7,7.72,7.53,7.54,7.62,-0.08,-1.0499,216024.44,164138.839
601128.SH,20220628,7.53,7.8,7.52,7.62,7.51,0.11,1.4647,365479.58,278182.701
601128.SH,20220627,7.38,7.64,7.34,7.51,7.35,0.16,2.1769,545326.85,409330.454
601128.SH,20220624,7.46,7.46,7.3,7.35,7.46,-0.11,-1.4745,351856.06,258847.572
601128.SH,20220623,7.5,7.55,7.4,7.46,7.5,-0.04,-0.5333,321930.51,239964.67
601128.SH,20220622,7.61,7.64,7.49,7.5,7.6,-0.1,-1.3158,192950.89,145697.732
601128.SH,20220621,7.71,7.78,7.51,7.6,7.68,-0.08,-1.0417,320533.0,244255.931
601128.SH,20220620,7.6,7.74,7.51,7.68,7.63,0.05,0.6553,404042.53,308345.767
601128.SH,20220617,7.57,7.7,7.47,7.63,7.64,-0.01,-0.1309,352125.0,266897.248
601128.SH,20220616,7.7,7.72,7.54,7.64,7.62,0.02,0.2625,427078.22,326208.116
601128.SH,20220615,7.3,7.77,7.26,7.62,7.27,0.35,4.8143,746842.59,565375.557
601128.SH,20220614,7.14,7.28,7.1,7.27,7.17,0.1,1.3947,421185.2,302196.38
601128.SH,20220613,7.21,7.32,7.1,7.17,7.27,-0.1,-1.3755,345881.47,248719.771
601128.SH,20220610,7.2,7.3,7.13,7.27,7.24,0.03,0.4144,345668.18,249038.618
601128.SH,20220609,7.12,7.36,7.08,7.24,7.1,0.14,1.9718,463206.93,335902.735
601128.SH,20220608,7.0,7.12,6.92,7.1,6.95,0.15,2.1583,540599.59,380686.825
601128.SH,20220607,7.04,7.18,7.02,7.15,7.07,0.08,1.1315,433447.83,308488.699
601128.SH,20220606,7.2,7.21,6.98,7.07,7.21,-0.14,-1.9417,680027.61,480226.779
601128.SH,20220602,7.17,7.25,7.13,7.21,7.18,0.03,0.4178,265085.37,190605.124
601128.SH,20220601,7.26,7.26,7.15,7.18,7.27,-0.09,-1.238,325284.61,233642.826
601128.SH,20220531,7.22,7.27,7.15,7.27,7.22,0.05,0.6925,260837.18,188268.176
601128.SH,20220530,7.25,7.31,7.2,7.22,7.25,-0.03,-0.4138,307118.79,222568.796
601128.SH,20220527,7.32,7.4,7.2,7.25,7.33,-0.08,-1.0914,262802.51,191191.435
601128.SH,20220526,7.2,7.37,7.17,7.33,7.2,0.13,1.8056,373120.43,272573.689
601128.SH,20220525,7.15,7.24,7.14,7.2,7.16,0.04,0.5587,284935.57,204791.081
601128.SH,20220524,7.27,7.32,7.16,7.16,7.29,-0.13,-1.7833,299640.31,216366.411
601128.SH,20220523,7.38,7.39,7.22,7.29,7.38,-0.09,-1.2195,362025.4,263733.775
601128.SH,20220520,7.46,7.5,7.33,7.38,7.49,-0.11,-1.4686,458031.85,338095.052
601128.SH,20220519,7.41,7.51,7.32,7.49,7.47,0.02,0.2677,324830.77,241262.963
601128.SH,20220518,7.63,7.66,7.33,7.47,7.62,-0.15,-1.9685,501368.01,373592.547
601128.SH,20220517,7.71,7.75,7.5,7.62,7.69,-0.07,-0.9103,285004.0,216435.722
601128.SH,20220516,7.81,7.82,7.43,7.69,7.8,-0.11,-1.4103,415361.11,317344.32
601128.SH,20220513,7.69,7.95,7.69,7.8,7.63,0.17,2.228,293767.07,229606.651
601128.SH,20220512,7.6,7.76,7.56,7.63,7.64,-0.01,-0.1309,217484.3,166898.31
601128.SH,20220511,7.81,7.86,7.61,7.64,7.82,-0.18,-2.3018,397811.58,308368.151
601128.SH,20220510,7.52,7.94,7.44,7.82,7.57,0.25,3.3025,532018.02,412263.889
601128.SH,20220509,7.74,7.96,7.47,7.57,7.83,-0.26,-3.3206,448704.81,341918.956
601128.SH,20220506,7.86,8.02,7.77,7.83,8.0,-0.17,-2.125,344983.05,272858.832
601128.SH,20220505,8.06,8.18,7.86,8.0,8.09,-0.09,-1.1125,459530.84,367740.124
601128.SH,20220429,8.05,8.19,7.86,8.09,8.06,0.03,0.3722,442491.0,355231.763
601128.SH,20220428,7.75,8.1,7.72,8.06,7.78,0.28,3.599,415186.66,330551.671
601128.SH,20220427,7.61,7.96,7.6,7.78,7.75,0.03,0.3871,402649.04,313186.561
601128.SH,20220426,7.9,8.1,7.75,7.75,7.9,-0.15,-1.8987,501871.56,397882.434
601128.SH,20220425,8.16,8.34,7.89,7.9,8.16,-0.26,-3.1863,556809.3,447922.55
601128.SH,20220422,7.92,8.31,7.89,8.16,7.9,0.26,3.2911,455864.75,371871.388
601128.SH,20220421,7.87,8.08,7.85,7.9,8.01,-0.11,-1.3733,332818.74,264835.645
601128.SH,20220420,8.3,8.37,7.93,8.01,8.3,-0.29,-3.494,344320.32,277975.913
601128.SH,20220419,8.14,8.34,8.02,8.3,8.2,0.1,1.2195,352263.92,289055.71
601128.SH,20220418,8.37,8.41,8.13,8.2,8.5,-0.3,-3.5294,484455.84,400075.932
601128.SH,20220415,7.99,8.58,7.96,8.5,8.06,0.44,5.4591,629887.29,525696.445
601128.SH,20220414,8.15,8.19,7.99,8.06,8.03,0.03,0.3736,283855.5,229499.778
601128.SH,20220413,7.99,8.17,7.94,8.03,8.02,0.01,0.1247,311453.04,250918.179
601128.SH,20220412,8.02,8.11,7.85,8.02,7.98,0.04,0.5013,301151.67,240754.242
601128.SH,20220411,8.01,8.15,7.93,7.98,8.18,-0.2,-2.445,416388.95,334322.874
601128.SH,20220408,8.0,8.22,7.9,8.18,8.07,0.11,1.3631,439324.71,354434.966
601128.SH,20220407,8.08,8.38,8.03,8.07,8.14,-0.07,-0.86,473919.25,387825.186
601128.SH,20220406,7.93,8.22,7.85,8.14,8.0,0.14,1.75,613624.36,496209.036
601128.SH,20220401,7.71,8.09,7.7,8.0,7.74,0.26,3.3592,756726.62,603075.78
601128.SH,20220331,7.48,7.8,7.42,7.74,7.51,0.23,3.0626,539219.64,415488.787
601128.SH,20220330,7.39,7.53,7.36,7.51,7.37,0.14,1.8996,357029.67,266598.057
601128.SH,20220329,7.53,7.58,7.33,7.37,7.4,-0.03,-0.4054,305440.08,225385.541
601128.SH,20220328,7.33,7.49,7.31,7.4,7.4,0.0,0.0,180541.14,133501.037
601128.SH,20220325,7.37,7.57,7.36,7.4,7.43,-0.03,-0.4038,234115.36,174371.524
601128.SH,20220324,7.22,7.52,7.22,7.43,7.31,0.12,1.6416,270418.16,201162.746
601128.SH,20220323,7.2,7.38,7.13,7.31,7.2,0.11,1.5278,413263.51,300601.528
601128.SH,20220322,7.04,7.24,7.03,7.2,7.08,0.12,1.6949,271812.73,193971.031
601128.SH,20220321,7.29,7.31,7.03,7.08,7.29,-0.21,-2.8807,415108.85,295735.597
601128.SH,20220318,7.06,7.32,7.03,7.29,7.08,0.21,2.9661,475321.3,344161.407
601128.SH,20220317,7.06,7.19,6.9,7.08,6.98,0.1,1.4327,627572.83,444729.902
601128.SH,20220316,6.92,7.1,6.7,6.98,7.08,-0.1,-1.4124,769961.16,529908.595
601128.SH,20220315,7.08,7.12,6.71,7.08,7.14,-0.06,-0.8403,740767.77,511316.833
601128.SH,20220314,7.2,7.33,7.12,7.14,7.32,-0.18,-2.459,327416.72,236421.82
601128.SH,20220311,7.46,7.59,7.2,7.32,7.55,-0.23,-3.0464,376524.71,276481.939
601128.SH,20220310,7.41,7.69,7.36,7.55,7.14,0.41,5.7423,580507.79,437293.086
601128.SH,20220309,7.27,7.44,6.85,7.14,7.25,-0.11,-1.5172,493951.38,351907.835
601128.SH,20220308,7.57,7.6,7.21,7.25,7.57,-0.32,-4.2272,322823.16,238338.415
601128.SH,20220307,7.58,7.71,7.56,7.57,7.65,-0.08,-1.0458,289912.84,220916.664
601128.SH,20220304,7.73,7.75,7.6,7.65,7.75,-0.1,-1.2903,257109.35,197068.801
601128.SH,20220303,7.71,7.81,7.67,7.75,7.68,0.07,0.9115,196072.66,151610.755
601128.SH,20220302,7.59,7.82,7.54,7.68,7.63,0.05,0.6553,284376.62,218746.914
601128.SH,20220301,7.46,7.66,7.39,7.63,7.44,0.19,2.5538,378489.72,286223.424
601128.SH,20220228,7.35,7.49,7.19,7.44,7.35,0.09,1.2245,401918.52,296316.946
601128.SH,20220225,7.42,7.5,7.3,7.35,7.42,-0.07,-0.9434,245365.55,180846.751
601128.SH,20220224,7.48,7.55,7.34,7.42,7.51,-0.09,-1.1984,387174.02,288389.711
601128.SH,20220223,7.65,7.66,7.39,7.51,7.63,-0.12,-1.5727,477616.49,356935.694
601128.SH,20220222,7.7,7.78,7.52,7.63,7.72,-0.09,-1.1658,361643.52,275926.773
601128.SH,20220221,7.81,7.88,7.64,7.72,7.87,-0.15,-1.906,289448.21,223506.605
601128.SH,20220218,7.62,7.87,7.6,7.87,7.66,0.21,2.7415,354601.69,276446.598
601128.SH,20220217,7.67,7.76,7.53,7.66,7.63,0.03,0.3932,233786.36,178556.563
601128.SH,20220216,7.53,7.68,7.49,7.63,7.49,0.14,1.8692,221786.48,168558.652
601128.SH,20220215,7.57,7.79,7.36,7.49,7.54,-0.05,-0.6631,417933.4,314762.019
601128.SH,20220214,7.66,7.69,7.48,7.54,7.68,-0.14,-1.8229,466991.81,352307.863
601128.SH,20220211,7.7,7.84,7.63,7.68,7.7,-0.02,-0.2597,341008.72,263653.513
601128.SH,20220210,7.58,7.74,7.51,7.7,7.61,0.09,1.1827,347579.14,265831.41
601128.SH,20220209,7.67,7.7,7.57,7.61,7.68,-0.07,-0.9115,384460.93,293047.708
601128.SH,20220208,7.58,7.75,7.53,7.68,7.58,0.1,1.3193,499426.37,381950.791
601128.SH,20220207,7.5,7.62,7.42,7.58,7.38,0.2,2.71,405150.36,305255.458
601128.SH,20220128,7.58,7.58,7.33,7.38,7.52,-0.14,-1.8617,347946.48,259184.887
601128.SH,20220127,7.45,7.64,7.42,7.52,7.49,0.03,0.4005,450321.91,339709.907
601128.SH,20220126,7.37,7.53,7.35,7.49,7.4,0.09,1.2162,338161.72,252186.707
601128.SH,20220125,7.45,7.56,7.37,7.4,7.49,-0.09,-1.2016,386728.01,288724.606
601128.SH,20220124,7.38,7.54,7.28,7.49,7.48,0.01,0.1337,344967.42,257159.598
601128.SH,20220121,7.43,7.5,7.31,7.48,7.49,-0.01,-0.1335,394149.17,292419.273
601128.SH,20220120,7.36,7.65,7.34,7.49,7.34,0.15,2.0436,618757.3,463031.279
601128.SH,20220119,7.29,7.51,7.27,7.34,7.33,0.01,0.1364,350234.73,257460.567
601128.SH,20220118,7.16,7.37,7.13,7.33,7.17,0.16,2.2315,420161.64,304651.867
601128.SH,20220117,7.28,7.35,7.13,7.17,7.34,-0.17,-2.3161,396175.63,285172.991
601128.SH,20220114,7.49,7.53,7.18,7.34,7.47,-0.13,-1.7403,754746.3,551692.669
601128.SH,20220113,7.26,7.61,7.21,7.47,7.2,0.27,3.75,1120732.69,839108.248
601128.SH,20220112,7.13,7.28,7.08,7.2,6.96,0.24,3.4483,836552.75,600996.197
601128.SH,20220111,6.83,7.05,6.82,6.96,6.82,0.14,2.0528,571447.73,397638.138
601128.SH,20220110,6.86,6.97,6.75,6.82,6.82,0.0,0.0,555899.52,379871.84
601128.SH,20220107,6.72,6.88,6.72,6.82,6.73,0.09,1.3373,426016.64,290205.3
601128.SH,20220106,6.73,6.79,6.7,6.73,6.75,-0.02,-0.2963,320545.59,216256.487
601128.SH,20220105,6.69,6.79,6.65,6.75,6.68,0.07,1.0479,503910.26,339783.291
601128.SH,20220104,6.6,6.69,6.56,6.68,6.61,0.07,1.059,360974.11,240228.199
