CREATE_TIME,PMI010503,PMI012000,PMI020200,PMI020502,PMI020601,PMI020700,UPDATE_BY,PMI010601,PMI010401,PMI011300,PMI011400,PMI011500,PMI020400,PMI020402,ID,PMI011000,PMI020201,PMI010802,PMI011900,PMI020202,PMI020800,PMI010801,PMI010803,PMI010100,PMI010403,PMI020501,PMI020900,PMI021000,MONTH,PMI010703,PMI011100,PMI011800,PMI020401,PMI011200,PMI020302,PMI020500,UPDATE_TIME,PMI010500,PMI010501,PMI010600,PMI010603,PMI011700,PMI020600,PMI010702,PMI020100,PMI010200,PMI010800,PMI010900,PMI020301,PMI020602,PMI030000,CREATE_BY,PMI010400,PMI011600,PMI020101,PMI010602,PMI010700,PMI010701,PMI020300,PMI010000,PMI010300,PMI010402,PMI010502,PMI020102
2026-05-15 08:31:54,,50.7,44.3,46.5,50.5,47.3,,,,55.1,47.5,46.2,48.1,47.9,537,50.1,41.6,,47.9,44.8,42.4,,,50.2,,39.6,45.3,50.9,202604,,51.1,52.2,49.0,63.7,51.2,45.5,2026-05-15 08:31:54,50.6,,49.5,,51.8,54.7,,49.4,50.5,48.8,50.3,54.9,55.4,50.1,,51.5,54.5,48.0,,49.3,,51.7,50.3,50.1,,,49.6
2026-05-15 08:31:54,,50.8,45.0,46.2,50.5,48.8,,,,55.4,46.7,47.1,49.9,50.0,538,49.8,43.5,,48.9,45.3,43.2,,,51.6,,39.1,43.5,51.5,202603,,50.9,52.1,49.3,63.9,52.2,45.2,2026-05-15 08:31:54,51.6,,49.5,,51.5,54.2,,50.1,49.0,48.6,49.1,52.7,54.8,50.5,,51.4,53.4,49.3,,47.7,,52.3,50.4,49.3,,,50.2
2026-05-15 08:31:54,,48.8,45.2,46.6,50.9,44.7,,,,50.6,45.8,44.0,48.8,49.0,539,45.6,42.2,,47.8,45.7,42.3,,,51.5,,42.5,45.4,50.5,202602,,48.2,51.5,47.6,54.8,51.2,46.0,2026-05-15 08:31:54,48.6,,49.1,,49.8,55.0,,49.5,47.5,48.0,45.0,49.1,55.8,49.5,,49.6,53.2,48.2,,47.5,,50.9,49.0,44.8,,,49.7
2026-05-15 08:31:54,,48.3,46.1,47.0,49.8,46.9,,,,50.6,48.6,45.1,48.8,48.9,540,47.3,40.1,,47.9,47.1,42.5,,,50.3,,41.1,44.8,51.1,202601,,48.7,52.0,48.2,56.1,49.7,46.1,2026-05-15 08:31:54,49.2,,50.1,,50.1,56.0,,49.4,48.7,48.1,47.8,52.0,57.1,49.8,,50.6,52.6,48.8,,47.4,,50.0,49.3,47.4,,,49.5
2026-04-15 13:31:13,,50.4,47.3,47.0,57.4,47.5,,,,48.9,48.2,46.0,48.0,48.1,536,47.0,47.4,,48.9,47.3,43.5,,,50.8,,41.0,45.2,51.3,202512,,51.1,52.5,47.4,53.1,50.1,46.1,2026-04-15 13:31:13,50.8,,50.2,,50.4,56.5,,50.2,49.8,48.2,49.0,50.8,56.4,50.7,,51.7,55.5,52.8,,47.8,,50.2,50.1,48.6,,,49.7
2026-03-26 07:11:20,,49.4,45.7,45.9,57.9,47.9,,,,48.2,47.3,45.5,49.1,49.2,532,47.0,46.1,,48.4,45.6,43.6,,,49.3,,41.8,44.8,51.2,202511,,49.5,50.1,48.4,53.6,50.5,45.3,2026-03-26 07:11:20,49.2,,50.1,,49.8,56.2,,49.5,48.9,48.4,47.6,49.7,55.9,49.7,,50.0,53.1,49.6,,47.3,,50.4,49.2,49.1,,,49.5
2026-01-21 07:40:13,,50.1,46.0,46.1,56.0,46.2,,,50.9,47.5,48.1,44.5,47.8,47.7,527,46.8,45.9,,47.3,46.0,43.6,,,49.9,,39.9,46.0,50.9,202510,,49.0,50.5,48.4,52.5,49.4,45.2,2026-01-21 07:40:13,48.8,50.1,50.0,,50.2,56.1,,50.1,48.7,48.3,45.9,49.6,56.1,50.0,,49.7,52.8,49.1,,47.3,,49.4,49.0,47.1,,,50.2
2026-01-21 07:40:13,,50.6,46.0,45.9,52.4,49.8,,,,48.2,48.2,45.2,47.3,47.2,528,48.1,42.2,,47.5,46.7,44.4,,,51.0,,39.7,44.9,51.1,202509,,51.6,51.6,48.1,53.2,49.3,45.0,2026-01-21 07:40:13,49.7,,50.8,,51.9,55.7,,50.0,48.8,48.5,47.8,47.2,56.3,50.6,,51.9,54.1,49.3,,48.5,,49.0,49.8,48.2,,,50.1
2025-10-20 08:43:31,,49.2,46.6,45.9,51.7,48.8,,,52.6,49.1,46.8,45.5,48.6,48.5,519,48.0,40.6,,48.2,47.7,43.4,,,50.8,,43.6,45.7,51.3,202508,,50.4,51.9,49.7,53.3,49.5,45.6,2025-10-20 08:43:31,49.5,51.9,50.5,,50.5,56.2,,50.3,48.9,47.9,47.2,54.6,57.0,50.5,,50.8,53.7,49.1,,48.0,,50.3,49.4,46.6,,,50.5
2025-10-20 08:43:31,,49.5,45.7,46.4,51.6,48.8,,,52.1,48.3,47.4,44.7,47.9,47.7,520,47.8,42.7,,48.0,46.3,42.3,,,50.3,,40.9,45.3,51.2,202507,,49.5,50.6,49.2,51.5,49.6,45.6,2025-10-20 08:43:31,49.4,50.7,50.3,,50.3,55.8,,50.1,49.5,48.0,47.1,54.5,56.6,50.2,,50.5,52.6,50.6,,47.7,,50.3,49.3,46.4,,,50.0
2025-10-20 08:43:31,,50.4,46.6,46.4,53.9,49.8,,,53.7,46.2,48.1,45.2,48.8,48.9,521,47.8,44.9,,47.8,46.9,43.4,,,51.2,,39.9,44.8,51.2,202506,,50.2,50.9,48.3,48.4,50.2,45.5,2025-10-20 08:43:31,50.2,,50.2,,51.4,55.6,,50.5,48.6,47.9,47.7,48.3,56.0,50.7,,51.0,52.0,52.8,,48.0,,49.9,49.7,47.3,,,50.1
2025-08-14 08:42:56,,50.2,46.1,46.6,52.4,48.0,,,51.5,44.7,46.5,44.8,47.3,47.3,513,47.1,43.3,,47.0,46.6,43.4,,,50.7,,39.5,46.1,51.1,202505,,47.6,50.9,47.5,46.9,48.2,45.5,2025-08-14 08:42:56,49.8,52.5,50.0,,51.2,55.9,,50.3,47.5,48.1,47.5,48.0,56.5,50.4,,50.7,52.5,51.0,,47.4,,48.2,49.5,49.3,,,50.2
2025-08-14 08:42:56,,49.4,44.9,46.8,53.8,42.2,,,49.8,44.8,47.3,43.2,46.6,46.5,514,43.4,39.6,,47.7,45.9,42.3,,,49.2,,37.8,45.1,50.8,202504,,46.3,51.5,47.2,47.0,47.9,45.5,2025-08-14 08:42:56,49.2,49.5,50.2,,49.6,56.0,,50.4,48.8,47.9,44.7,47.5,56.4,50.2,,49.8,52.1,51.9,,47.0,,47.8,49.0,48.7,,,50.1
2025-08-14 08:42:56,49.8,50.0,46.6,46.5,55.3,49.8,,,54.0,47.9,48.0,45.6,46.7,46.6,515,47.5,43.5,,49.3,47.1,43.7,,,51.2,50.8,41.4,45.7,51.1,202503,,51.8,52.3,47.5,49.8,48.4,45.8,2025-08-14 08:42:56,51.8,,50.3,,52.0,57.2,,50.8,49.9,48.2,49.0,49.5,57.5,51.4,,52.6,53.8,53.4,,47.2,,48.6,50.5,49.6,,,50.3
2025-08-14 08:42:56,45.9,49.9,46.1,46.7,54.7,49.5,,,56.2,48.5,48.3,46.0,47.8,47.6,516,49.5,46.8,,49.8,45.9,43.1,,,52.5,44.1,45.6,45.2,53.1,202502,,52.1,50.9,49.1,50.8,48.2,46.5,2025-08-14 08:42:56,51.1,,51.0,,50.8,56.6,,50.4,49.2,48.6,48.6,49.3,56.9,51.1,,52.5,54.5,52.7,,47.0,,48.4,50.2,46.3,,,50.0
2025-08-14 08:42:56,,49.1,46.4,46.3,56.5,44.6,,,51.3,47.4,46.5,45.6,48.6,48.8,517,48.1,44.7,,47.6,46.7,43.3,,,49.9,,48.7,45.0,51.3,202501,,49.2,49.3,47.8,49.5,50.9,46.7,2025-08-14 08:42:56,49.2,50.6,50.3,,50.2,56.7,,50.2,49.5,48.1,46.4,47.7,56.8,50.1,,49.8,55.3,49.3,,47.7,,50.4,49.1,46.5,,,50.3
2025-06-15 22:42:58,,51.4,48.7,46.3,57.1,50.0,,,,46.7,47.9,45.9,48.8,49.1,500,49.3,51.4,,48.8,48.2,44.1,,,50.5,,42.7,46.4,51.5,202412,,51.5,49.7,47.5,48.2,50.7,45.8,2025-06-15 22:42:58,51.0,,50.9,,50.6,57.5,,52.2,50.7,48.1,48.3,49.4,57.6,52.2,,52.1,53.3,53.2,,48.3,,50.5,50.1,48.5,,,52.0
2025-06-15 22:42:58,,50.8,45.9,46.2,55.6,48.2,,,,47.7,47.4,45.6,48.8,48.8,501,47.3,43.5,,49.2,46.4,42.7,,,50.9,,40.7,45.3,51.2,202411,,51.0,51.2,48.6,49.8,49.3,45.4,2025-06-15 22:42:58,50.8,,50.2,,51.3,57.0,,50.0,50.0,48.2,48.1,48.0,57.3,50.8,,52.4,54.7,49.7,,48.2,,49.1,50.3,49.1,,,50.1
2025-06-15 22:42:58,,49.5,47.2,46.4,55.2,50.0,,,,49.9,46.9,45.4,48.5,47.8,502,47.0,43.5,,49.3,47.8,43.7,,,51.5,,42.7,45.7,51.2,202410,,49.3,50.1,52.1,53.4,49.8,45.8,2025-06-15 22:42:58,50.0,,49.6,,51.3,56.1,,50.2,49.4,48.4,47.3,55.2,56.2,50.8,,52.0,54.0,50.4,,48.2,,50.6,50.1,47.5,,,50.1
2025-06-15 22:42:58,,51.1,44.2,45.5,53.1,47.0,,,,44.0,48.4,44.0,46.1,45.7,503,46.1,39.5,,46.6,45.0,42.2,,,50.6,,40.0,45.1,50.2,202409,,47.6,53.0,48.0,45.1,47.9,44.7,2025-06-15 22:42:58,49.9,,49.5,,52.0,54.4,,50.0,49.2,48.2,47.5,50.0,54.6,50.4,,51.2,52.0,50.7,,47.7,,48.2,49.8,48.5,,,49.9
2025-06-15 22:42:58,,50.0,46.3,45.9,54.7,47.6,,,,42.0,48.5,44.7,47.2,47.1,504,46.8,43.5,,46.4,46.8,42.2,,,50.4,,41.0,45.1,50.6,202408,,47.8,51.7,48.1,43.2,48.8,45.2,2025-06-15 22:42:58,48.9,,49.6,,51.2,55.3,,50.3,48.7,48.1,48.7,47.6,55.4,50.1,,49.8,52.0,50.6,,47.6,,48.6,49.1,46.4,,,50.2
2024-08-03 17:40:17,,50.1,45.7,46.4,52.9,49.6,,,,46.3,47.8,45.3,48.2,48.0,471,47.0,40.1,,48.6,46.7,42.7,,,50.5,,40.2,45.4,50.5,202407,,48.8,,49.3,49.9,50.5,45.5,2024-08-03 17:40:17,49.3,,49.3,,,56.1,,50.2,49.4,48.3,48.5,49.9,56.6,50.2,,50.1,53.1,51.2,,47.8,,50.4,49.4,46.7,,,50.0
2024-07-11 09:05:31,46.4,49.5,46.7,46.3,54.7,48.8,,49.4,52.1,47.9,48.3,45.0,47.6,47.4,469,46.9,44.1,47.2,47.4,47.1,43.1,48.6,48.1,50.1,46.3,42.9,45.5,50.5,202406,46.6,48.1,52.3,49.0,51.7,49.3,45.8,2024-07-11 09:05:31,49.5,49.8,49.5,49.3,51.0,57.2,47.0,50.5,49.8,48.1,48.3,51.7,57.6,50.5,,50.6,54.4,52.3,49.8,47.6,48.4,49.6,49.5,47.4,51.2,51.2,50.2
2024-07-11 09:05:31,44.8,49.4,46.9,46.7,56.3,47.6,,50.0,52.7,50.4,46.5,45.3,47.8,47.5,470,46.8,44.1,47.2,47.9,47.4,42.9,48.8,47.7,50.7,46.4,43.3,45.2,51.0,202405,45.3,49.3,50.7,49.7,56.9,49.0,46.2,2024-07-11 09:05:31,49.6,51.6,50.1,49.7,50.7,56.9,49.3,51.1,49.4,48.1,48.3,53.6,57.0,51.0,,50.8,54.3,54.4,50.6,47.8,47.9,49.7,49.5,46.7,50.8,49.6,50.5
2024-04-30 17:13:07,51.2,50.5,46.3,47.4,56.1,48.4,,50.3,52.8,49.1,47.3,45.6,49.4,49.5,464,48.1,45.3,47.8,,46.5,44.5,48.0,48.3,50.3,52.4,46.1,46.0,51.0,202404,47.6,50.5,53.0,48.7,54.0,50.9,47.2,2024-04-30 17:13:07,51.1,50.6,50.4,50.6,51.3,57.2,47.9,51.2,50.7,48.0,50.6,52.2,57.4,51.7,,52.9,55.2,56.3,50.3,48.1,48.4,51.1,50.4,50.3,53.4,51.9,50.3
2024-04-06 18:41:27,51.9,51.8,47.4,46.8,59.2,47.3,,50.8,52.7,47.4,48.9,47.6,48.6,48.7,1,50.4,48.2,47.2,49.1,47.2,44.8,48.9,47.6,51.1,52.1,45.7,46.2,51.1,202403,47.5,52.7,53.9,48.4,50.5,49.7,46.6,2024-04-06 18:41:27,53.0,53.4,50.6,50.3,51.6,58.4,49.4,53.0,50.6,48.1,51.3,48.2,58.2,52.7,,52.2,55.6,56.2,50.6,48.1,47.6,49.5,50.8,50.3,51.5,53.2,52.4
2024-04-06 18:41:27,43.8,50.0,46.8,46.9,55.7,47.3,,48.9,51.2,48.1,47.9,43.5,48.5,48.4,2,46.4,47.3,47.2,47.9,46.7,42.7,47.8,47.2,50.4,47.2,47.6,46.4,50.3,202402,43.3,48.0,50.8,48.9,50.1,50.4,47.0,2024-04-06 18:41:27,49.0,51.3,48.8,48.7,49.5,57.7,47.4,51.4,49.1,47.5,46.3,52.0,58.1,50.9,,49.8,54.2,53.5,48.6,47.4,49.4,50.6,49.1,46.4,49.6,49.4,51.0
2024-04-06 18:41:27,46.4,50.1,47.6,46.4,61.9,45.2,,51.1,52.3,47.0,49.4,44.3,48.9,48.7,3,46.7,46.7,47.1,47.6,47.7,43.7,47.7,48.2,50.4,47.8,50.1,47.2,52.0,202401,42.2,49.2,51.1,50.4,50.4,49.2,47.0,2024-04-06 18:41:27,49.0,51.5,50.8,50.6,50.1,59.7,48.7,50.7,48.9,47.6,47.2,52.0,59.3,50.9,,51.3,54.0,53.9,50.4,47.6,49.5,49.6,49.2,47.2,52.4,47.0,50.1
2024-04-06 18:41:27,46.5,49.4,47.5,46.3,65.7,50.9,,49.8,51.5,47.7,47.8,44.5,49.3,48.9,4,46.4,50.6,47.7,47.4,47.0,43.9,48.1,47.7,50.0,47.7,51.7,46.0,51.0,202312,44.7,49.0,50.3,51.7,51.5,49.3,47.1,2024-04-06 18:41:27,48.7,50.2,50.3,50.6,50.2,60.3,48.0,50.4,48.7,47.9,45.8,51.4,59.4,50.3,,50.2,55.9,56.9,50.8,47.7,49.0,49.6,49.0,47.3,50.1,48.1,49.3
2024-04-06 18:41:27,46.7,,47.2,46.7,62.6,46.8,,50.3,52.1,48.2,48.2,44.4,48.3,47.7,5,47.3,48.6,46.7,47.3,46.9,43.0,49.3,47.5,50.5,48.2,48.2,46.7,51.8,202311,48.3,49.6,51.2,51.3,50.7,49.2,46.9,2024-04-06 18:41:27,49.4,51.1,50.3,50.6,51.6,59.8,46.9,50.2,48.8,48.1,46.3,53.1,59.3,50.4,,50.7,55.8,55.0,50.1,48.0,48.5,49.8,49.4,47.8,50.5,48.8,49.3
2024-04-06 18:41:27,47.8,,46.7,46.5,61.4,49.1,,49.9,53.1,47.7,48.5,44.2,48.6,48.3,6,47.5,49.2,47.4,,46.2,43.1,48.8,47.0,50.7,48.8,46.4,46.2,52.0,202310,45.1,49.8,,50.0,52.6,49.7,46.5,2024-04-06 18:41:27,49.5,50.8,50.2,50.7,,58.1,48.3,50.6,48.7,48.0,46.8,49.9,57.5,50.7,,50.9,55.6,53.5,50.3,48.2,49.6,49.7,49.5,47.9,49.0,48.9,50.1
2024-04-06 18:41:27,47.1,51.3,47.8,46.9,61.8,49.4,,51.0,54.4,53.5,46.7,45.3,50.3,50.0,7,47.6,50.0,47.2,49.7,47.4,43.3,49.4,46.7,51.6,49.6,46.3,46.9,51.3,202309,46.5,50.7,50.1,51.5,59.4,52.1,46.8,2024-04-06 18:41:27,50.5,52.7,50.8,50.0,50.6,58.7,47.8,51.7,49.6,48.1,47.8,54.7,58.1,52.0,,52.7,55.5,56.2,51.1,48.5,49.9,52.5,50.2,48.0,52.4,49.7,50.9
2024-04-06 18:41:27,47.5,51.0,47.5,47.2,60.3,47.9,,51.9,53.7,52.0,47.2,45.9,50.0,49.9,8,48.9,48.5,47.5,,47.4,43.7,48.9,46.9,50.8,48.6,44.7,46.2,52.0,202308,46.7,50.5,,50.4,56.5,52.3,46.8,2024-04-06 18:41:27,50.2,51.6,51.6,51.3,,58.2,48.7,51.0,49.6,48.0,46.7,48.4,57.8,51.3,,51.9,55.6,53.8,51.4,48.4,49.0,51.7,49.7,47.7,51.6,50.3,50.5
2024-04-06 18:41:27,45.8,,48.1,46.8,60.5,47.7,,50.7,52.0,48.6,46.3,45.4,49.7,49.3,9,46.8,46.3,47.4,,48.4,43.8,48.7,47.9,50.3,47.4,45.2,45.9,51.4,202307,48.0,49.5,,52.0,52.4,50.8,46.6,2024-04-06 18:41:27,49.5,51.4,50.5,50.2,,59.0,49.0,51.5,49.0,48.1,46.3,50.7,58.7,51.1,,50.2,55.1,51.2,50.3,48.2,47.8,50.8,49.3,47.4,49.5,49.4,51.5
2024-04-06 18:41:27,44.0,,49.5,46.7,60.3,49.0,,50.3,52.7,43.9,46.1,45.2,47.8,47.2,10,47.0,48.7,47.9,,49.6,43.9,48.4,48.2,50.3,45.7,47.2,47.1,51.9,202306,47.2,48.9,51.2,51.6,45.0,48.6,46.8,2024-04-06 18:41:27,48.6,51.0,50.4,50.5,50.9,60.3,48.0,53.2,48.9,48.2,46.4,51.8,60.3,52.3,,50.3,53.4,55.7,50.6,47.4,47.2,49.0,49.0,46.4,50.2,48.5,52.8
2024-04-06 18:41:27,46.9,50.8,49.5,48.3,62.1,49.7,,50.8,51.5,41.6,48.9,46.1,47.6,47.8,11,48.6,49.5,47.5,45.8,49.5,43.9,48.9,48.7,50.0,47.9,48.5,47.1,51.9,202305,46.6,49.0,50.5,46.9,40.8,47.9,48.4,2024-04-06 18:41:27,48.3,50.3,50.5,50.4,50.4,60.4,47.5,54.5,47.6,48.4,47.2,44.7,60.1,52.9,,49.6,54.1,58.2,50.2,47.6,48.2,47.4,48.8,47.9,48.0,46.3,53.8
2024-04-06 18:41:27,47.6,49.8,56.0,48.2,64.1,52.1,,50.4,50.1,44.9,49.4,46.8,50.3,50.1,12,48.9,53.5,48.5,47.9,56.4,45.5,49.1,48.5,49.3,50.7,48.3,47.2,52.4,202304,48.4,49.1,49.3,51.5,46.4,51.7,48.3,2024-04-06 18:41:27,48.8,49.0,50.3,50.1,50.1,62.5,47.7,56.4,49.2,48.8,47.6,48.1,62.3,54.4,,50.2,54.7,63.9,50.3,47.9,47.8,51.1,49.2,49.0,49.8,49.3,55.1
2024-04-06 18:41:27,50.8,51.9,57.3,48.8,63.7,48.1,,51.3,57.2,48.6,49.5,48.9,47.8,47.3,13,50.9,50.2,47.9,,58.5,45.6,50.6,50.1,53.6,52.0,51.3,47.0,52.4,202303,46.8,53.5,51.2,50.9,50.9,49.6,49.2,2024-04-06 18:41:27,53.6,56.5,50.8,50.4,53.0,63.3,47.3,58.2,50.3,49.7,50.4,54.4,63.2,57.0,,54.6,55.5,65.6,50.3,48.3,49.6,50.3,51.9,50.4,52.6,51.3,56.9
2024-04-06 18:41:27,51.4,51.3,55.8,48.7,65.8,51.9,,52.9,58.2,51.2,50.6,49.3,50.8,50.4,14,51.3,62.1,49.1,51.6,54.7,50.3,51.0,50.0,53.7,53.7,58.6,48.2,55.2,202302,50.7,53.5,53.6,53.6,54.4,50.4,50.2,2024-04-06 18:41:27,54.1,56.1,52.0,51.4,54.5,64.9,47.9,56.3,52.0,50.2,52.4,55.3,64.8,56.4,,56.7,57.5,60.2,51.0,49.8,50.5,51.1,52.6,51.2,56.6,52.8,55.6
2024-04-06 18:41:27,45.5,50.9,52.5,45.5,68.2,45.9,,47.7,53.1,48.7,47.2,44.5,48.3,47.5,15,46.7,57.4,47.2,48.6,51.6,43.3,47.8,48.2,52.3,46.2,53.1,47.7,49.7,202301,45.1,50.4,52.5,52.8,52.2,50.9,46.7,2024-04-06 18:41:27,50.9,55.1,47.6,47.5,50.7,64.9,50.1,54.4,48.6,47.7,46.1,55.3,64.3,52.9,,49.8,55.6,56.4,47.6,49.6,51.3,51.5,50.1,47.2,47.2,48.2,54.0
2024-04-06 18:41:27,39.8,46.9,39.1,42.4,61.5,44.5,,40.6,46.6,49.0,46.6,43.1,47.5,47.0,16,43.7,48.8,44.2,47.4,37.4,43.0,44.9,45.4,48.3,40.8,45.7,45.4,40.4,202212,43.2,44.9,47.4,50.0,51.6,48.9,42.9,2024-04-06 18:41:27,43.9,46.4,40.1,38.8,46.0,53.7,47.2,41.6,46.4,44.8,44.2,51.2,52.3,42.6,,44.6,51.9,54.4,40.2,47.1,48.9,49.2,47.0,44.7,44.1,42.9,39.4
2024-04-06 18:41:27,41.8,48.8,42.3,45.2,59.6,46.1,,46.8,49.4,47.4,48.1,43.4,48.7,48.3,17,47.1,46.9,47.1,46.9,41.4,43.2,47.9,46.7,49.1,44.3,47.1,45.6,45.0,202211,45.7,47.1,49.3,50.9,50.7,50.1,45.5,2024-04-06 18:41:27,46.4,48.3,46.7,46.5,48.0,54.1,47.0,46.7,48.1,47.4,46.7,48.7,53.1,47.1,,47.8,48.9,55.4,46.7,46.7,47.0,49.9,48.0,45.6,47.8,46.8,45.1
2024-04-06 18:41:27,46.7,49.5,42.8,45.8,64.2,45.0,,47.8,51.3,48.7,48.0,43.9,48.1,47.8,18,47.9,48.9,47.8,48.8,41.7,43.1,48.5,48.6,50.1,47.8,47.8,45.7,48.3,202210,46.2,49.3,49.4,49.8,53.3,50.8,46.1,2024-04-06 18:41:27,48.1,49.6,47.1,47.1,49.6,57.9,48.0,48.7,48.9,48.3,47.6,52.3,56.7,49.0,,49.6,52.6,58.2,46.1,47.7,48.2,51.0,49.2,48.2,48.8,47.4,47.0
2024-04-06 18:41:27,47.2,,43.1,46.3,62.7,46.0,,49.0,53.7,47.1,47.3,44.1,48.2,47.5,19,48.1,51.8,48.5,50.6,41.6,41.7,49.5,48.6,51.1,48.3,48.3,45.3,48.7,202209,45.9,50.2,49.9,52.0,51.3,49.6,46.6,2024-04-06 18:41:27,49.8,51.0,48.7,48.1,49.5,57.1,48.3,50.6,49.7,49.0,47.0,52.4,56.1,50.9,,51.5,53.4,60.2,48.7,47.6,47.9,50.0,50.1,48.3,50.4,49.8,48.9
2024-04-06 18:41:27,46.5,52.3,49.8,46.7,62.9,48.9,,49.8,51.4,44.5,45.2,43.1,47.6,46.9,20,47.8,53.4,48.0,46.2,49.2,43.9,50.1,47.6,50.5,47.4,47.7,46.6,49.7,202208,47.6,49.2,50.6,51.4,44.3,49.4,46.8,2024-04-06 18:41:27,49.2,50.9,49.5,49.8,50.9,58.4,48.3,52.6,48.9,48.9,48.1,53.4,57.6,51.7,,49.8,52.3,56.5,48.8,48.0,48.0,50.0,49.4,47.6,49.0,48.4,51.9
2024-04-06 18:41:27,46.3,51.4,49.7,46.6,61.0,45.1,,50.5,50.9,40.1,48.0,42.6,47.4,46.9,21,46.9,51.1,46.9,,49.5,43.4,49.9,48.1,49.8,48.2,47.7,47.1,50.7,202207,48.4,48.9,51.5,50.2,40.4,49.2,46.7,2024-04-06 18:41:27,48.5,50.0,50.1,50.1,51.2,59.1,48.6,53.8,48.5,48.6,47.4,45.0,58.8,52.5,,49.8,52.0,59.2,49.5,47.9,47.2,48.6,49.0,47.9,49.2,47.8,52.8
2024-04-06 18:41:27,47.8,50.9,53.2,46.6,63.1,50.1,,51.6,53.2,46.3,48.6,44.2,49.6,49.5,22,49.2,50.8,48.5,,53.7,44.5,48.8,48.8,50.2,49.6,48.3,46.8,50.8,202206,46.7,51.1,52.8,50.3,52.0,53.3,46.9,2024-04-06 18:41:27,50.4,50.4,51.3,50.3,52.2,61.3,50.2,54.7,51.3,48.7,49.5,48.7,61.0,54.1,,52.8,55.2,56.6,51.6,48.1,47.5,52.6,50.2,48.6,54.5,52.4,54.3
2024-04-06 18:41:27,42.7,50.2,44.1,45.3,57.9,42.8,,45.4,52.5,49.5,49.3,45.0,49.4,49.0,23,45.1,46.4,47.5,,43.7,43.2,47.8,47.2,51.0,44.9,45.5,45.2,45.3,202205,45.1,48.4,50.5,51.5,55.8,52.5,45.3,2024-04-06 18:41:27,48.2,50.7,44.1,42.2,48.9,55.6,47.2,47.8,49.4,47.6,46.2,52.4,55.2,48.4,,49.7,53.9,52.2,43.5,47.9,49.6,52.5,49.6,46.7,48.9,48.3,47.1
2024-04-06 18:41:27,39.3,48.4,37.4,45.8,57.0,42.7,,37.5,45.2,54.4,50.3,46.0,48.9,48.1,24,42.9,45.3,47.7,47.3,36.0,41.2,47.5,45.9,48.1,42.5,43.1,43.9,42.8,202204,45.8,43.5,50.1,53.2,64.2,52.6,45.4,2024-04-06 18:41:27,42.6,44.3,37.2,37.0,45.8,53.6,46.7,41.9,47.5,47.2,41.6,60.3,53.0,42.7,,44.4,53.3,52.7,36.7,46.5,46.7,53.7,47.4,45.6,44.5,42.2,40.0
2024-04-06 18:41:27,44.0,49.3,45.7,46.6,60.3,45.8,,46.3,52.7,56.7,48.9,46.1,51.1,50.6,25,46.9,51.2,48.4,49.5,44.7,42.8,49.3,47.3,51.3,45.0,50.1,45.9,45.2,202203,48.0,48.7,50.4,54.4,66.1,54.9,47.1,2024-04-06 18:41:27,48.8,51.6,46.5,47.3,49.5,54.6,45.5,48.4,48.5,48.6,47.2,61.4,53.6,48.8,,49.5,55.7,58.1,46.2,47.3,48.1,55.9,49.5,46.6,47.6,47.8,46.7
2024-04-06 18:41:27,41.7,51.8,47.6,46.7,66.0,48.1,,48.3,53.3,54.1,47.3,45.2,49.8,49.2,26,48.6,55.1,49.1,48.3,46.3,44.1,49.2,49.4,51.8,41.1,55.8,46.6,49.8,202202,46.6,50.9,53.1,53.4,60.0,53.1,48.0,2024-04-06 18:41:27,50.7,53.2,48.2,48.3,51.4,60.5,47.3,51.6,51.4,49.2,49.0,58.4,59.6,51.2,,50.4,58.7,57.6,48.0,48.1,49.2,53.9,50.2,45.1,52.4,53.1,50.5
2024-04-06 18:41:27,42.7,50.2,47.8,46.5,64.4,46.0,,47.3,52.9,50.9,48.0,45.8,51.0,50.5,27,47.2,53.3,49.3,,46.8,43.9,48.9,48.2,51.6,45.3,49.2,47.0,49.2,202201,43.9,50.2,51.9,53.8,56.4,51.8,46.9,2024-04-06 18:41:27,49.3,51.8,47.6,48.1,50.3,57.9,49.6,51.1,50.5,48.9,48.4,53.6,56.7,51.0,,50.9,57.5,55.4,47.8,49.1,51.1,52.1,50.1,46.0,51.7,49.9,50.3
2024-04-06 18:41:27,44.2,51.1,48.4,46.8,59.9,47.7,,48.1,53.4,45.5,48.5,45.6,48.1,47.6,28,48.2,50.0,50.2,,48.2,43.4,48.9,47.9,51.3,45.6,51.8,46.4,49.6,202112,45.5,50.8,54.0,51.0,48.1,49.6,47.6,2024-04-06 18:41:27,49.7,50.8,48.3,48.6,51.6,57.3,49.0,52.7,51.3,49.1,48.1,48.1,56.9,52.2,,51.4,54.3,56.3,48.5,49.2,50.9,49.3,50.3,46.5,52.3,51.7,52.0
2024-04-06 18:41:27,47.6,51.4,48.9,46.6,58.3,47.5,,48.5,51.7,48.9,47.9,45.7,50.1,49.6,29,48.1,54.2,48.9,51.1,47.9,43.9,49.1,48.4,50.2,48.8,51.3,45.6,50.1,202111,44.7,50.2,53.2,52.5,52.9,51.8,47.3,2024-04-06 18:41:27,49.4,49.6,48.2,47.2,51.7,58.2,48.8,52.3,51.2,48.9,48.5,44.9,58.2,52.2,,52.0,53.8,59.1,48.4,47.7,48.4,50.8,50.1,48.5,54.8,50.4,51.1
2024-04-06 18:41:27,46.1,49.7,49.0,46.6,60.3,47.5,,47.2,50.1,61.1,46.3,45.0,52.7,52.0,30,47.5,52.3,48.8,47.2,48.4,44.3,49.4,47.4,50.3,45.8,52.4,45.5,49.7,202110,46.4,48.9,52.0,57.1,72.1,55.5,47.5,2024-04-06 18:41:27,48.8,50.6,46.7,45.9,51.2,58.8,46.3,52.4,48.6,48.8,46.6,70.7,58.5,50.8,,48.4,53.6,56.9,46.5,47.0,47.7,57.8,49.2,47.5,47.5,47.7,51.6
2024-04-06 18:41:27,46.3,49.7,49.0,46.9,60.1,46.4,,48.4,49.9,56.4,47.2,45.6,50.5,49.6,31,46.8,49.3,48.6,47.3,49.0,44.2,50.2,46.9,50.4,47.7,52.6,45.9,50.4,202109,45.9,49.7,54.0,55.8,63.5,51.8,47.8,2024-04-06 18:41:27,49.3,51.0,48.1,48.4,51.8,59.1,49.2,53.2,49.7,49.0,46.2,62.8,58.9,51.7,,49.5,56.4,57.5,47.5,48.2,48.6,53.5,49.6,47.5,50.1,48.8,52.4
2024-04-06 18:41:27,46.8,,42.2,46.4,58.4,43.9,,48.0,50.6,53.4,47.7,45.9,49.3,48.5,32,48.3,51.4,49.6,48.0,40.5,42.9,50.1,48.6,50.3,48.6,50.6,45.9,49.2,202108,45.6,50.3,53.7,53.6,61.3,50.5,47.0,2024-04-06 18:41:27,49.6,49.8,48.0,48.8,51.3,57.4,47.9,47.5,51.2,49.6,46.7,55.3,57.3,48.9,,50.9,57.5,60.5,47.4,47.7,48.5,51.3,50.1,48.2,53.0,51.3,45.2
2024-04-06 18:41:27,47.3,51.4,49.7,47.5,64.0,47.7,,49.2,53.1,53.8,47.6,46.1,51.3,51.1,33,49.4,50.0,49.7,47.4,49.7,44.8,50.4,47.5,51.7,47.6,52.1,47.3,51.3,202107,45.4,50.8,55.0,52.9,62.9,52.8,48.2,2024-04-06 18:41:27,50.9,53.0,48.9,48.6,52.4,60.7,48.7,53.3,50.0,49.6,47.7,57.1,60.1,52.4,,51.0,57.8,57.5,48.5,47.7,48.1,53.5,50.4,47.8,50.0,50.0,52.5
2024-04-06 18:41:27,48.8,52.2,49.6,47.6,63.2,45.4,,47.8,53.2,51.4,47.1,46.6,51.4,51.2,34,49.7,51.2,49.5,,49.4,43.8,49.3,48.7,51.7,49.7,50.3,47.0,51.0,202106,45.8,51.7,,52.0,61.2,53.7,48.0,2024-04-06 18:41:27,51.5,52.9,47.9,48.3,,60.8,48.4,53.5,50.8,49.2,48.1,51.7,60.4,52.9,,51.9,57.9,60.1,47.8,48.0,48.7,53.4,50.9,49.1,51.4,51.1,52.3
2024-04-06 18:41:27,47.7,,52.2,48.2,65.7,47.6,,47.1,53.8,60.6,46.5,45.9,52.8,52.0,35,50.9,53.8,48.2,,52.0,44.7,49.7,48.1,51.8,49.6,53.0,47.2,50.8,202105,46.9,51.9,55.2,57.0,72.8,54.9,48.9,2024-04-06 18:41:27,51.3,52.2,47.6,47.9,,62.9,47.0,55.2,51.1,48.9,48.3,73.6,62.4,54.2,,52.7,58.2,60.1,48.2,47.7,48.5,57.7,51.0,48.8,53.2,52.4,54.3
2024-04-06 18:41:27,51.8,50.8,51.5,48.3,64.8,48.1,,48.7,52.8,57.3,46.8,46.4,51.2,50.2,36,50.6,52.4,48.9,49.5,51.3,45.8,50.0,49.8,51.7,51.8,51.0,47.2,50.9,202104,45.9,51.7,54.0,56.7,66.9,53.1,48.7,2024-04-06 18:41:27,52.0,52.6,48.7,48.4,52.9,63.0,47.0,54.9,50.3,49.6,50.4,64.7,62.7,53.8,,52.2,58.3,57.4,48.9,48.3,50.2,54.9,51.1,50.8,51.4,51.2,54.4
2024-04-06 18:41:27,50.9,50.8,55.9,48.8,68.1,50.3,,50.4,55.0,59.8,46.7,46.6,52.2,51.7,37,51.1,59.0,49.5,51.8,55.4,45.9,50.7,49.4,52.7,51.3,55.0,48.2,51.8,202103,48.6,53.1,53.9,55.0,69.4,54.8,49.7,2024-04-06 18:41:27,53.6,54.9,50.0,49.8,52.9,63.7,47.1,56.3,51.6,50.1,51.2,63.6,62.9,55.3,,53.9,58.5,62.3,49.5,48.4,49.0,56.2,51.9,50.4,53.8,53.1,55.2
2024-04-06 18:41:27,47.9,50.5,48.9,47.4,68.2,45.7,,48.5,54.4,58.5,48.0,46.1,50.1,49.7,38,49.6,53.4,47.5,49.3,48.1,44.0,49.1,46.3,52.2,48.9,54.2,45.9,49.8,202102,44.1,51.6,53.6,52.5,66.7,53.7,48.4,2024-04-06 18:41:27,51.5,53.7,47.9,46.6,52.2,64.0,47.4,51.4,49.6,48.1,48.8,60.2,63.2,51.6,,51.9,59.2,54.7,47.7,47.7,49.3,54.7,50.6,48.3,49.6,50.3,50.8
2024-04-06 18:41:27,49.4,52.3,48.7,46.9,53.6,48.0,,49.4,54.6,57.2,49.0,47.3,51.4,51.1,39,49.8,51.2,49.0,,48.3,44.0,48.6,47.0,52.1,51.4,52.8,47.4,49.8,202101,45.2,52.0,,52.9,67.1,53.5,47.8,2024-04-06 18:41:27,52.3,53.8,48.8,48.0,,55.1,50.4,52.4,51.4,48.4,50.2,60.0,55.3,52.8,,53.5,57.9,60.0,48.3,49.0,49.7,54.5,51.3,49.4,53.1,51.7,51.1
2024-04-06 18:41:27,48.5,50.5,51.9,48.0,63.5,47.5,,50.1,55.8,58.9,46.2,47.1,52.3,52.0,40,50.4,55.8,50.2,,51.2,44.7,49.7,48.5,52.7,49.2,52.7,47.0,51.2,202012,46.9,53.2,,54.0,68.0,53.1,48.7,2024-04-06 18:41:27,53.6,55.0,49.9,49.8,,60.6,49.7,55.7,52.7,49.6,51.3,61.2,60.1,55.1,,54.2,59.8,60.7,49.6,48.6,48.6,54.3,51.9,48.8,54.9,54.6,54.8
2024-04-06 18:41:27,50.5,,52.8,47.9,61.8,49.0,,50.2,55.5,56.5,45.7,46.7,51.0,50.9,41,50.9,54.0,48.4,,52.6,45.2,50.0,49.9,53.0,51.8,54.4,48.8,51.8,202011,46.1,53.7,56.2,51.3,62.6,51.9,48.9,2024-04-06 18:41:27,53.9,55.6,50.1,50.4,53.1,61.2,48.4,56.4,52.0,49.5,51.5,57.5,61.1,55.7,,54.7,60.1,60.5,49.7,48.6,49.7,52.7,52.1,50.1,55.6,53.4,55.7
2024-04-06 18:41:27,49.7,,53.0,48.7,67.1,47.0,,50.9,55.2,53.2,44.9,47.2,49.4,48.9,42,50.8,53.1,48.1,,52.9,44.9,50.7,47.6,52.6,51.7,53.2,48.7,52.3,202010,46.0,53.1,53.6,52.3,58.8,50.6,49.4,2024-04-06 18:41:27,52.8,55.0,50.6,50.4,52.5,62.9,48.4,56.2,50.6,49.3,51.0,52.9,62.2,55.3,,53.9,59.3,59.8,50.2,48.0,48.6,50.9,51.4,49.4,53.2,51.2,55.5
2024-04-06 18:41:27,51.1,,54.0,48.1,67.8,49.1,,51.3,55.7,52.5,48.4,46.1,48.9,48.5,43,50.4,56.9,48.1,,53.5,46.3,51.1,48.1,52.5,51.6,54.6,48.5,52.2,202009,48.1,53.6,54.5,51.0,58.5,50.5,49.1,2024-04-06 18:41:27,52.8,53.8,50.7,50.5,53.0,63.0,47.2,55.9,50.7,49.6,50.8,51.3,62.2,55.1,,54.0,58.7,60.2,49.9,48.5,49.4,50.6,51.5,50.1,52.8,52.2,55.2
2024-04-06 18:41:27,46.2,,52.3,47.2,66.6,45.1,,50.7,55.3,53.2,47.1,46.0,50.1,49.8,44,49.0,56.4,49.1,,51.5,44.6,50.1,48.0,52.0,48.1,54.2,48.5,52.4,202008,46.6,51.7,52.8,52.2,58.3,51.7,48.3,2024-04-06 18:41:27,52.0,53.4,50.4,49.8,52.7,62.1,47.4,55.2,51.6,49.4,49.1,52.6,61.3,54.5,,53.5,58.6,60.2,50.3,47.3,47.5,51.9,51.0,47.7,54.1,53.5,54.3
2024-04-06 18:41:27,46.8,51.6,51.5,46.7,66.3,44.5,,50.9,55.3,52.2,47.6,45.6,50.1,49.9,45,49.1,54.6,47.6,,51.0,44.9,50.3,49.2,52.0,49.8,56.2,48.1,51.9,202007,48.3,52.4,51.3,51.3,58.1,52.7,48.1,2024-04-06 18:41:27,51.7,53.3,50.4,50.4,51.8,62.2,48.0,54.2,51.2,49.3,48.4,55.0,61.4,54.1,,54.0,57.8,60.5,49.6,47.9,47.7,53.0,51.1,48.6,54.7,52.3,53.1
2024-04-06 18:41:27,47.8,,52.7,47.1,67.8,43.3,,50.7,55.5,52.4,46.8,44.8,49.5,49.1,46,47.0,55.2,47.7,,52.3,44.8,49.7,49.7,52.1,49.2,57.4,48.0,52.1,202006,48.9,51.8,51.1,51.9,56.8,52.5,48.7,2024-04-06 18:41:27,51.4,53.6,50.5,50.2,52.3,60.3,46.3,54.4,50.2,49.1,42.6,55.2,59.0,54.2,,53.9,57.5,59.8,50.3,47.6,47.8,52.9,50.9,48.9,54.3,50.0,53.4
2024-04-06 18:41:27,51.0,51.8,52.6,46.7,67.5,41.3,,51.2,54.9,48.7,47.3,44.1,48.6,47.6,47,45.3,58.0,47.5,,51.7,44.3,50.1,50.5,51.6,52.2,58.8,47.8,52.9,202005,48.4,50.8,51.7,54.7,51.6,50.6,48.5,2024-04-06 18:41:27,50.9,52.5,50.5,49.9,52.2,63.9,45.8,53.6,48.8,49.4,35.3,60.0,63.2,53.4,,53.2,57.9,60.8,49.7,47.3,47.8,52.0,50.6,50.8,51.0,48.0,52.3
2024-04-06 18:41:27,49.8,52.9,52.1,47.1,65.4,35.5,,50.7,54.1,42.2,49.3,43.6,45.4,44.6,48,43.9,53.2,48.7,,51.9,43.4,51.1,50.2,51.1,53.4,57.1,47.0,51.0,202004,48.9,52.0,53.9,50.2,42.5,48.9,48.6,2024-04-06 18:41:27,50.2,50.6,50.1,48.2,54.1,60.1,47.4,53.2,50.2,50.2,33.5,49.3,59.2,53.4,,53.7,54.0,59.7,50.2,48.2,48.4,49.0,50.8,51.0,53.3,49.7,52.1
2024-04-06 18:41:27,49.7,52.0,49.2,46.7,59.9,38.6,,49.7,55.3,43.8,49.1,46.3,46.1,44.9,49,48.4,48.4,49.5,,49.3,43.0,52.1,49.7,52.6,51.6,53.1,46.1,46.4,202003,50.8,52.7,55.8,52.5,45.5,48.9,47.7,2024-04-06 18:41:27,52.0,53.2,48.2,45.9,54.5,57.3,48.2,52.3,51.5,50.9,46.4,52.5,56.8,53.0,,54.1,54.4,55.1,46.9,49.0,48.8,49.4,52.0,50.9,53.5,51.4,51.8
2024-04-06 18:41:27,26.8,37.6,26.5,38.9,41.8,26.8,,30.9,28.3,44.3,46.1,35.6,43.9,42.7,50,31.9,23.8,32.1,,27.0,35.2,32.0,30.8,36.3,26.1,32.3,39.3,28.3,202002,34.1,29.3,,50.9,51.4,48.4,37.9,2024-04-06 18:41:27,29.3,30.2,32.1,33.48,,40.0,33.3,29.6,35.5,31.8,28.7,54.0,39.7,28.9,,27.8,41.8,26.6,33.5,33.9,34.2,49.3,35.7,34.1,28.1,29.3,30.1
2024-04-06 18:41:27,48.2,50.5,50.6,47.4,64.4,48.4,,49.8,51.5,49.0,46.0,46.3,50.5,50.2,51,49.0,53.8,48.2,,50.0,43.6,46.7,48.8,50.4,49.3,55.3,47.2,52.1,202001,45.4,51.6,52.9,52.2,53.8,52.8,48.6,2024-04-06 18:41:27,51.4,52.6,49.9,49.8,50.7,59.6,45.4,54.1,50.1,47.5,48.7,56.1,58.7,53.0,,51.3,57.9,59.7,50.1,47.1,48.6,53.3,50.0,48.6,52.2,51.3,53.1
2024-04-06 18:41:27,46.3,51.4,50.4,47.9,59.2,47.8,,51.4,53.6,49.2,45.6,45.0,50.3,49.9,52,49.9,52.9,46.7,,50.0,44.5,47.7,47.1,50.6,47.5,50.7,47.2,52.2,201912,44.7,51.3,52.8,52.2,51.8,52.3,48.3,2024-04-06 18:41:27,51.2,51.9,51.1,50.0,51.3,59.1,47.8,53.5,51.4,47.3,50.3,53.0,59.1,53.4,,53.2,54.4,56.7,51.4,47.2,47.8,52.4,50.2,47.2,56.3,53.2,53.0
2024-04-06 18:41:27,50.6,51.1,51.3,47.8,63.1,48.8,,50.9,53.5,47.3,46.4,44.9,51.3,51.1,53,49.8,56.0,46.3,,50.5,44.6,48.1,46.5,50.9,51.0,55.5,47.4,52.1,201911,46.3,51.0,51.7,52.6,49.0,52.6,49.0,2024-04-06 18:41:27,51.3,52.1,50.5,49.7,51.0,61.0,47.1,54.4,49.5,47.3,48.8,56.3,60.6,53.7,,52.6,54.9,59.6,50.3,47.8,48.7,53.2,50.2,49.4,52.0,50.2,53.5
2024-04-06 18:41:27,46.8,50.8,49.4,47.6,63.2,48.1,,50.2,52.1,48.0,46.7,44.9,48.9,48.4,54,46.9,54.8,46.6,,48.4,44.0,47.8,47.1,49.9,48.4,51.8,46.7,51.8,201910,46.9,49.8,51.4,52.2,50.4,50.9,48.2,2024-04-06 18:41:27,49.6,50.1,50.1,49.0,50.3,60.7,46.3,52.8,49.0,47.3,47.0,53.1,60.3,52.0,,50.8,54.2,60.4,50.7,47.4,48.2,51.3,49.3,47.9,49.9,50.5,51.4
2024-04-06 18:41:27,47.9,50.5,50.5,47.7,62.0,47.3,,50.8,53.4,49.9,47.1,44.7,50.0,49.8,55,47.1,55.1,46.0,,49.7,43.9,47.6,46.7,50.8,51.7,51.1,46.4,51.9,201909,46.9,50.4,51.3,51.4,52.2,52.8,48.2,2024-04-06 18:41:27,50.5,52.5,50.5,50.5,49.8,59.7,46.7,53.7,48.6,47.0,48.2,52.5,59.3,53.1,,52.3,54.4,57.6,50.0,47.6,48.4,52.8,49.8,48.8,50.7,48.5,53.0
2024-04-06 18:41:27,48.1,,50.1,48.2,64.0,50.3,,50.2,53.2,46.7,47.8,44.8,49.1,48.7,56,46.7,53.9,44.8,,49.4,44.1,48.5,45.6,50.4,51.3,52.7,47.0,52.1,201908,46.5,49.3,51.2,51.5,48.6,51.2,48.9,2024-04-06 18:41:27,49.7,50.6,50.3,49.4,50.2,60.4,47.1,53.8,48.2,46.9,47.2,48.9,59.8,53.0,,51.9,53.3,61.2,51.0,47.5,48.1,50.8,49.5,48.6,49.9,49.2,52.5
2024-04-06 18:41:27,47.2,,50.4,48.1,63.7,48.4,,50.0,53.5,46.9,47.0,44.7,50.6,50.5,57,47.4,54.7,45.7,,49.7,44.4,47.9,46.9,50.7,49.6,52.1,45.5,52.0,201907,47.7,50.4,,51.1,50.7,52.7,48.7,2024-04-06 18:41:27,49.8,51.1,50.1,50.0,49.2,59.8,46.5,53.7,48.7,47.1,46.9,53.6,59.1,53.1,,52.1,53.6,58.2,50.4,48.0,48.9,52.9,49.7,48.2,51.1,49.0,52.9
2024-04-06 18:41:27,47.4,,51.5,47.9,62.6,48.5,,50.4,52.0,45.4,48.1,44.5,49.7,49.1,58,46.8,56.0,45.9,,50.7,44.4,47.0,48.3,49.9,48.0,50.4,46.0,51.4,201906,49.0,49.7,51.7,52.8,49.0,51.1,48.2,2024-04-06 18:41:27,49.6,50.7,50.2,49.5,50.0,60.6,47.7,54.2,49.1,46.9,46.3,53.9,60.3,53.0,,51.3,53.4,58.7,50.4,48.2,48.2,51.5,49.4,48.3,52.2,49.0,53.4
2024-04-06 18:41:27,46.7,,50.3,47.9,64.1,47.9,,50.8,53.1,49.0,48.1,44.3,49.9,49.5,59,47.1,52.1,45.8,,50.0,44.4,47.5,47.3,50.3,48.6,50.6,46.6,51.7,201905,48.1,50.5,52.1,52.6,51.8,51.7,48.3,2024-04-06 18:41:27,49.8,51.2,50.9,51.0,49.8,60.2,47.1,54.3,48.8,47.0,46.5,55.1,59.5,53.3,,51.7,54.5,58.6,51.0,47.4,47.3,52.2,49.4,47.8,51.1,49.4,53.5
2024-04-06 18:41:27,50.0,,50.8,48.5,61.9,49.2,,50.1,53.0,52.0,46.5,44.0,50.5,50.1,60,49.7,54.6,45.4,,50.2,44.2,47.7,48.5,50.8,51.2,50.2,46.3,51.5,201904,46.9,51.1,52.9,53.1,53.1,52.5,48.7,2024-04-06 18:41:27,51.4,52.5,49.9,49.6,,60.3,46.1,54.3,49.1,47.2,49.2,56.1,60.0,53.4,,52.1,56.5,60.1,49.7,47.2,47.9,53.0,50.1,49.8,51.1,50.4,53.3
2024-04-06 18:41:27,49.0,,52.5,47.8,65.7,49.9,,50.5,53.6,51.4,47.0,46.4,51.0,50.6,61,48.7,57.9,45.6,,51.5,45.0,48.6,47.5,51.1,50.8,54.1,47.1,51.5,201903,49.3,51.2,52.0,53.2,53.5,52.2,48.7,2024-04-06 18:41:27,51.6,52.5,50.2,50.3,51.2,61.1,48.3,54.8,49.9,47.6,47.1,54.0,60.3,54.0,,52.7,56.8,61.7,49.5,48.4,48.2,52.5,50.5,49.3,52.0,51.2,53.6
2024-04-06 18:41:27,42.8,,50.7,47.8,66.7,51.6,,49.8,52.7,48.5,46.4,43.6,50.1,49.8,62,44.8,52.0,46.2,48.1,50.5,44.9,47.8,48.9,51.5,43.4,53.2,47.1,51.4,201902,41.3,48.3,51.4,51.7,51.9,52.5,48.6,2024-04-06 18:41:27,50.6,55.0,49.8,48.5,50.0,61.5,45.8,54.3,46.9,47.5,45.2,53.6,60.6,52.4,,49.5,56.2,59.2,50.5,46.3,48.0,52.7,49.2,45.3,46.8,46.6,53.5
2024-04-06 18:41:27,45.5,49.6,51.0,47.8,64.5,49.5,,50.4,53.7,44.5,47.1,43.7,49.8,49.4,63,47.1,55.8,46.5,48.9,50.2,44.0,48.5,47.9,51.3,47.0,53.1,47.6,51.4,201901,46.5,49.1,49.6,51.9,46.3,51.8,48.6,2024-04-06 18:41:27,49.6,52.5,50.1,48.9,49.4,59.6,46.5,54.7,47.2,47.8,46.9,53.1,58.8,53.2,,50.9,52.5,60.9,50.2,48.1,49.4,52.0,49.5,47.3,47.6,46.2,53.6
2024-04-06 18:41:27,48.4,49.1,50.4,47.7,64.5,49.0,,50.6,52.1,43.3,48.2,44.1,47.6,47.3,64,45.9,56.5,47.8,,49.3,43.7,48.1,47.9,50.1,49.5,53.5,46.6,51.9,201812,46.1,49.8,48.1,49.1,44.8,49.6,48.5,2024-04-06 18:41:27,49.7,50.8,50.4,49.7,,60.8,46.1,53.8,48.4,48.0,46.6,52.8,60.2,52.6,,50.8,52.7,62.6,50.5,47.1,47.9,50.1,49.4,48.6,48.9,48.4,52.3
2024-04-06 18:41:27,48.5,,50.1,47.9,68.3,50.1,,50.5,53.1,46.4,48.6,44.3,49.4,48.8,65,47.1,56.5,48.1,,48.9,43.7,48.3,48.8,50.6,51.3,53.4,46.7,51.4,201811,46.9,50.8,,52.8,50.3,50.3,48.7,2024-04-06 18:41:27,50.4,51.5,50.3,50.4,,60.9,46.2,53.4,49.1,48.3,47.0,53.9,59.6,52.8,,51.9,54.2,59.3,49.9,47.4,48.2,50.8,50.0,49.2,50.0,49.5,52.4
2024-04-06 18:41:27,50.6,,50.1,48.0,66.0,47.8,,49.4,54.1,52.0,47.1,44.3,51.2,50.7,66,47.6,56.2,47.1,,49.1,43.8,48.5,48.5,51.6,50.8,54.1,47.4,51.5,201810,45.2,51.0,51.6,54.0,58.0,53.4,48.9,2024-04-06 18:41:27,50.8,52.8,49.5,48.8,,60.6,45.1,53.9,47.7,48.1,46.9,63.0,59.7,53.1,,52.0,56.4,63.9,50.1,47.2,48.9,54.9,50.2,49.8,48.6,47.0,52.1
2024-04-06 18:41:27,50.2,,51.0,48.5,65.1,49.8,,50.1,54.7,54.3,47.4,45.2,51.5,51.0,67,48.5,55.7,46.5,,50.1,43.8,48.9,49.5,52.1,52.2,53.9,47.1,51.6,201809,48.2,51.5,,54.4,59.8,54.3,49.3,2024-04-06 18:41:27,52.0,54.1,49.7,49.5,,60.1,45.2,54.9,48.7,48.3,48.0,62.8,59.3,54.1,,53.0,56.4,63.4,49.0,47.8,49.0,55.6,50.8,50.4,50.2,49.0,53.4
2024-04-06 18:41:27,50.9,,50.6,49.7,65.8,49.0,,49.7,54.3,54.3,47.4,46.7,50.9,50.3,68,49.1,49.6,48.0,,50.7,43.9,50.5,48.2,52.1,51.0,54.3,46.5,51.4,201808,47.3,51.8,,54.0,58.7,52.9,50.4,2024-04-06 18:41:27,52.2,53.0,49.6,48.9,,61.4,47.2,54.2,50.4,49.4,49.4,62.1,60.6,53.8,,53.3,57.0,59.0,49.8,48.7,49.9,54.3,51.3,50.0,52.7,51.4,53.4
2024-04-06 18:41:27,49.2,52.4,51.0,49.6,64.1,48.9,,49.9,54.5,50.5,47.1,45.7,52.0,51.6,69,49.6,56.4,47.9,,50.1,45.4,50.1,48.4,52.4,50.6,53.5,45.6,51.3,201807,46.7,51.5,52.6,54.0,54.3,53.2,50.2,2024-04-06 18:41:27,52.3,54.3,50.0,49.9,52.0,60.2,48.8,54.0,49.9,49.2,49.8,57.8,59.5,53.6,,53.0,56.6,59.5,50.3,48.9,49.6,53.9,51.2,49.3,51.6,50.2,53.0
2024-04-06 18:41:27,50.4,51.8,50.6,48.5,63.6,48.2,,50.1,55.8,53.3,46.3,45.5,51.1,50.5,70,50.0,52.6,48.3,,50.3,44.0,49.0,50.2,52.9,50.0,51.2,46.4,51.6,201806,48.3,52.8,54.2,54.4,57.7,52.1,48.9,2024-04-06 18:41:27,53.2,55.5,50.2,51.0,52.4,60.8,46.7,55.0,49.9,49.0,49.8,61.7,60.3,54.4,,53.6,57.9,60.7,49.9,48.8,50.0,53.5,51.5,49.8,51.5,50.4,54.0
2024-04-06 18:41:27,50.9,52.7,51.0,49.0,65.1,49.1,,50.2,56.4,53.2,46.1,45.9,50.6,50.2,71,50.9,54.2,47.7,50.5,50.4,44.1,49.9,49.0,53.1,49.6,50.0,46.0,51.7,201805,47.0,53.0,54.8,52.8,56.7,53.3,49.2,2024-04-06 18:41:27,53.8,55.2,50.1,50.9,53.0,61.0,49.4,54.9,51.0,49.1,51.2,59.4,60.3,54.6,,54.1,58.7,60.1,49.4,49.6,50.4,54.2,51.9,49.6,52.2,52.8,54.0
2024-04-06 18:41:27,51.0,,51.1,48.3,66.3,50.0,,50.3,54.1,50.2,47.2,46.2,50.6,50.6,72,50.2,55.6,47.5,49.9,50.3,44.4,49.7,49.2,52.0,51.4,53.2,46.7,51.5,201804,49.5,52.6,53.8,51.0,53.0,52.4,49.0,2024-04-06 18:41:27,52.9,54.0,50.2,50.7,51.7,61.5,50.4,54.8,50.7,49.0,50.7,54.6,60.6,54.1,,53.1,58.4,60.6,49.7,49.5,49.0,52.7,51.4,50.3,52.1,51.9,53.8
2024-04-06 18:41:27,50.9,53.1,50.1,48.6,66.7,50.4,,49.8,54.2,48.9,47.3,46.0,49.3,48.9,73,51.3,52.0,47.5,,49.8,44.3,50.1,49.2,52.4,50.6,52.6,46.2,51.6,201803,48.9,53.0,53.2,51.9,53.4,50.3,49.2,2024-04-06 18:41:27,53.3,54.4,50.1,50.2,52.2,61.1,48.9,54.6,50.4,49.1,51.3,48.0,60.1,54.0,,53.1,58.7,60.7,50.6,49.6,50.1,49.9,51.5,50.1,52.0,52.2,53.6
2024-04-06 18:41:27,41.4,50.5,50.5,48.9,65.7,45.9,,48.9,53.7,49.2,46.7,44.9,49.9,49.6,74,49.8,49.5,48.3,48.8,50.7,43.8,47.9,48.7,52.2,41.5,53.5,47.6,50.7,201802,45.0,50.8,,51.7,53.4,52.4,49.6,2024-04-06 18:41:27,51.0,55.1,48.4,48.2,51.0,61.2,50.1,54.4,49.0,48.1,49.0,57.9,60.4,52.9,,50.7,58.2,57.5,47.5,49.3,50.0,53.2,50.3,44.8,49.1,47.3,53.8
2024-04-06 18:41:27,48.5,52.7,51.9,48.4,64.7,50.1,,48.7,55.3,51.8,47.0,45.3,52.6,52.5,75,50.4,52.8,47.6,51.0,51.8,44.4,48.9,47.4,52.6,48.4,55.4,46.5,51.3,201801,47.7,52.9,,53.3,59.7,53.5,49.4,2024-04-06 18:41:27,52.6,54.7,49.2,49.5,50.0,61.7,47.9,55.3,50.1,48.3,49.5,56.2,61.2,54.6,,53.5,56.8,60.5,50.0,48.8,49.5,53.9,51.3,48.5,52.5,50.4,54.4
2024-04-06 18:41:27,48.5,52.4,52.0,48.2,64.1,51.5,,50.0,56.4,54.4,45.8,46.3,52.6,52.0,76,51.2,58.1,47.9,50.3,50.9,43.8,49.0,47.8,53.0,48.8,55.9,46.3,51.3,201712,46.6,53.6,,55.6,62.2,53.2,49.3,2024-04-06 18:41:27,53.4,55.7,49.3,48.3,52.6,60.9,47.9,55.0,50.4,48.5,51.9,64.3,60.3,54.6,,54.0,58.7,63.9,48.5,48.0,48.4,54.8,51.6,48.7,51.8,51.1,53.4
2024-04-06 18:41:27,49.5,,51.8,48.5,65.6,50.9,,50.0,56.1,53.8,46.1,46.6,52.8,52.5,77,51.0,55.1,47.6,,51.2,44.1,49.3,49.4,52.9,50.6,53.6,46.5,51.6,201711,46.1,53.5,,54.8,59.8,54.9,49.2,2024-04-06 18:41:27,53.6,55.5,49.5,48.2,,61.6,48.0,54.8,50.5,48.8,50.8,63.9,60.9,54.6,,54.3,57.9,61.4,49.2,48.4,49.1,56.2,51.8,49.8,52.3,51.8,53.6
2024-04-06 18:41:27,48.1,,51.1,48.6,63.2,50.7,,49.2,55.9,55.2,46.1,45.6,51.6,51.1,78,50.3,54.1,48.1,,50.5,43.9,49.3,49.4,53.1,48.2,53.6,46.4,51.1,201710,48.2,53.2,,54.6,63.4,53.1,49.4,2024-04-06 18:41:27,52.9,55.6,48.7,47.5,,60.6,47.2,54.3,49.8,49.0,50.1,61.4,60.1,53.9,,53.4,57.0,58.5,48.3,48.6,49.4,54.3,51.6,49.0,51.0,50.0,53.5
2024-04-06 18:41:27,49.9,53.4,52.3,48.5,67.0,49.7,,49.6,56.6,59.4,44.2,47.4,51.7,51.0,79,51.1,56.9,48.1,,51.5,44.2,49.5,48.8,53.8,49.1,56.4,47.0,51.6,201709,47.6,53.8,,55.2,68.4,54.2,49.7,2024-04-06 18:41:27,54.8,57.3,49.3,48.9,,61.7,47.4,55.4,51.1,49.0,51.3,67.0,60.8,55.1,,54.7,59.4,61.1,48.9,48.9,50.0,56.1,52.4,49.4,53.6,52.2,54.4
2024-04-06 18:41:27,48.0,,50.9,48.6,66.0,49.0,,49.5,55.5,57.4,45.5,46.1,51.5,51.0,80,51.4,54.5,48.1,,50.3,44.0,49.9,47.8,52.8,51.2,54.3,45.5,51.1,201708,47.6,52.9,,54.4,65.3,53.2,49.5,2024-04-06 18:41:27,53.1,54.8,49.3,49.7,,61.0,47.5,53.4,51.0,49.1,50.4,61.4,60.1,53.7,,54.1,59.5,58.0,48.6,48.3,48.9,54.4,51.7,49.1,52.9,52.2,52.6
2024-04-06 18:41:27,47.7,,51.1,48.6,65.3,52.1,,50.2,56.0,52.7,46.1,46.3,50.9,50.6,81,51.1,56.0,48.0,,50.2,43.9,49.7,49.4,52.9,48.3,54.2,45.9,51.7,201707,49.6,52.7,,52.5,57.9,51.9,49.5,2024-04-06 18:41:27,52.8,55.4,50.1,49.0,,61.1,47.0,54.5,49.6,49.2,50.9,59.8,60.4,54.1,,53.5,59.1,62.5,50.4,48.5,48.9,53.1,51.4,48.9,51.2,50.2,53.1
2024-04-06 18:41:27,49.6,,51.4,49.2,67.6,49.8,,50.0,56.2,49.1,46.3,47.2,49.3,48.8,82,51.2,55.4,49.0,,50.7,44.6,48.6,51.0,52.7,50.4,51.9,45.9,51.8,201706,48.9,52.5,,52.0,50.4,49.6,49.6,2024-04-06 18:41:27,53.1,55.2,49.9,50.0,,61.1,48.6,54.9,50.5,49.0,52.0,59.9,60.0,54.7,,54.4,58.7,61.4,49.7,48.6,48.6,51.2,51.7,50.1,52.7,50.8,53.8
2024-04-06 18:41:27,50.9,53.8,50.9,48.4,,48.5,,50.4,53.3,47.6,46.6,45.4,48.8,48.1,83,50.0,54.1,49.4,,50.3,43.7,49.0,50.9,51.2,52.3,52.4,46.1,51.8,201705,48.2,51.5,,52.9,49.5,49.8,49.0,2024-04-06 18:41:27,52.3,52.7,50.2,48.8,,60.2,48.1,54.5,51.3,49.4,50.7,58.4,,54.1,,53.4,56.8,60.4,50.6,48.5,48.9,51.1,51.2,51.0,54.3,52.2,53.5
2024-04-06 18:41:27,49.9,52.2,50.5,49.1,,47.1,,50.7,55.0,48.7,48.2,45.0,50.2,49.7,84,50.2,55.4,48.8,,49.7,44.0,49.3,49.8,52.0,50.3,51.9,46.2,52.0,201704,48.8,51.9,,53.1,51.8,51.5,49.5,2024-04-06 18:41:27,52.3,54.1,50.5,49.4,,59.7,49.5,54.0,50.2,49.2,50.6,52.8,,53.9,,53.8,56.6,61.6,50.6,48.3,47.6,51.7,51.2,50.0,51.9,50.4,52.6
2024-04-06 18:41:27,48.2,,51.9,48.8,,48.8,,50.5,56.1,53.2,47.3,46.1,49.7,48.9,85,50.5,53.3,48.5,,51.7,44.7,51.2,48.4,53.3,48.8,50.8,45.8,51.4,201703,47.9,53.4,,54.3,59.3,51.0,49.1,2024-04-06 18:41:27,53.3,55.5,50.3,50.5,,61.3,47.0,55.1,50.4,50.0,51.0,59.8,,54.7,,54.2,58.3,60.5,50.0,48.3,49.1,52.3,51.8,48.6,53.1,50.6,54.2
2024-04-06 18:41:27,44.2,,51.2,48.4,,50.1,,51.2,56.6,56.3,47.6,46.0,51.4,51.1,86,51.2,54.8,49.0,,50.5,43.5,50.5,47.5,53.3,45.6,57.1,45.8,52.1,201702,45.0,51.4,,53.3,64.2,52.2,49.7,2024-04-06 18:41:27,53.0,55.8,50.5,48.4,,62.4,48.6,54.2,50.5,49.7,50.8,61.6,,54.0,,53.7,60.0,60.1,50.2,48.6,49.4,53.7,51.6,46.4,51.6,51.5,53.2
2024-04-06 18:41:27,44.3,,51.3,48.6,,46.4,,50.1,55.1,54.7,45.0,46.3,51.0,50.6,87,50.7,57.1,49.5,,50.3,44.6,49.6,47.2,52.7,44.8,56.2,46.2,51.4,201701,44.3,52.6,52.9,52.9,64.5,54.9,49.8,2024-04-06 18:41:27,52.8,55.4,49.8,46.4,55.7,58.9,47.6,54.6,50.8,49.2,50.3,56.5,,54.0,,53.1,58.5,61.1,50.7,48.0,49.1,55.1,51.3,46.4,53.1,51.5,53.5
2024-04-06 18:41:27,46.3,,52.1,49.1,,48.9,,50.5,56.1,58.8,44.4,46.2,51.9,51.4,88,50.3,59.2,48.1,,50.9,44.0,49.6,47.6,53.2,46.5,54.9,47.2,51.6,201612,43.6,52.1,52.0,54.6,69.6,54.9,50.0,2024-04-06 18:41:27,53.2,56.2,50.0,48.1,53.8,59.5,46.6,54.5,49.6,48.9,50.1,63.5,,,,53.3,58.2,61.9,49.9,48.0,49.7,56.2,51.4,47.2,50.8,50.4,53.2
2024-04-06 18:41:27,46.2,53.2,51.8,49.6,,50.9,,50.0,57.1,58.3,45.9,46.7,51.4,51.1,89,50.6,55.1,48.5,,51.2,44.2,49.8,48.2,53.4,46.4,55.9,45.8,51.5,201611,45.2,52.9,,53.1,68.3,52.5,50.6,2024-04-06 18:41:27,53.2,55.8,49.7,48.3,,60.7,48.2,54.7,50.1,49.2,50.3,58.8,,,,53.9,59.0,60.4,49.8,48.4,49.3,53.5,51.7,47.4,50.9,51.2,53.7
2024-04-06 18:41:27,47.0,51.7,50.9,49.3,,51.4,,50.4,55.4,55.5,46.9,45.8,51.5,51.3,90,49.9,54.2,48.4,,50.4,44.0,49.1,48.5,52.5,48.1,53.9,45.3,51.4,201610,47.8,52.4,53.7,52.4,62.6,53.2,50.0,2024-04-06 18:41:27,52.8,55.2,50.2,48.9,52.3,60.6,47.4,54.0,49.9,48.8,49.2,56.5,,,,53.3,58.2,61.8,50.5,48.1,48.5,53.7,51.2,48.3,51.4,50.7,52.6
2024-04-06 18:41:27,43.9,50.8,51.4,49.3,,48.3,,50.1,56.1,51.5,46.4,45.2,50.1,50.0,91,50.4,55.9,47.5,,50.6,43.6,49.3,48.0,52.6,44.2,52.2,45.9,52.0,201609,46.2,51.9,52.4,51.0,57.5,51.2,49.7,2024-04-06 18:41:27,50.9,54.5,49.9,48.8,51.9,61.1,45.5,53.7,48.2,48.6,50.1,54.5,,,,52.8,57.3,61.9,50.0,47.4,48.6,51.7,50.4,46.1,50.2,46.9,52.3
2024-04-06 18:41:27,46.1,,49.8,48.9,,48.8,,50.9,54.9,52.0,46.6,45.0,50.4,50.5,92,49.5,50.8,48.1,,49.6,43.0,48.9,47.2,51.8,47.8,50.6,45.5,51.7,201608,46.8,52.6,,50.1,57.2,52.3,49.1,2024-04-06 18:41:27,51.3,53.6,50.6,49.9,,59.4,46.1,53.5,48.9,48.4,49.7,54.0,,,,52.6,56.4,58.2,50.3,47.6,48.5,52.6,50.4,47.4,50.1,49.1,52.7
2024-04-06 18:41:27,44.9,,49.9,48.2,,47.5,,50.6,54.1,50.0,46.8,45.5,49.5,49.5,93,49.3,56.5,47.7,,48.7,42.8,48.5,48.0,51.2,47.7,50.7,46.3,51.9,201607,46.6,50.5,,49.8,54.6,51.2,48.5,2024-04-06 18:41:27,50.4,52.6,50.5,51.5,,59.5,47.4,53.9,48.9,48.2,49.0,52.8,,,,52.1,55.8,61.1,49.8,47.3,47.4,51.4,49.9,46.9,50.2,48.6,52.6
2024-04-06 18:41:27,45.8,,50.8,48.0,,48.6,,50.7,54.3,47.0,46.5,45.0,50.6,50.4,94,49.1,58.8,47.2,,49.4,43.1,48.2,48.2,51.0,47.8,52.5,46.0,52.3,201606,46.9,50.5,,51.9,51.3,52.0,48.7,2024-04-06 18:41:27,50.5,52.3,50.7,50.7,,58.6,47.4,53.7,49.1,47.9,49.6,49.7,,,,52.5,55.2,62.0,50.7,47.0,46.8,51.6,50.0,47.4,51.1,49.1,52.2
2024-04-06 18:41:27,48.9,,49.2,48.9,,49.5,,50.0,52.8,49.7,46.8,45.1,49.8,49.5,95,49.6,52.1,48.4,,48.6,43.6,48.3,47.3,50.3,49.6,49.9,45.6,51.4,201605,47.2,51.2,,51.6,55.3,51.7,49.1,2024-04-06 18:41:27,50.7,50.9,50.4,51.0,,57.8,48.9,53.1,50.5,48.2,50.0,51.1,,,,52.3,55.1,59.4,50.9,47.6,47.1,51.6,50.1,48.6,52.8,51.1,52.0
2024-04-06 18:41:27,45.0,,48.7,48.9,,45.7,,50.1,53.3,51.7,45.5,44.8,49.1,48.6,96,49.5,50.0,48.0,,48.4,43.6,47.8,47.3,51.0,46.9,51.4,45.4,51.8,201604,47.0,51.0,,51.4,57.6,50.9,49.2,2024-04-06 18:41:27,51.0,52.9,50.1,49.8,,59.1,47.3,53.5,50.0,47.8,50.1,58.6,,,,52.2,55.0,59.4,50.3,47.4,47.5,52.1,50.1,46.9,52.6,50.1,52.5
2024-04-06 18:41:27,48.0,,50.8,48.4,,47.8,,51.4,54.4,50.9,46.0,45.7,49.5,49.2,97,50.1,50.5,47.6,,50.8,43.4,48.5,47.4,51.5,48.8,47.3,45.9,51.4,201603,47.1,52.6,,51.0,55.3,50.6,48.2,2024-04-06 18:41:27,51.4,53.5,51.3,51.6,,59.0,48.5,53.8,49.1,48.1,50.2,56.0,,,,52.3,54.8,58.0,51.0,48.2,48.3,51.4,50.2,48.1,50.7,49.1,53.1
2024-04-06 18:41:27,41.6,,48.7,48.6,,47.7,,49.9,51.9,47.3,46.4,43.9,48.3,48.1,98,45.8,48.1,48.4,,48.8,42.9,47.1,48.0,49.9,42.5,50.4,45.4,51.6,201602,44.4,47.9,,49.4,50.2,50.4,48.9,2024-04-06 18:41:27,48.6,50.5,49.8,48.8,,59.5,49.0,52.7,49.0,47.6,47.4,50.8,,,,50.2,53.3,55.2,50.1,48.0,48.3,50.5,49.0,44.4,50.2,47.5,52.2
2024-04-06 18:41:27,44.0,57.8,49.6,47.9,,47.3,,50.7,52.6,,44.6,43.4,47.7,47.4,99,46.4,53.1,48.0,,49.0,43.9,48.1,46.5,50.3,46.3,53.7,45.8,51.9,201601,43.4,49.0,,49.5,45.1,49.8,48.8,2024-04-06 18:41:27,49.5,51.3,50.5,49.1,48.9,58.4,46.7,53.5,49.0,47.8,46.9,50.7,,,,51.4,51.3,57.8,50.6,46.8,47.5,49.9,49.4,46.1,51.2,48.4,52.7
2024-04-06 18:41:27,42.1,54.4,51.7,48.2,,50.9,,51.0,54.1,,46.1,43.6,48.2,47.9,100,47.6,55.0,47.7,,51.2,44.5,47.4,46.9,50.9,42.8,52.6,45.5,52.1,201512,44.0,50.3,,49.5,42.4,49.5,48.9,2024-04-06 18:41:27,50.2,52.1,50.7,48.3,51.2,58.3,46.4,54.4,49.6,47.4,47.5,46.1,,,,52.2,44.6,58.3,51.1,47.6,48.8,49.0,49.7,44.9,52.4,49.8,53.7
2024-04-06 18:41:27,41.7,53.4,50.2,48.1,,49.4,,50.4,54.8,,46.7,43.0,47.7,47.4,101,46.7,49.5,48.5,,50.3,44.4,47.6,45.8,51.2,44.8,50.3,46.6,51.2,201511,43.6,48.3,,49.3,41.1,49.4,48.4,2024-04-06 18:41:27,49.8,52.2,50.6,49.6,,60.0,46.4,53.6,48.3,47.6,46.4,48.6,,,,51.9,48.3,58.1,51.2,47.1,48.2,49.3,49.6,44.8,48.8,48.2,52.8
2024-04-06 18:41:27,45.7,,51.2,49.4,,49.5,,50.2,54.0,,47.2,44.4,48.8,48.6,102,47.5,55.1,47.7,,48.9,43.5,48.3,46.0,51.0,47.0,50.2,45.9,51.6,201510,45.5,48.8,,49.9,44.4,51.7,49.6,2024-04-06 18:41:27,50.3,52.2,50.6,50.6,,61.1,46.8,53.1,48.7,47.8,47.4,47.9,,,,52.2,52.5,57.1,51.4,47.2,47.7,51.2,49.8,46.6,50.6,48.5,52.3
2024-04-06 18:41:27,45.6,,50.2,49.6,,51.1,,50.5,54.4,,46.8,43.8,47.9,47.9,103,48.1,49.6,48.0,,50.3,43.7,48.1,46.9,51.1,46.5,48.8,46.1,51.7,201509,47.7,48.6,,47.4,45.8,51.3,49.5,2024-04-06 18:41:27,50.2,52.1,50.8,50.7,50.9,60.0,46.5,53.4,48.5,47.9,47.9,47.9,,,,52.3,53.9,55.2,51.6,47.5,47.9,50.8,49.8,46.8,50.4,48.1,53.0
2024-04-06 18:41:27,46.6,,49.6,49.1,,46.6,,50.6,52.2,,47.2,44.6,47.8,47.3,104,47.2,53.1,48.1,,49.0,43.7,48.0,46.9,49.9,49.8,51.6,45.8,51.7,201508,47.3,49.4,,50.6,44.9,49.7,49.5,2024-04-06 18:41:27,49.7,50.1,50.6,49.6,48.3,59.7,48.6,53.4,49.8,47.9,47.7,48.8,,,,51.7,54.1,57.8,51.0,48.3,48.3,49.6,49.7,48.1,51.3,50.4,52.6
2024-04-06 18:41:27,45.3,,50.1,48.8,,46.2,,50.5,53.4,,47.4,44.0,47.4,46.8,105,47.8,51.4,47.5,,49.8,43.4,48.6,46.5,50.6,46.8,51.6,46.7,51.9,201507,48.8,50.3,,50.6,44.7,49.1,49.2,2024-04-06 18:41:27,49.9,51.0,50.4,50.4,,60.0,48.4,53.9,50.0,48.0,47.9,47.7,,,,52.4,52.9,60.1,50.1,48.4,48.3,48.9,50.0,46.9,52.9,49.7,52.8
2024-04-06 18:41:27,46.3,,51.3,49.2,,50.1,,50.2,54.2,,47.7,44.6,48.7,48.6,106,48.0,54.0,48.5,,50.8,44.7,48.2,47.1,50.8,47.7,52.3,47.0,51.9,201506,48.6,50.9,,49.4,47.3,51.2,49.7,2024-04-06 18:41:27,50.1,50.9,50.3,50.5,,59.7,48.6,53.8,50.2,48.1,48.2,47.6,,,,52.9,52.2,62.1,50.4,48.7,48.8,50.6,50.2,47.5,52.5,50.2,52.3
2024-04-06 18:41:27,47.4,,49.5,47.7,,47.9,,50.6,53.5,,47.5,44.7,50.4,50.6,107,47.6,51.2,48.1,,49.1,43.7,48.3,47.9,50.7,47.7,46.9,46.8,52.0,201505,47.4,51.0,,49.6,49.4,53.8,47.6,2024-04-06 18:41:27,50.6,51.2,50.9,50.4,,60.1,47.1,53.2,50.4,48.2,48.9,48.8,,,,52.9,56.8,57.9,51.6,48.2,48.8,52.8,50.2,47.9,54.2,50.9,52.0
2024-04-06 18:41:27,47.5,,49.1,48.2,,49.7,,50.5,53.7,,48.0,43.8,48.9,49.0,108,47.8,47.3,48.0,,49.5,44.2,48.2,47.4,50.6,49.1,51.8,46.4,52.5,201504,48.5,50.1,,48.4,47.8,51.7,48.9,2024-04-06 18:41:27,50.2,50.8,50.4,49.5,,60.0,47.3,53.4,49.8,48.0,48.1,47.2,,,,52.6,59.5,57.5,50.7,48.2,48.5,50.8,50.1,48.4,52.1,50.1,52.4
2024-04-06 18:41:27,45.2,,50.3,48.2,,51.5,,49.9,54.5,,48.6,44.1,48.4,48.2,109,48.1,54.7,,,49.2,43.1,,,51.5,46.4,52.4,47.2,52.0,201503,,49.7,,49.5,45.0,50.3,49.0,2024-04-06 18:41:27,50.2,52.7,50.1,50.0,,58.8,,53.7,48.3,48.4,48.3,49.1,,,,52.1,61.3,58.9,50.4,48.0,,50.0,50.1,46.9,49.6,47.1,52.3
2024-04-06 18:41:27,48.2,,51.2,49.2,,52.1,,50.1,52.4,,47.0,43.8,51.2,51.5,110,47.5,52.3,,,50.9,46.5,,,50.4,49.2,51.9,47.8,51.5,201502,43.6,49.4,,49.8,43.9,53.4,49.8,2024-04-06 18:41:27,50.4,51.6,49.9,50.0,,58.7,50.2,53.9,49.4,47.8,48.5,49.0,,,,51.4,54.0,56.5,49.6,48.2,48.1,52.5,49.9,48.1,49.9,48.4,53.2
2024-04-06 18:41:27,45.1,,50.2,49.6,,53.3,,50.3,52.7,,48.0,44.0,46.9,46.4,111,46.4,50.4,,,50.2,45.4,,,50.3,46.6,53.1,46.5,51.6,201501,,49.6,,48.7,41.9,47.7,50.3,2024-04-06 18:41:27,50.2,50.8,50.2,50.0,,59.6,,53.7,49.9,47.9,48.4,47.1,,,,51.7,47.4,56.9,50.0,47.3,,47.6,49.8,46.4,51.5,50.9,52.9
2024-04-06 18:41:27,43.5,,50.5,49.0,,52.9,,50.0,54.6,,47.8,43.8,47.3,46.9,112,47.8,54.0,,,49.6,46.7,,,51.4,44.3,49.5,46.7,51.4,201412,,50.1,,48.9,43.2,50.1,49.1,2024-04-06 18:41:27,50.4,52.7,49.9,49.3,,59.5,,54.1,48.7,48.1,49.1,49.9,,,,52.2,48.7,57.1,49.8,47.5,,50.1,50.1,45.5,49.9,47.7,53.3
2024-04-06 18:41:27,,,50.1,48.8,,49.3,,,,,47.2,43.9,47.7,47.1,113,47.3,52.9,,,49.4,44.1,,,51.6,,52.3,46.3,51.5,201411,,50.5,,49.8,44.7,50.1,49.5,2024-04-06 18:41:27,50.9,,50.3,,,59.7,,53.9,48.4,48.2,48.4,52.5,,,,52.5,52.2,58.9,,47.7,,50.6,50.3,47.6,,,52.6
2024-04-06 18:41:27,,,51.0,48.4,,49.0,,,,,47.9,44.7,48.8,48.4,114,47.9,56.4,,,49.6,45.6,,,51.9,,50.5,47.3,52.5,201410,,50.7,,50.2,45.1,51.8,48.9,2024-04-06 18:41:27,51.6,,50.1,,,59.9,,53.8,49.1,48.4,49.9,53.0,,,,53.1,54.1,58.5,,48.4,,52.0,50.8,48.5,,,52.6
2024-04-06 18:41:27,,,49.5,49.0,,50.8,,,,,47.2,45.6,47.3,46.8,115,48.0,50.0,,,49.4,44.0,,,52.0,,51.4,46.1,51.7,201409,,51.2,,49.1,47.4,50.1,49.5,2024-04-06 18:41:27,52.2,,50.1,,,60.9,,54.0,50.0,48.2,50.2,48.9,,,,53.6,56.0,60.2,,48.8,,49.8,51.1,48.6,,,52.5
2024-04-06 18:41:27,,,50.0,49.0,,51.6,,,,,48.1,45.9,48.3,47.9,116,48.5,47.5,,,50.6,46.5,,,51.9,,51.8,46.9,52.2,201408,,51.9,,50.0,49.3,52.5,49.6,2024-04-06 18:41:27,52.5,,50.0,,,61.2,,54.4,49.9,48.2,50.0,51.0,,,,53.2,57.9,57.7,,48.6,,52.2,51.1,49.1,,,53.6
2024-04-06 18:41:27,,,50.7,,,49.8,,,,,47.6,46.4,49.5,49.5,117,49.3,51.6,,,50.5,46.1,,,52.6,,,48.3,51.6,201407,,53.0,,49.7,50.5,53.6,49.3,2024-04-06 18:41:27,53.6,,50.2,,,61.5,,54.2,50.1,48.3,50.8,52.8,,,,54.2,55.3,58.2,,49.0,,53.4,51.7,50.1,,,53.2
2024-04-06 18:41:27,,,50.7,,,50.2,,,,,47.3,46.2,50.8,51.1,118,49.2,52.2,,,50.4,45.3,,,51.5,,,45.9,52.7,201406,,52.0,,49.7,50.1,56.5,50.4,2024-04-06 18:41:27,52.8,,50.5,,,60.4,,55.0,51.1,48.6,50.3,53.9,,,,53.0,54.8,60.6,,48.0,,56.0,51.0,48.4,,,53.5
2024-04-06 18:41:27,,,52.7,,,52.7,,,,,47.1,46.0,49.0,49.2,119,49.0,53.4,,,52.5,45.6,,,50.9,,,47.1,52.4,201405,,52.3,,48.2,50.0,54.8,50.9,2024-04-06 18:41:27,52.3,,50.3,,,60.7,,55.5,51.4,48.2,49.3,53.2,,,,52.8,56.2,59.8,,48.0,,54.5,50.8,48.8,,,54.4
2024-04-06 18:41:27,,,50.8,,,51.0,,,,,47.3,44.9,49.4,49.0,120,48.6,51.4,,,50.7,44.3,,,50.8,,,47.2,52.1,201404,,50.6,,51.0,48.3,52.4,50.2,2024-04-06 18:41:27,51.2,,50.1,,,61.5,,54.8,50.3,48.3,49.1,52.3,,,,52.5,59.6,60.9,,48.1,,52.4,50.4,48.8,,,53.4
2024-04-06 18:41:27,,,50.8,,,51.7,,,,,48.3,44.8,49.5,49.3,121,49.1,53.9,,,50.1,44.9,,,51.0,,,48.3,52.1,201403,,50.3,,50.4,44.4,53.4,51.4,2024-04-06 18:41:27,50.6,,49.8,,,61.5,,54.5,49.2,48.3,50.1,50.5,,,,52.7,62.7,61.3,,47.8,,52.8,50.3,49.3,,,52.8
2024-04-06 18:41:27,,,51.4,,,48.3,,,,,47.8,45.1,49.0,48.5,122,46.5,54.9,,,50.5,45.3,,,50.7,,,46.5,51.5,201402,,49.4,,51.1,47.7,52.5,50.9,2024-04-06 18:41:27,50.5,,49.9,,,59.9,,55.0,49.4,48.0,48.2,50.7,,,,52.6,61.8,59.9,,47.4,,52.1,50.2,48.9,,,53.8
2024-04-06 18:41:27,,,50.9,,,50.1,,,,,46.5,45.7,50.1,50.0,123,48.2,55.8,,,49.6,45.1,,,51.4,,,48.7,52.0,201401,,51.0,,50.4,49.2,54.4,49.7,2024-04-06 18:41:27,50.9,,49.8,,,58.1,,53.4,49.5,48.2,49.3,54.7,,,,53.0,51.3,61.0,,47.8,,54.5,50.5,47.1,,,51.5
2024-04-06 18:41:27,,,51.0,,,49.4,,,,,46.2,45.1,52.0,52.3,124,49.0,55.9,,,49.7,45.5,,,52.0,,,46.9,52.4,201312,,52.7,,50.9,52.6,57.6,51.1,2024-04-06 18:41:27,52.0,,50.5,,,58.7,,54.6,49.9,48.7,49.8,53.9,,,,53.9,49.4,62.6,,47.6,,56.9,51.0,47.7,,,52.5
2024-04-06 18:41:27,,,51.0,,,49.9,,,,,47.9,45.3,49.5,48.8,125,50.5,53.8,,,50.3,45.4,,,52.4,,,47.0,52.1,201311,,53.6,,52.2,52.5,54.5,51.9,2024-04-06 18:41:27,52.3,,50.6,,,61.3,,56.0,50.2,49.6,50.6,56.3,,,,54.5,54.9,63.5,,47.8,,54.8,51.4,48.3,,,54.1
2024-04-06 18:41:27,,,51.6,,,49.4,,,,,45.6,45.5,51.4,51.2,126,50.0,53.7,,,51.1,45.0,,,52.3,,,46.8,51.8,201310,,52.7,,52.0,53.3,55.4,51.5,2024-04-06 18:41:27,52.5,,50.8,,,60.5,,56.3,50.2,49.2,50.4,58.9,,,,54.4,57.5,62.0,,48.6,,56.1,51.4,48.5,,,54.8
2024-04-06 18:41:27,,,53.4,,,50.5,,,,,47.4,46.2,50.6,50.6,127,50.4,55.7,,,52.8,46.8,,,52.1,,,47.1,52.7,201309,,52.5,,50.7,54.5,57.5,51.3,2024-04-06 18:41:27,52.8,,50.8,,,60.1,,55.4,49.7,49.1,50.7,53.5,,,,52.9,58.4,61.5,,48.5,,56.7,51.1,48.8,,,53.9
2024-04-06 18:41:27,,,50.9,,,49.6,,,,,47.6,44.8,51.2,51.5,128,50.0,55.1,,,49.9,46.1,,,51.8,,,47.3,52.2,201308,,52.0,,50.2,53.2,57.4,52.5,2024-04-06 18:41:27,52.4,,50.4,,,62.9,,53.9,49.6,49.3,50.2,56.2,,,,52.6,59.4,59.5,,48.0,,57.1,51.0,49.2,,,52.5
2024-04-06 18:41:27,,,50.3,,,53.1,,,,,47.3,44.7,52.4,52.7,129,48.4,51.7,,,50.0,44.9,,,50.8,,,46.9,52.0,201307,,50.0,,51.4,50.1,58.3,51.3,2024-04-06 18:41:27,50.6,,50.1,,,63.9,,54.1,49.6,49.1,49.0,58.2,,,,52.4,56.4,58.5,,47.6,,58.2,50.3,49.4,,,53.0
2024-04-06 18:41:27,,,50.3,,,50.4,,,,,48.2,42.9,50.6,50.7,130,47.9,51.7,,,49.9,45.9,,,50.4,,,47.0,52.2,201306,,49.5,,50.2,44.6,56.5,51.5,2024-04-06 18:41:27,50.4,,50.3,,,61.8,,53.9,49.8,48.7,47.7,49.1,,,,52.0,54.1,59.3,,47.4,,55.0,50.1,48.9,,,52.6
2024-04-06 18:41:27,,,50.1,,,49.1,,,,,48.6,44.9,50.7,50.5,131,50.3,53.4,,,49.2,45.3,,,51.1,,,46.9,52.2,201305,,51.5,,51.5,45.1,54.7,51.3,2024-04-06 18:41:27,51.8,,50.8,,,62.9,,54.3,51.4,48.8,49.4,53.3,,,,53.3,56.3,62.2,,47.6,,54.4,50.8,47.3,,,52.3
2024-04-06 18:41:27,,,50.9,,,51.9,,,,,47.7,43.6,47.6,46.7,132,48.7,55.0,,,49.8,44.6,,,51.0,,,46.4,52.7,201304,,51.0,,50.9,40.1,51.4,51.4,2024-04-06 18:41:27,51.7,,50.8,,,62.5,,54.5,50.7,49.0,48.6,50.1,,,,52.6,59.3,62.4,,47.5,,51.1,50.6,47.6,,,52.5
2024-04-06 18:41:27,,,52.0,,,51.7,,,,,50.2,47.1,50.0,49.9,133,48.9,54.4,,,51.4,45.0,,,51.4,,,46.0,52.6,201303,,51.9,,50.4,50.6,56.1,50.4,2024-04-06 18:41:27,52.3,,51.1,,,62.4,,55.6,50.3,49.8,50.9,52.1,,,,52.7,65.5,62.5,,47.5,,55.3,50.9,49.3,,,53.9
2024-04-06 18:41:27,,,51.8,,,51.6,,,,,46.6,44.4,51.1,51.3,134,48.1,54.0,,,51.2,44.9,,,51.3,,,47.4,50.1,201302,,50.2,,50.6,55.5,56.2,51.9,2024-04-06 18:41:27,50.1,,48.3,,,62.7,,54.5,48.8,47.6,47.3,56.4,,,,51.2,64.6,58.0,,49.5,,56.2,50.1,46.0,,,53.6
2024-04-06 18:41:27,,,53.7,,,52.6,,,,,47.4,44.4,50.9,50.8,135,49.1,56.7,,,53.0,45.8,,,51.3,,,48.4,50.9,201301,,53.2,,51.5,57.2,57.9,51.8,2024-04-06 18:41:27,51.6,,50.0,,,61.4,,56.2,49.7,47.8,48.5,59.5,,,,51.3,55.9,61.6,,50.1,,58.2,50.4,46.2,,,54.9
2024-04-06 18:41:27,,,54.3,,,52.5,,,,,49.4,45.9,50.0,49.6,136,49.0,57.2,,,53.6,46.0,,,51.1,,,47.5,53.1,201212,,52.1,,51.5,53.3,54.2,52.1,2024-04-06 18:41:27,51.2,,48.8,,,64.6,,56.1,49.9,49.0,50.0,51.9,,,,52.0,,61.9,,47.3,,53.8,50.6,48.1,,,54.7
2024-04-06 18:41:27,,,53.2,,,50.8,,,,,48.8,45.3,48.4,47.8,137,48.5,58.1,,,52.0,46.6,,,51.4,,,47.3,52.6,201211,,51.4,,51.2,50.1,52.5,51.8,2024-04-06 18:41:27,51.2,,49.9,,,64.6,,55.6,49.7,48.7,50.2,52.9,,,,52.5,,61.3,,47.9,,52.5,50.6,46.1,,,54.2
2024-04-06 18:41:27,,,51.6,,,49.3,,,,,48.1,43.8,50.5,50.4,138,48.4,55.4,,,50.7,44.6,,,50.9,,,46.2,53.0,201210,,51.2,,50.9,54.3,57.2,51.1,2024-04-06 18:41:27,50.4,,50.1,,,63.4,,55.5,49.3,49.2,49.3,61.5,,,,52.1,,60.2,,47.3,,58.1,50.2,47.2,,,54.4
2024-04-06 18:41:27,,,51.8,,,49.8,,,,,47.9,46.5,51.3,51.4,139,47.7,55.7,,,50.8,44.7,,,50.2,,,48.3,52.9,201209,,49.8,,51.0,51.0,58.7,51.0,2024-04-06 18:41:27,49.8,,49.5,,,60.9,,53.7,49.8,48.9,48.8,52.7,,,,51.3,,58.0,,47.0,,57.5,49.8,46.7,,,52.6
2024-04-06 18:41:27,,,52.7,,,49.6,,,,,48.2,45.1,51.2,51.7,140,47.0,55.3,,,52.1,44.7,,,49.1,,,47.8,52.6,201208,,48.8,,49.5,46.1,59.3,51.7,2024-04-06 18:41:27,48.7,,50.0,,,63.2,,56.3,49.9,49.1,46.6,50.9,,,,50.9,,61.1,,45.1,,57.6,49.2,47.7,,,55.1
2024-04-06 18:41:27,,,53.2,,,49.4,,,,,48.0,41.9,48.7,49.0,141,45.0,57.0,,,52.2,45.3,,,50.3,,,47.2,52.5,201207,,46.8,,47.6,41.0,50.5,51.4,2024-04-06 18:41:27,49.0,,49.0,,,63.9,,55.6,50.2,49.5,46.6,46.2,,,,51.8,,60.4,,48.5,,49.7,50.1,48.1,,,54.4
2024-04-06 18:41:27,,,53.7,,,50.5,,,,,52.3,43.3,48.6,48.6,142,46.5,54.2,,,53.6,44.1,,,50.6,,,49.2,52.2,201206,,46.9,,48.7,41.2,53.3,51.4,2024-04-06 18:41:27,49.2,,49.1,,,65.5,,56.7,50.0,49.7,47.5,47.2,,,,52.0,,58.1,,48.2,,52.1,50.2,47.2,,,56.4
2024-04-06 18:41:27,,,52.5,,,50.5,,,,,52.2,43.6,48.5,48.2,143,48.1,54.2,,,52.1,44.6,,,51.1,,,48.5,51.8,201205,,50.8,,49.9,44.8,54.5,51.3,2024-04-06 18:41:27,49.8,,49.0,,,65.4,,55.2,50.8,50.5,50.4,49.7,,,,52.9,,59.2,,45.1,,53.6,50.4,45.2,,,54.3
2024-04-06 18:41:27,,,52.7,,,52.7,,,,,49.5,48.4,50.3,,144,50.5,54.3,,,52.3,45.0,,,53.8,,,49.6,52.9,201204,,54.4,,,54.8,,52.1,2024-04-06 18:41:27,54.5,,49.6,,,66.1,,56.1,53.4,51.0,52.2,,,,,57.2,,60.3,,48.5,,57.9,53.3,49.1,,,55.0
2024-04-06 18:41:27,,,53.5,,,53.2,,,,,50.8,50.5,52.0,,145,51.5,56.3,,,52.8,45.1,,,54.3,,,48.8,53.2,201203,,54.8,,,55.9,,52.3,2024-04-06 18:41:27,55.1,,48.9,,,66.6,,58.0,50.4,51.0,51.9,,,,,55.2,,61.7,,49.5,,60.2,53.1,50.9,,,57.4
2024-04-06 18:41:27,,,52.7,,,45.7,,,,,50.5,49.4,51.2,,146,50.8,49.5,,,,44.5,,,50.9,,,49.7,50.8,201202,,53.6,,,54.0,,53.8,2024-04-06 18:41:27,51.0,,50.3,,,63.8,,57.3,49.5,49.5,51.1,,,,,53.8,,53.7,,48.8,,59.0,51.0,55.2,,,56.0
2024-04-06 18:41:27,,,52.2,,,45.8,,,,,48.0,43.2,51.1,,147,46.9,,,,,44.6,,,,,,48.2,50.8,201201,,50.2,,,50.0,,53.1,2024-04-06 18:41:27,50.4,,49.7,,,65.3,,55.7,,47.1,46.9,,,,,53.6,,,,49.7,,58.2,50.5,,,,
2024-04-06 18:41:27,,,50.5,,,46.4,,,,,50.6,46.6,49.6,,148,49.1,,,,,43.8,,,51.1,,,48.5,52.1,201112,,50.9,,,47.1,,52.7,2024-04-06 18:41:27,49.8,,50.1,,,61.7,,56.3,49.3,48.7,48.6,,,,,53.4,,55.4,,48.3,,56.7,50.3,48.7,,,
2024-04-06 18:41:27,,,47.2,,,45.6,,,,,53.1,45.2,49.0,,149,47.3,,,,,44.6,,,,,,48.9,51.0,201111,,49.8,,,44.4,,52.2,2024-04-06 18:41:27,47.8,,50.4,,,60.7,,55.9,,49.0,45.6,,,,,50.9,,55.4,,46.7,,54.4,49.0,,,,
2024-04-06 18:41:27,,,52.5,,,50.4,,,,,50.3,46.0,49.3,,150,47.0,,,,,44.3,,,,,,48.1,52.5,201110,,50.7,,,46.2,,52.0,2024-04-06 18:41:27,50.5,,50.7,,,60.6,,55.5,,49.7,48.6,,,,,52.3,,59.5,,48.5,,55.7,50.4,,,,
2024-04-06 18:41:27,,,52.8,,,49.7,,,,,49.9,48.9,50.8,,151,50.1,,,,,45.0,,,,,,49.2,52.7,201109,,51.5,,,56.6,,52.8,2024-04-06 18:41:27,51.3,,49.5,,,66.4,,55.8,,51.0,50.9,,,,,52.7,,,,49.0,,59.9,51.2,,,,
2024-04-06 18:41:27,,,54.1,,,52.4,,,,,48.9,47.6,51.6,,152,49.7,,,,,46.0,,,,,,49.7,52.6,201108,,51.2,,,57.2,,54.1,2024-04-06 18:41:27,51.1,,49.9,,,66.0,,57.1,,50.4,48.3,,,,,52.3,,63.2,,48.8,,60.2,50.9,,,,
2024-04-06 18:41:27,,,55.6,,,56.5,,,,,49.2,46.5,52.1,,153,49.1,,,,,45.3,,,,,,49.4,52.8,201107,,52.0,,,56.3,,53.8,2024-04-06 18:41:27,51.1,,50.3,,,67.0,,57.3,,50.5,50.4,,,,,52.1,,69.3,,47.6,,63.1,50.7,,,,
2024-04-06 18:41:27,,,53.5,,,53.6,,,,,51.0,45.9,50.9,,154,48.7,,,,,44.9,,,,,,49.0,52.5,201106,,51.5,,,56.7,,53.2,2024-04-06 18:41:27,50.8,,49.8,,,67.8,,56.6,,50.2,50.5,,,,,53.1,,72.4,,48.5,,61.6,50.9,,,,
2024-04-06 18:41:27,,,56.5,,,52.3,,,,,50.0,47.7,52.2,,155,50.5,,,,,44.9,,,,,,47.8,52.6,201105,,53.6,,,60.3,,53.5,2024-04-06 18:41:27,52.1,,49.9,,,68.0,,58.7,,50.9,51.1,,,,,54.9,,70.3,,49.5,,62.0,52.0,,,,
2024-04-06 18:41:27,,,58.3,,,55.7,,,,,50.8,50.7,54.2,,156,50.6,,,,,45.6,,,,,,48.8,52.8,201104,,53.8,,,66.2,,53.4,2024-04-06 18:41:27,53.8,,50.6,,,69.2,,58.2,,51.8,51.3,,,,,55.3,,74.4,,52.0,,66.7,52.9,,,,
2024-04-06 18:41:27,,,55.5,,,50.3,,,,,51.3,51.4,51.8,,157,52.0,,,,,45.9,,,,,,48.6,52.8,201103,,54.1,,,68.3,,54.4,2024-04-06 18:41:27,55.2,,50.4,,,70.3,,59.2,,51.8,52.5,,,,,55.7,,75.6,,51.6,,63.0,53.4,,,,
2024-04-06 18:41:27,,,45.1,,,46.2,,,,,46.4,46.6,53.8,,158,53.9,,,,,44.9,,,,,,49.3,50.9,201102,,54.5,,,70.1,,54.1,2024-04-06 18:41:27,54.3,,48.2,,,68.7,,57.0,,48.9,50.9,,,,,53.8,,37.3,,49.5,,64.5,52.2,,,,
2024-04-06 18:41:27,,,53.1,,,49.6,,,,,47.9,46.5,53.7,,159,53.0,,,,,44.8,,,,,,47.9,46.8,201101,,57.7,,,69.3,,52.5,2024-04-06 18:41:27,54.9,,49.5,,,68.1,,57.2,,49.0,50.7,,,,,55.3,,40.3,,52.0,,64.7,52.9,,,,
2024-04-06 18:41:27,,,52.3,,,50.6,,,,,48.7,50.7,54.4,,160,50.4,,,,,45.5,,,,,,48.6,52.5,201012,,56.8,,,66.7,,53.3,2024-04-06 18:41:27,55.4,,49.6,,,66.7,,58.8,,51.5,53.5,,,,,57.5,,60.7,,50.8,,65.9,53.9,,,,
2024-04-06 18:41:27,,,50.1,,,47.3,,,,,47.7,50.5,54.8,,161,50.6,,,,,45.2,,,,,,48.9,51.3,201011,,57.4,,,73.5,,53.6,2024-04-06 18:41:27,58.3,,48.9,,,63.9,,58.9,,52.0,53.2,,,,,58.5,,60.5,,49.7,,66.6,55.2,,,,
2024-04-06 18:41:27,,,56.3,,,52.2,,,,,45.7,50.2,53.7,,162,52.8,,,,,46.0,,,,,,47.6,52.3,201010,,58.3,,,69.9,,53.3,2024-04-06 18:41:27,58.2,,49.3,,,63.7,,57.4,,52.1,52.6,,,,,57.1,,64.9,,49.5,,61.4,54.7,,,,
2024-04-06 18:41:27,,,56.9,,,51.4,,,,,45.0,50.9,52.6,,163,52.9,,,,,45.6,,,,,,48.0,52.7,201009,,56.2,,,65.3,,53.3,2024-04-06 18:41:27,56.3,,50.4,,,67.2,,57.9,,52.4,52.7,,,,,56.4,,69.5,,49.1,,59.8,53.8,,,,
2024-04-06 18:41:27,,,56.2,,,52.2,,,,,46.9,48.2,52.0,,164,48.4,,,,,44.5,,,,,,48.4,51.7,201008,,51.9,,,60.5,,53.0,2024-04-06 18:41:27,53.1,,50.7,,,67.1,,58.0,,51.7,52.2,,,,,53.1,,65.9,,47.3,,59.3,51.7,,,,
2024-04-06 18:41:27,,,55.8,,,55.8,,,,,49.9,46.8,49.1,,165,49.3,,,,,44.6,,,,,,48.7,52.7,201007,,52.2,,,50.4,,53.6,2024-04-06 18:41:27,50.9,,49.9,,,68.4,,57.1,,52.2,51.2,,,,,52.7,,70.7,,47.8,,56.4,51.2,,,,
2024-04-06 18:41:27,,,52.9,,,52.9,,,,,51.3,47.4,49.7,,166,50.4,,,,,45.4,,,,,,49.6,52.9,201006,,53.5,,,51.3,,53.3,2024-04-06 18:41:27,52.1,,50.0,,,68.3,,58.8,,50.6,51.7,,,,,55.8,,71.5,,49.4,,53.6,52.1,,,,
2024-04-06 18:41:27,,,57.0,,,53.8,,,,,49.8,49.7,50.9,,167,50.9,,,,,44.3,,,,,,47.9,52.2,201005,,56.0,,,58.9,,53.1,2024-04-06 18:41:27,54.8,,50.9,,,70.3,,58.1,,52.1,53.8,,,,,58.2,,72.4,,51.0,,58.9,53.9,,,,
2024-04-06 18:41:27,,,58.7,,,57.9,,,,,46.2,53.4,52.8,,168,53.1,,,,,46.1,,,,,,47.4,52.6,201004,,60.1,,,72.6,,54.0,2024-04-06 18:41:27,59.3,,51.1,,,71.2,,57.8,,53.2,54.5,,,,,59.1,,,,51.5,,64.0,55.7,,,,
2024-04-06 18:41:27,,,54.6,,,52.3,,,,,48.3,52.0,52.6,,169,53.7,,,,,43.9,,,,,,47.1,53.2,201003,,58.1,,,65.1,,52.9,2024-04-06 18:41:27,58.1,,50.5,,,70.4,,57.3,,52.9,54.5,,,,,58.4,,,,50.6,,57.9,55.1,,,,
2024-04-06 18:41:27,,,46.2,,,46.2,,,,,47.3,47.1,51.5,,170,49.1,,,,,44.4,,,,,,48.5,49.3,201002,,51.9,,,61.1,,52.0,2024-04-06 18:41:27,53.7,,49.7,,,68.0,,57.0,,49.9,50.3,,,,,54.3,,27.8,,48.1,,52.6,52.0,,,,
2024-04-06 18:41:27,,,52.6,,,48.3,,,,,47.3,49.9,51.9,,171,53.4,,,,,45.2,,,,,,47.4,50.5,201001,,60.5,,,68.5,,52.4,2024-04-06 18:41:27,59.9,,51.0,,,68.1,,58.1,,50.6,53.2,,,,,60.5,,41.0,,52.2,,56.6,55.8,,,,
2024-04-06 18:41:27,,,53.4,,,49.4,,,,,47.1,52.4,53.3,,172,52.5,,,,,46.1,,,,,,45.8,53.3,200912,,61.0,,,66.7,,53.1,2024-04-06 18:41:27,61.0,,50.8,,,65.7,,58.8,,52.2,52.6,,,,,61.4,,62.2,,51.4,,60.0,56.6,,,,
2024-04-06 18:41:27,,,49.1,,,47.2,,,,,45.4,50.9,53.4,,173,52.2,,,,,45.8,,,,,,47.2,51.3,200911,,58.2,,,63.4,,52.3,2024-04-06 18:41:27,58.4,,50.4,,,64.7,,58.4,,51.1,53.6,,,,,59.4,,58.8,,51.4,,59.5,55.2,,,,
2024-04-06 18:41:27,,,56.7,,,51.9,,,,,43.4,50.0,51.8,,174,52.8,,,,,44.2,,,,,,47.4,53.2,200910,,59.0,,,56.9,,52.5,2024-04-06 18:41:27,58.5,,50.7,,,64.2,,59.5,,52.4,54.5,,,,,59.3,,,,49.0,,55.0,55.2,,,,
2024-04-06 18:41:27,,,55.2,,,47.5,,,,,46.0,48.5,51.3,,175,50.7,,,,,44.1,,,,,,46.0,53.4,200909,,58.4,,,57.5,,52.1,2024-04-06 18:41:27,56.8,,51.0,,,64.7,,57.9,,53.2,53.3,,,,,58.0,,,,47.9,,56.6,54.3,,,,
2024-04-06 18:41:27,,,55.8,,,51.9,,,,,46.5,48.9,51.0,,176,51.3,,,,,43.6,,,,,,45.9,52.9,200908,,58.1,,,62.6,,52.1,2024-04-06 18:41:27,56.3,,50.4,,,68.8,,57.3,,51.4,52.1,,,,,57.9,,,,48.8,,55.7,54.0,,,,
2024-04-06 18:41:27,,,55.2,,,50.1,,,,,45.6,47.2,50.8,,177,48.9,,,,,44.9,,,,,,45.4,52.8,200907,,55.7,,,59.9,,51.4,2024-04-06 18:41:27,55.5,,50.8,,,67.1,,57.3,,50.8,52.1,,,,,57.3,,,,48.1,,57.3,53.3,,,,
2024-04-06 18:41:27,,,51.2,,,46.9,,,,,45.0,46.7,51.8,,178,49.9,,,,,43.8,,,,,,45.3,53.2,200906,,55.6,,,57.8,,51.0,2024-04-06 18:41:27,55.5,,50.1,,,65.3,,55.4,,50.1,51.4,,,,,57.1,,,,47.4,,58.0,53.2,,,,
2024-04-06 18:41:27,,,56.9,,,47.3,,,,,46.2,48.8,49.9,,179,49.4,,,,,44.5,,,,,,45.6,52.8,200905,,55.8,,,53.1,,50.9,2024-04-06 18:41:27,56.2,,50.2,,,64.8,,54.9,,49.9,50.1,,,,,56.9,,69.3,,46.1,,55.5,53.1,,,,
2024-04-06 18:41:27,,,54.6,,,48.1,,,,,44.8,48.9,48.3,,180,50.0,,,,,43.3,,,,,,45.9,52.1,200904,,56.2,,,51.3,,49.6,2024-04-06 18:41:27,56.6,,50.6,,,66.2,,53.5,,50.3,49.1,,,,,57.4,,69.8,,46.9,,54.5,53.5,,,,
2024-04-06 18:41:27,,,52.7,,,43.6,,,,,46.7,48.8,47.4,,181,48.8,,,,,42.8,,,,,,46.7,52.2,200903,,54.0,,,48.3,,50.5,2024-04-06 18:41:27,54.6,,51.3,,,62.7,,54.4,,48.6,47.5,,,,,56.9,,70.3,,47.5,,49.7,52.4,,,,
2024-04-06 18:41:27,,,42.4,,,39.6,,,,,47.7,44.2,47.0,,182,41.8,,,,,43.4,,,,,,45.9,50.7,200902,,49.5,,,46.5,,50.8,2024-04-06 18:41:27,50.4,,51.3,,,58.6,,55.1,,46.1,43.4,,,,,51.2,,45.1,,45.6,,48.8,49.0,,,,
2024-04-06 18:41:27,,,47.7,,,43.0,,,,,43.5,39.2,46.5,,183,39.9,,,,,42.4,,,,,,45.3,51.6,200901,,44.3,,,41.5,,51.0,2024-04-06 18:41:27,45.0,,50.6,,,54.9,,53.7,,43.0,33.7,,,,,45.5,,,,43.9,,51.5,45.3,,,,
2024-04-06 18:41:27,,,44.0,,,38.4,,,,,44.7,35.8,44.4,,184,33.3,,,,,41.4,,,,,,44.7,51.6,200812,,36.2,,,32.7,,50.0,2024-04-06 18:41:27,37.3,,50.4,,,53.2,,50.8,,43.3,30.7,,,,,39.4,,55.4,,40.6,,46.9,41.2,,,,
2024-04-06 18:41:27,,,41.1,,,38.7,,,,,50.8,36.0,45.1,,185,32.2,,,,,40.9,,,,,,48.2,50.8,200811,,34.2,,,26.6,,51.1,2024-04-06 18:41:27,32.3,,50.7,,,54.5,,51.2,,44.3,29.0,,,,,35.5,,57.3,,39.5,,47.8,38.8,,,,
2024-04-06 18:41:27,,,52.4,,,49.2,,,,,51.4,40.7,47.9,,186,39.4,,,,,43.0,,,,,,48.5,51.7,200810,,42.4,,,32.3,,51.6,2024-04-06 18:41:27,41.7,,50.8,,,59.6,,53.1,,47.0,41.4,,,,,44.3,,63.7,,42.6,,52.4,44.6,,,,
2024-04-06 18:41:27,,,53.8,,,47.6,,,,,50.5,47.3,48.9,,187,46.4,,,,,41.8,,,,,,48.3,52.1,200809,,50.8,,,44.7,,52.1,2024-04-06 18:41:27,51.3,,50.8,,,64.4,,55.0,,50.3,48.8,,,,,54.6,,63.2,,47.5,,57.0,51.2,,,,
2024-04-06 18:41:27,,,51.4,,,47.4,,,,,49.0,45.4,49.8,,188,45.3,,,,,42.4,,,,,,47.3,50.8,200808,,46.9,,,57.8,,51.6,2024-04-06 18:41:27,46.0,,49.5,,,65.9,,52.9,,50.7,48.4,,,,,48.7,,63.9,,46.8,,61.0,48.4,,,,
2024-04-06 18:41:27,,,54.1,,,51.0,,,,,47.8,45.4,52.5,,189,45.4,,,,,41.9,,,,,,48.7,50.4,200807,,47.1,,,71.3,,51.1,2024-04-06 18:41:27,46.2,,48.5,,,66.7,,55.7,,50.6,46.7,,,,,47.4,,68.3,,48.0,,67.5,48.4,,,,
2024-04-06 18:41:27,,,51.0,,,48.4,,,,,49.5,47.1,54.5,,190,50.9,,,,,42.8,,,,,,48.3,51.5,200806,,53.5,,,75.7,,52.5,2024-04-06 18:41:27,52.6,,47.8,,,68.1,,57.4,,50.3,50.2,,,,,54.2,,71.5,,47.8,,70.4,52.0,,,,
2024-04-06 18:41:27,,,56.0,,,51.8,,,,,48.7,49.3,52.4,,191,50.3,,,,,43.0,,,,,,48.6,51.6,200805,,53.7,,,73.9,,53.1,2024-04-06 18:41:27,55.4,,48.8,,,68.9,,57.4,,51.2,53.4,,,,,55.7,,70.5,,48.1,,66.5,53.3,,,,
2024-04-06 18:41:27,,,57.9,,,56.3,,,,,47.2,53.4,52.4,,192,56.1,,,,,42.9,,,,,,47.6,52.5,200804,,64.6,,,75.1,,53.5,2024-04-06 18:41:27,65.0,,51.0,,,71.5,,58.4,,52.9,58.9,,,,,66.5,,78.1,,51.2,,66.3,59.2,,,,
2024-04-06 18:41:27,,,56.9,,,54.8,,,,,47.3,54.6,53.1,,193,57.5,,,,,44.1,,,,,,48.0,53.5,200803,,64.0,,,74.6,,53.7,2024-04-06 18:41:27,63.8,,50.5,,,72.4,,58.9,,53.4,59.1,,,,,64.1,,75.9,,50.8,,66.5,58.4,,,,
2024-04-06 18:41:27,,,46.4,,,47.4,,,,,47.3,50.9,53.1,,194,50.7,,,,,43.5,,,,,,47.4,48.3,200802,,54.6,,,70.1,,53.4,2024-04-06 18:41:27,56.9,,46.5,,,71.8,,59.3,,49.8,51.3,,,,,55.4,,33.2,,45.1,,65.4,53.4,,,,
2024-04-06 18:41:27,,,54.4,,,53.2,,,,,48.4,48.6,53.9,,195,51.3,,,,,42.5,,,,,,49.1,52.0,200801,,56.9,,,67.7,,53.4,2024-04-06 18:41:27,55.2,,49.7,,,71.4,,60.2,,49.7,49.0,,,,,56.1,,,,49.2,,65.6,53.0,,,,
2024-04-06 18:41:27,,,57.2,,,54.7,,,,,47.2,49.4,53.3,,196,54.3,,,,,44.0,,,,,,48.2,52.5,200712,,58.7,,,69.0,,53.5,2024-04-06 18:41:27,59.6,,52.4,,,71.9,,60.2,,51.6,54.3,,,,,59.5,,,,50.7,,66.2,55.3,,,,
2024-04-06 18:41:27,,,58.2,,,55.2,,,,,48.6,51.3,53.8,,197,53.3,,,,,42.4,,,,,,46.8,51.8,200711,,59.4,,,70.1,,53.8,2024-04-06 18:41:27,59.4,,51.6,,,71.1,,60.6,,51.2,53.8,,,,,60.1,,,,50.4,,65.5,55.4,,,,
2024-04-06 18:41:27,,,57.6,,,54.7,,,,,47.6,51.2,54.5,,198,51.6,,,,,43.9,,,,,,47.4,53.3,200710,,56.2,,,66.1,,53.5,2024-04-06 18:41:27,56.4,,51.6,,,71.8,,61.4,,52.1,53.6,,,,,54.9,,,,48.5,,66.2,53.2,,,,
2024-04-06 18:41:27,,,57.9,,,54.7,,,,,47.4,51.3,53.6,,199,53.7,,,,,44.8,,,,,,47.9,53.7,200709,,59.6,,,65.6,,53.5,2024-04-06 18:41:27,60.7,,51.7,,,70.7,,61.9,,51.8,55.1,,,,,61.7,,,,48.4,,63.2,56.1,,,,
2024-04-06 18:41:27,,,57.0,,,54.3,,,,,45.7,48.9,53.5,,200,52.3,,,,,46.2,,,,,,46.7,53.2,200708,,56.1,,,63.0,,53.2,2024-04-06 18:41:27,56.3,,51.1,,,70.7,,61.7,,52.1,55.2,,,,,57.1,,,,50.3,,62.8,54.0,,,,
2024-04-06 18:41:27,,,55.7,,,52.3,,,,,47.5,48.8,52.3,,201,50.4,,,,,43.5,,,,,,45.2,52.5,200707,,54.1,,,58.9,,52.5,2024-04-06 18:41:27,56.0,,51.2,,,71.4,,59.4,,51.1,53.5,,,,,55.7,,,,50.4,,61.2,53.3,,,,
2024-04-06 18:41:27,,,56.3,,,50.1,,,,,47.3,50.3,51.5,,202,53.6,,,,,43.9,,,,,,46.7,52.9,200706,,56.7,,,62.8,,53.3,2024-04-06 18:41:27,57.4,,52.0,,,72.2,,60.0,,51.3,55.0,,,,,59.7,,,,49.1,,59.5,54.5,,,,
2024-04-06 18:41:27,,,57.5,,,55.3,,,,,44.5,51.5,51.5,,203,51.5,,,,,43.3,,,,,,47.6,54.3,200705,,58.5,,,65.9,,52.8,2024-04-06 18:41:27,60.4,,51.8,,,72.6,,62.2,,51.3,57.7,,,,,60.9,,,,49.1,,60.8,55.7,,,,
2024-04-06 18:41:27,,,57.2,,,54.9,,,,,46.8,53.3,50.4,,204,56.3,,,,,43.5,,,,,,48.1,54.8,200704,,63.4,,,64.9,,53.7,2024-04-06 18:41:27,65.1,,51.9,,,72.6,,60.4,,52.4,62.3,,,,,65.5,,,,50.3,,57.9,58.6,,,,
2024-04-06 18:41:27,,,56.9,,,54.6,,,,,45.8,55.1,49.6,,205,56.4,,,,,42.5,,,,,,48.7,54.4,200703,,60.5,,,58.3,,52.5,2024-04-06 18:41:27,60.8,,51.7,,,72.2,,58.2,,51.9,61.5,,,,,60.7,,,,50.8,,56.9,56.1,,,,
2024-04-06 18:41:27,,,57.9,,,55.5,,,,,44.0,49.1,50.4,,206,51.6,,,,,43.3,,,,,,50.1,52.2,200702,,57.6,,,55.9,,53.1,2024-04-06 18:41:27,57.1,,50.6,,,73.2,,60.6,,48.5,53.0,,,,,56.6,,,,47.4,,58.8,53.1,,,,
2024-04-06 18:41:27,,,57.3,,,52.4,,,,,45.5,52.0,49.9,,207,55.0,,,,,42.6,,,,,,46.5,52.8,200701,,59.7,,,55.4,,53.2,2024-04-06 18:41:27,59.6,,52.6,,,75.4,,60.4,,50.1,55.2,,,,,60.3,,,,50.6,,59.3,55.1,,,,
2024-04-06 18:41:27,,,,,,,,,,,46.5,50.3,,,208,52.4,,,,,,,,,,,,,200612,,56.9,,,57.5,,,2024-04-06 18:41:27,58.9,,52.0,,,,,,,51.0,55.0,,,,,59.2,,,,49.5,,,54.8,,,,
2024-04-06 18:41:27,,,,,,,,,,,45.2,49.5,,,209,52.0,,,,,,,,,,,,,200611,,59.9,,,55.3,,,2024-04-06 18:41:27,59.6,,51.9,,,,,,,50.5,57.1,,,,,61.0,,,,48.8,,,55.3,,,,
2024-04-06 18:41:27,,,,,,,,,,,44.0,49.6,,,210,52.0,,,,,,,,,,,,,200610,,58.3,,,53.5,,,2024-04-06 18:41:27,59.7,,52.2,,,,,,,51.5,57.4,,,,,58.2,,,,47.8,,,54.7,,,,
2024-04-06 18:41:27,,,,,,,,,,,44.7,53.2,,,211,54.8,,,,,,,,,,,,,200609,,61.7,,,56.7,,,2024-04-06 18:41:27,62.7,,52.6,,,,,,,52.9,60.2,,,,,62.0,,,,50.1,,,57.0,,,,
2024-04-06 18:41:27,,,,,,,,,,,44.5,50.0,,,212,49.6,,,,,,,,,,,,,200608,,54.9,,,59.7,,,2024-04-06 18:41:27,57.3,,51.8,,,,,,,50.9,55.0,,,,,56.0,,,,45.1,,,53.1,,,,
2024-04-06 18:41:27,,,,,,,,,,,48.0,48.0,,,213,50.4,,,,,,,,,,,,,200607,,52.1,,,60.0,,,2024-04-06 18:41:27,54.4,,51.5,,,,,,,51.3,55.2,,,,,55.5,,,,46.8,,,52.4,,,,
2024-04-06 18:41:27,,,,,,,,,,,46.8,50.6,,,214,51.5,,,,,,,,,,,,,200606,,53.9,,,64.1,,,2024-04-06 18:41:27,57.3,,50.6,,,,,,,50.8,58.0,,,,,58.7,,,,46.6,,,54.1,,,,
2024-04-06 18:41:27,,,,,,,,,,,42.9,50.9,,,215,54.8,,,,,,,,,,,,,200605,,57.5,,,63.4,,,2024-04-06 18:41:27,61.0,,51.8,,,,,,,50.1,58.9,,,,,58.7,,,,45.6,,,54.8,,,,
2024-04-06 18:41:27,,,,,,,,,,,44.8,51.8,,,216,57.0,,,,,,,,,,,,,200604,,62.7,,,63.3,,,2024-04-06 18:41:27,65.1,,50.9,,,,,,,50.5,61.7,,,,,65.1,,,,47.9,,,58.1,,,,
2024-04-06 18:41:27,,,,,,,,,,,46.8,53.4,,,217,55.5,,,,,,,,,,,,,200603,,59.1,,,55.1,,,2024-04-06 18:41:27,60.7,,50.8,,,,,,,51.4,58.7,,,,,58.2,,,,48.9,,,55.3,,,,
2024-04-06 18:41:27,,,,,,,,,,,45.9,48.7,,,218,50.8,,,,,,,,,,,,,200602,,54.8,,,55.4,,,2024-04-06 18:41:27,55.7,,50.2,,,,,,,50.3,53.8,,,,,53.2,,,,45.7,,,52.1,,,,
2024-04-06 18:41:27,,,,,,,,,,,44.6,46.0,,,219,49.7,,,,,,,,,,,,,200601,,55.3,,,54.0,,,2024-04-06 18:41:27,55.7,,50.6,,,,,,,48.8,50.4,,,,,53.9,,,,47.4,,,52.1,,,,
2024-04-06 18:41:27,,,,,,,,,,,44.7,48.8,,,220,50.9,,,,,,,,,,,,,200512,,57.0,,,49.5,,,2024-04-06 18:41:27,58.9,,52.8,,,,,,,50.4,56.4,,,,,58.7,,,,48.1,,,54.3,,,,
2024-04-06 18:41:27,,,,,,,,,,,44.8,48.1,,,221,51.7,,,,,,,,,,,,,200511,,55.6,,,47.9,,,2024-04-06 18:41:27,58.0,,52.4,,,,,,,50.9,57.6,,,,,58.8,,,,46.4,,,54.1,,,,
2024-04-06 18:41:27,,,,,,,,,,,46.2,48.4,,,222,52.0,,,,,,,,,,,,,200510,,58.4,,,50.8,,,2024-04-06 18:41:27,58.1,,52.0,,,,,,,50.1,55.1,,,,,59.7,,,,45.5,,,54.1,,,,
2024-04-06 18:41:27,,,,,,,,,,,45.8,49.4,,,223,54.3,,,,,,,,,,,,,200509,,58.1,,,52.8,,,2024-04-06 18:41:27,58.4,,51.5,,,,,,,51.3,57.2,,,,,61.0,,,,48.0,,,55.1,,,,
2024-04-06 18:41:27,,,,,,,,,,,44.2,47.7,,,224,49.1,,,,,,,,,,,,,200508,,53.3,,,53.7,,,2024-04-06 18:41:27,55.0,,51.1,,,,,,,51.8,52.9,,,,,55.8,,,,44.3,,,52.6,,,,
2024-04-06 18:41:27,,,,,,,,,,,46.6,46.4,,,225,50.9,,,,,,,,,,,,,200507,,51.3,,,50.6,,,2024-04-06 18:41:27,53.2,,51.7,,,,,,,50.8,52.8,,,,,53.3,,,,43.7,,,51.1,,,,
2024-04-06 18:41:27,,,,,,,,,,,48.1,48.4,,,226,49.8,,,,,,,,,,,,,200506,,53.2,,,49.8,,,2024-04-06 18:41:27,53.4,,50.7,,,,,,,49.9,56.1,,,,,55.7,,,,44.2,,,51.7,,,,
2024-04-06 18:41:27,,,,,,,,,,,45.8,47.9,,,227,49.4,,,,,,,,,,,,,200505,,54.1,,,53.5,,,2024-04-06 18:41:27,55.6,,50.5,,,,,,,50.0,58.2,,,,,57.0,,,,45.2,,,52.9,,,,
2024-04-06 18:41:27,,,,,,,,,,,46.5,50.9,,,228,54.2,,,,,,,,,,,,,200504,,61.0,,,65.2,,,2024-04-06 18:41:27,61.3,,50.4,,,,,,,51.8,60.3,,,,,62.7,,,,48.4,,,56.7,,,,
2024-04-06 18:41:27,,,,,,,,,,,46.9,50.6,,,229,56.9,,,,,,,,,,,,,200503,,62.8,,,71.5,,,2024-04-06 18:41:27,63.5,,50.2,,,,,,,51.7,63.9,,,,,65.2,,,,47.7,,,57.9,,,,
2024-04-06 18:41:27,,,,,,,,,,,47.4,49.8,,,230,55.2,,,,,,,,,,,,,200502,,60.0,,,64.8,,,2024-04-06 18:41:27,61.5,,50.6,,,,,,,49.7,59.9,,,,,55.6,,,,47.8,,,54.5,,,,
2024-04-06 18:41:27,,,,,,,,,,,46.6,46.6,,,231,54.3,,,,,,,,,,,,,200501,,59.0,,,63.7,,,2024-04-06 18:41:27,60.7,,50.7,,,,,,,48.5,58.3,,,,,57.6,,,,50.1,,,54.7,,,,
